[21:38:28] [INFO   ] Iniciando o turno de lavagem de pratos... 
[21:38:28] [INFO   ] O programa vai rodar por 2 minutos... 
[21:38:28] [FINE   ] Lavador pegou o prato #1 (Sujeira: ENGORDURADO) 
[21:38:28] [FINE   ] Lavador terminou de lavar o prato #1 
[21:38:28] [FINE   ] Lavador colocou o prato #1 no escorredor. 
[21:38:28] [FINE   ] Escorredor VAZIO! Quantidade de pratos: 0 
[21:38:28] [FINE   ] Lavador pegou o prato #2 (Sujeira: MEDIO) 
[21:38:28] [FINE   ] Enxugador pegou o prato #1 do escorredor. 
[21:38:28] [FINE   ] Lavador terminou de lavar o prato #2 
[21:38:28] [FINE   ] Lavador colocou o prato #2 no escorredor. 
[21:38:28] [FINE   ] Lavador pegou o prato #3 (Sujeira: BAIXO) 
[21:38:28] [FINE   ] Lavador terminou de lavar o prato #3 
[21:38:28] [FINE   ] Lavador colocou o prato #3 no escorredor. 
[21:38:28] [FINE   ] Lavador pegou o prato #4 (Sujeira: MEDIO) 
[21:38:28] [FINE   ] Enxugador terminou de secar o prato #1 em 9ms. 
[21:38:28] [FINE   ] Enxugador pegou o prato #2 do escorredor. 
[21:38:28] [FINE   ] Lavador terminou de lavar o prato #4 
[21:38:28] [FINE   ] Lavador colocou o prato #4 no escorredor. 
[21:38:28] [FINE   ] Lavador pegou o prato #5 (Sujeira: MEDIO) 
[21:38:28] [FINE   ] Enxugador terminou de secar o prato #2 em 7ms. 
[21:38:28] [FINE   ] Enxugador pegou o prato #3 do escorredor. 
[21:38:28] [FINE   ] Lavador terminou de lavar o prato #5 
[21:38:28] [FINE   ] Lavador colocou o prato #5 no escorredor. 
[21:38:28] [FINE   ] Lavador pegou o prato #6 (Sujeira: MEDIO) 
[21:38:28] [FINE   ] Enxugador terminou de secar o prato #3 em 5ms. 
[21:38:28] [FINE   ] Enxugador pegou o prato #4 do escorredor. 
[21:38:28] [FINE   ] Enxugador terminou de secar o prato #4 em 5ms. 
[21:38:28] [FINE   ] Lavador terminou de lavar o prato #6 
[21:38:28] [FINE   ] Escorredor VAZIO! Quantidade de pratos: 0 
[21:38:28] [FINE   ] Lavador colocou o prato #6 no escorredor. 
[21:38:28] [FINE   ] Enxugador pegou o prato #5 do escorredor. 
[21:38:28] [FINE   ] Lavador pegou o prato #7 (Sujeira: BAIXO) 
[21:38:28] [FINE   ] Lavador terminou de lavar o prato #7 
[21:38:28] [FINE   ] Lavador colocou o prato #7 no escorredor. 
[21:38:28] [FINE   ] Lavador pegou o prato #8 (Sujeira: MEDIO) 
[21:38:28] [FINE   ] Enxugador terminou de secar o prato #5 em 8ms. 
[21:38:28] [FINE   ] Enxugador pegou o prato #6 do escorredor. 
[21:38:28] [FINE   ] Lavador terminou de lavar o prato #8 
[21:38:28] [FINE   ] Lavador colocou o prato #8 no escorredor. 
[21:38:28] [FINE   ] Lavador pegou o prato #9 (Sujeira: ENGORDURADO) 
[21:38:28] [FINE   ] Enxugador terminou de secar o prato #6 em 9ms. 
[21:38:28] [FINE   ] Enxugador pegou o prato #7 do escorredor. 
[21:38:28] [FINE   ] Lavador terminou de lavar o prato #9 
[21:38:28] [FINE   ] Lavador colocou o prato #9 no escorredor. 
[21:38:28] [FINE   ] Lavador pegou o prato #10 (Sujeira: MEDIO) 
[21:38:28] [FINE   ] Enxugador terminou de secar o prato #7 em 6ms. 
[21:38:28] [FINE   ] Enxugador pegou o prato #8 do escorredor. 
[21:38:28] [FINE   ] Enxugador terminou de secar o prato #8 em 4ms. 
[21:38:28] [FINE   ] Lavador terminou de lavar o prato #10 
[21:38:28] [FINE   ] Escorredor VAZIO! Quantidade de pratos: 0 
[21:38:28] [FINE   ] Enxugador pegou o prato #9 do escorredor. 
[21:38:28] [FINE   ] Lavador colocou o prato #10 no escorredor. 
[21:38:28] [FINE   ] Lavador pegou o prato #11 (Sujeira: MEDIO) 
[21:38:28] [FINE   ] Lavador terminou de lavar o prato #11 
[21:38:28] [FINE   ] Lavador colocou o prato #11 no escorredor. 
[21:38:28] [FINE   ] Lavador pegou o prato #12 (Sujeira: BAIXO) 
[21:38:28] [FINE   ] Enxugador terminou de secar o prato #9 em 6ms. 
[21:38:28] [FINE   ] Enxugador pegou o prato #10 do escorredor. 
[21:38:28] [FINE   ] Lavador terminou de lavar o prato #12 
[21:38:28] [FINE   ] Lavador colocou o prato #12 no escorredor. 
[21:38:28] [FINE   ] Lavador pegou o prato #13 (Sujeira: BAIXO) 
[21:38:28] [FINE   ] Enxugador terminou de secar o prato #10 em 8ms. 
[21:38:28] [FINE   ] Lavador terminou de lavar o prato #13 
[21:38:28] [FINE   ] Enxugador pegou o prato #11 do escorredor. 
[21:38:28] [FINE   ] Lavador colocou o prato #13 no escorredor. 
[21:38:28] [FINE   ] Lavador pegou o prato #14 (Sujeira: BAIXO) 
[21:38:28] [FINE   ] Enxugador terminou de secar o prato #11 em 4ms. 
[21:38:28] [FINE   ] Lavador terminou de lavar o prato #14 
[21:38:28] [FINE   ] Enxugador pegou o prato #12 do escorredor. 
[21:38:28] [FINE   ] Lavador colocou o prato #14 no escorredor. 
[21:38:28] [FINE   ] Lavador pegou o prato #15 (Sujeira: MEDIO) 
[21:38:28] [FINE   ] Enxugador terminou de secar o prato #12 em 6ms. 
[21:38:28] [FINE   ] Lavador terminou de lavar o prato #15 
[21:38:28] [FINE   ] Enxugador pegou o prato #13 do escorredor. 
[21:38:28] [FINE   ] Lavador colocou o prato #15 no escorredor. 
[21:38:28] [FINE   ] Lavador pegou o prato #16 (Sujeira: ENGORDURADO) 
[21:38:28] [FINE   ] Enxugador terminou de secar o prato #13 em 7ms. 
[21:38:28] [FINE   ] Enxugador pegou o prato #14 do escorredor. 
[21:38:28] [FINE   ] Lavador terminou de lavar o prato #16 
[21:38:28] [FINE   ] Lavador colocou o prato #16 no escorredor. 
[21:38:28] [FINE   ] Lavador pegou o prato #17 (Sujeira: MEDIO) 
[21:38:28] [FINE   ] Enxugador terminou de secar o prato #14 em 3ms. 
[21:38:28] [FINE   ] Enxugador pegou o prato #15 do escorredor. 
[21:38:28] [FINE   ] Lavador terminou de lavar o prato #17 
[21:38:28] [FINE   ] Lavador colocou o prato #17 no escorredor. 
[21:38:28] [FINE   ] Lavador pegou o prato #18 (Sujeira: ENGORDURADO) 
[21:38:28] [FINE   ] Enxugador terminou de secar o prato #15 em 10ms. 
[21:38:28] [FINE   ] Enxugador pegou o prato #16 do escorredor. 
[21:38:28] [FINE   ] Enxugador terminou de secar o prato #16 em 7ms. 
[21:38:28] [FINE   ] Escorredor VAZIO! Quantidade de pratos: 0 
[21:38:28] [FINE   ] Enxugador pegou o prato #17 do escorredor. 
[21:38:28] [FINE   ] Lavador terminou de lavar o prato #18 
[21:38:28] [FINE   ] Lavador colocou o prato #18 no escorredor. 
[21:38:28] [FINE   ] Lavador pegou o prato #19 (Sujeira: MEDIO) 
[21:38:28] [FINE   ] Lavador terminou de lavar o prato #19 
[21:38:28] [FINE   ] Lavador colocou o prato #19 no escorredor. 
[21:38:28] [FINE   ] Lavador pegou o prato #20 (Sujeira: MEDIO) 
[21:38:28] [FINE   ] Lavador terminou de lavar o prato #20 
[21:38:28] [FINE   ] Lavador colocou o prato #20 no escorredor. 
[21:38:28] [FINE   ] Enxugador terminou de secar o prato #17 em 10ms. 
[21:38:28] [FINE   ] Lavador pegou o prato #21 (Sujeira: MEDIO) 
[21:38:28] [FINE   ] Enxugador pegou o prato #18 do escorredor. 
[21:38:28] [FINE   ] Enxugador terminou de secar o prato #18 em 5ms. 
[21:38:28] [FINE   ] Lavador terminou de lavar o prato #21 
[21:38:28] [FINE   ] Enxugador pegou o prato #19 do escorredor. 
[21:38:28] [FINE   ] Lavador colocou o prato #21 no escorredor. 
[21:38:28] [FINE   ] Lavador pegou o prato #22 (Sujeira: MEDIO) 
[21:38:28] [FINE   ] Enxugador terminou de secar o prato #19 em 5ms. 
[21:38:28] [FINE   ] Enxugador pegou o prato #20 do escorredor. 
[21:38:28] [FINE   ] Lavador terminou de lavar o prato #22 
[21:38:28] [FINE   ] Lavador colocou o prato #22 no escorredor. 
[21:38:28] [FINE   ] Lavador pegou o prato #23 (Sujeira: ENGORDURADO) 
[21:38:28] [FINE   ] Enxugador terminou de secar o prato #20 em 5ms. 
[21:38:28] [FINE   ] Enxugador pegou o prato #21 do escorredor. 
[21:38:28] [FINE   ] Enxugador terminou de secar o prato #21 em 5ms. 
[21:38:28] [FINE   ] Escorredor VAZIO! Quantidade de pratos: 0 
[21:38:28] [FINE   ] Enxugador pegou o prato #22 do escorredor. 
[21:38:28] [FINE   ] Lavador terminou de lavar o prato #23 
[21:38:28] [FINE   ] Lavador colocou o prato #23 no escorredor. 
[21:38:28] [FINE   ] Lavador pegou o prato #24 (Sujeira: MEDIO) 
[21:38:28] [FINE   ] Lavador terminou de lavar o prato #24 
[21:38:28] [FINE   ] Enxugador terminou de secar o prato #22 em 7ms. 
[21:38:28] [FINE   ] Lavador colocou o prato #24 no escorredor. 
[21:38:28] [FINE   ] Enxugador pegou o prato #23 do escorredor. 
[21:38:28] [FINE   ] Lavador pegou o prato #25 (Sujeira: BAIXO) 
[21:38:28] [FINE   ] Lavador terminou de lavar o prato #25 
[21:38:28] [FINE   ] Lavador colocou o prato #25 no escorredor. 
[21:38:28] [FINE   ] Lavador pegou o prato #26 (Sujeira: MEDIO) 
[21:38:28] [FINE   ] Lavador terminou de lavar o prato #26 
[21:38:28] [FINE   ] Lavador colocou o prato #26 no escorredor. 
[21:38:28] [FINE   ] Lavador pegou o prato #27 (Sujeira: BAIXO) 
[21:38:28] [FINE   ] Enxugador terminou de secar o prato #23 em 10ms. 
[21:38:28] [FINE   ] Enxugador pegou o prato #24 do escorredor. 
[21:38:28] [FINE   ] Lavador terminou de lavar o prato #27 
[21:38:28] [FINE   ] Lavador colocou o prato #27 no escorredor. 
[21:38:28] [FINE   ] Lavador pegou o prato #28 (Sujeira: ENGORDURADO) 
[21:38:28] [FINE   ] Enxugador terminou de secar o prato #24 em 3ms. 
[21:38:28] [FINE   ] Enxugador pegou o prato #25 do escorredor. 
[21:38:28] [FINE   ] Enxugador terminou de secar o prato #25 em 3ms. 
[21:38:28] [FINE   ] Enxugador pegou o prato #26 do escorredor. 
[21:38:28] [FINE   ] Lavador terminou de lavar o prato #28 
[21:38:28] [FINE   ] Lavador colocou o prato #28 no escorredor. 
[21:38:28] [FINE   ] Lavador pegou o prato #29 (Sujeira: MEDIO) 
[21:38:28] [FINE   ] Lavador terminou de lavar o prato #29 
[21:38:28] [FINE   ] Lavador colocou o prato #29 no escorredor. 
[21:38:28] [FINE   ] Lavador pegou o prato #30 (Sujeira: MEDIO) 
[21:38:28] [FINE   ] Lavador terminou de lavar o prato #30 
[21:38:28] [FINE   ] Lavador colocou o prato #30 no escorredor. 
[21:38:28] [FINE   ] Lavador pegou o prato #31 (Sujeira: MEDIO) 
[21:38:28] [FINE   ] Lavador terminou de lavar o prato #31 
[21:38:28] [FINE   ] Lavador colocou o prato #31 no escorredor. 
[21:38:28] [FINE   ] Enxugador terminou de secar o prato #26 em 10ms. 
[21:38:28] [FINE   ] Lavador pegou o prato #32 (Sujeira: BAIXO) 
[21:38:28] [FINE   ] Enxugador pegou o prato #27 do escorredor. 
[21:38:28] [FINE   ] Lavador terminou de lavar o prato #32 
[21:38:28] [FINE   ] Lavador colocou o prato #32 no escorredor. 
[21:38:28] [FINE   ] Lavador pegou o prato #33 (Sujeira: BAIXO) 
[21:38:28] [FINE   ] Enxugador terminou de secar o prato #27 em 6ms. 
[21:38:28] [FINE   ] Enxugador pegou o prato #28 do escorredor. 
[21:38:28] [FINE   ] Lavador terminou de lavar o prato #33 
[21:38:28] [FINE   ] Lavador colocou o prato #33 no escorredor. 
[21:38:28] [FINE   ] Lavador pegou o prato #34 (Sujeira: MEDIO) 
[21:38:28] [FINE   ] Enxugador terminou de secar o prato #28 em 5ms. 
[21:38:28] [FINE   ] Enxugador pegou o prato #29 do escorredor. 
[21:38:28] [FINE   ] Lavador terminou de lavar o prato #34 
[21:38:28] [FINE   ] Lavador colocou o prato #34 no escorredor. 
[21:38:28] [FINE   ] Lavador pegou o prato #35 (Sujeira: BAIXO) 
[21:38:28] [FINE   ] Enxugador terminou de secar o prato #29 em 5ms. 
[21:38:28] [FINE   ] Enxugador pegou o prato #30 do escorredor. 
[21:38:28] [FINE   ] Lavador terminou de lavar o prato #35 
[21:38:28] [FINE   ] Lavador colocou o prato #35 no escorredor. 
[21:38:28] [FINE   ] Lavador pegou o prato #36 (Sujeira: MEDIO) 
[21:38:28] [FINE   ] Enxugador terminou de secar o prato #30 em 3ms. 
[21:38:28] [FINE   ] Enxugador pegou o prato #31 do escorredor. 
[21:38:28] [FINE   ] Lavador terminou de lavar o prato #36 
[21:38:28] [FINE   ] Lavador colocou o prato #36 no escorredor. 
[21:38:28] [FINE   ] Lavador pegou o prato #37 (Sujeira: MEDIO) 
[21:38:28] [FINE   ] Lavador terminou de lavar o prato #37 
[21:38:28] [FINE   ] Lavador colocou o prato #37 no escorredor. 
[21:38:28] [FINE   ] Lavador pegou o prato #38 (Sujeira: BAIXO) 
[21:38:28] [FINE   ] Enxugador terminou de secar o prato #31 em 10ms. 
[21:38:28] [FINE   ] Enxugador pegou o prato #32 do escorredor. 
[21:38:28] [FINE   ] Lavador terminou de lavar o prato #38 
[21:38:28] [FINE   ] Lavador colocou o prato #38 no escorredor. 
[21:38:28] [FINE   ] Lavador pegou o prato #39 (Sujeira: MEDIO) 
[21:38:28] [FINE   ] Enxugador terminou de secar o prato #32 em 3ms. 
[21:38:28] [FINE   ] Enxugador pegou o prato #33 do escorredor. 
[21:38:28] [FINE   ] Lavador terminou de lavar o prato #39 
[21:38:28] [FINE   ] Lavador colocou o prato #39 no escorredor. 
[21:38:28] [FINE   ] Lavador pegou o prato #40 (Sujeira: MEDIO) 
[21:38:28] [FINE   ] Enxugador terminou de secar o prato #33 em 7ms. 
[21:38:28] [FINE   ] Enxugador pegou o prato #34 do escorredor. 
[21:38:28] [FINE   ] Lavador terminou de lavar o prato #40 
[21:38:28] [FINE   ] Lavador colocou o prato #40 no escorredor. 
[21:38:28] [FINE   ] Lavador pegou o prato #41 (Sujeira: BAIXO) 
[21:38:28] [FINE   ] Enxugador terminou de secar o prato #34 em 7ms. 
[21:38:28] [FINE   ] Enxugador pegou o prato #35 do escorredor. 
[21:38:28] [FINE   ] Lavador terminou de lavar o prato #41 
[21:38:28] [FINE   ] Lavador colocou o prato #41 no escorredor. 
[21:38:28] [FINE   ] Lavador pegou o prato #42 (Sujeira: MEDIO) 
[21:38:28] [FINE   ] Lavador terminou de lavar o prato #42 
[21:38:28] [FINE   ] Lavador colocou o prato #42 no escorredor. 
[21:38:28] [FINE   ] Lavador pegou o prato #43 (Sujeira: MEDIO) 
[21:38:28] [FINE   ] Enxugador terminou de secar o prato #35 em 7ms. 
[21:38:28] [FINE   ] Enxugador pegou o prato #36 do escorredor. 
[21:38:28] [FINE   ] Lavador terminou de lavar o prato #43 
[21:38:28] [FINE   ] Lavador colocou o prato #43 no escorredor. 
[21:38:28] [FINE   ] Lavador pegou o prato #44 (Sujeira: BAIXO) 
[21:38:28] [FINE   ] Enxugador terminou de secar o prato #36 em 6ms. 
[21:38:28] [FINE   ] Enxugador pegou o prato #37 do escorredor. 
[21:38:28] [FINE   ] Lavador terminou de lavar o prato #44 
[21:38:28] [FINE   ] Lavador colocou o prato #44 no escorredor. 
[21:38:28] [FINE   ] Lavador pegou o prato #45 (Sujeira: MEDIO) 
[21:38:28] [FINE   ] Enxugador terminou de secar o prato #37 em 5ms. 
[21:38:28] [FINE   ] Enxugador pegou o prato #38 do escorredor. 
[21:38:28] [FINE   ] Lavador terminou de lavar o prato #45 
[21:38:28] [FINE   ] Lavador colocou o prato #45 no escorredor. 
[21:38:28] [FINE   ] Lavador pegou o prato #46 (Sujeira: BAIXO) 
[21:38:28] [FINE   ] Lavador terminou de lavar o prato #46 
[21:38:28] [FINE   ] Lavador colocou o prato #46 no escorredor. 
[21:38:28] [FINE   ] Lavador pegou o prato #47 (Sujeira: BAIXO) 
[21:38:28] [FINE   ] Lavador terminou de lavar o prato #47 
[21:38:28] [FINE   ] Enxugador terminou de secar o prato #38 em 8ms. 
[21:38:28] [FINE   ] Lavador colocou o prato #47 no escorredor. 
[21:38:28] [FINE   ] Enxugador pegou o prato #39 do escorredor. 
[21:38:28] [FINE   ] Lavador pegou o prato #48 (Sujeira: MEDIO) 
[21:38:28] [FINE   ] Lavador terminou de lavar o prato #48 
[21:38:28] [FINE   ] Lavador colocou o prato #48 no escorredor. 
[21:38:28] [FINE   ] Lavador pegou o prato #49 (Sujeira: MEDIO) 
[21:38:28] [FINE   ] Enxugador terminou de secar o prato #39 em 8ms. 
[21:38:28] [FINE   ] Enxugador pegou o prato #40 do escorredor. 
[21:38:28] [FINE   ] Lavador terminou de lavar o prato #49 
[21:38:28] [FINE   ] Lavador colocou o prato #49 no escorredor. 
[21:38:28] [FINE   ] Enxugador terminou de secar o prato #40 em 4ms. 
[21:38:28] [FINE   ] Lavador pegou o prato #50 (Sujeira: MEDIO) 
[21:38:28] [FINE   ] Enxugador pegou o prato #41 do escorredor. 
[21:38:28] [FINE   ] Enxugador terminou de secar o prato #41 em 4ms. 
[21:38:28] [FINE   ] Enxugador pegou o prato #42 do escorredor. 
[21:38:28] [FINE   ] Lavador terminou de lavar o prato #50 
[21:38:28] [FINE   ] Lavador colocou o prato #50 no escorredor. 
[21:38:28] [FINE   ] Lavador pegou o prato #51 (Sujeira: BAIXO) 
[21:38:28] [FINE   ] Enxugador terminou de secar o prato #42 em 3ms. 
[21:38:28] [FINE   ] Enxugador pegou o prato #43 do escorredor. 
[21:38:28] [FINE   ] Lavador terminou de lavar o prato #51 
[21:38:28] [FINE   ] Lavador colocou o prato #51 no escorredor. 
[21:38:28] [FINE   ] Lavador pegou o prato #52 (Sujeira: MEDIO) 
[21:38:28] [FINE   ] Enxugador terminou de secar o prato #43 em 5ms. 
[21:38:28] [FINE   ] Enxugador pegou o prato #44 do escorredor. 
[21:38:28] [FINE   ] Lavador terminou de lavar o prato #52 
[21:38:28] [FINE   ] Lavador colocou o prato #52 no escorredor. 
[21:38:28] [FINE   ] Lavador pegou o prato #53 (Sujeira: ENGORDURADO) 
[21:38:28] [FINE   ] Enxugador terminou de secar o prato #44 em 6ms. 
[21:38:28] [FINE   ] Enxugador pegou o prato #45 do escorredor. 
[21:38:28] [FINE   ] Lavador terminou de lavar o prato #53 
[21:38:28] [FINE   ] Lavador colocou o prato #53 no escorredor. 
[21:38:28] [FINE   ] Lavador pegou o prato #54 (Sujeira: BAIXO) 
[21:38:28] [FINE   ] Lavador terminou de lavar o prato #54 
[21:38:28] [FINE   ] Lavador colocou o prato #54 no escorredor. 
[21:38:28] [FINE   ] Lavador pegou o prato #55 (Sujeira: BAIXO) 
[21:38:29] [FINE   ] Lavador terminou de lavar o prato #55 
[21:38:29] [FINE   ] Enxugador terminou de secar o prato #45 em 10ms. 
[21:38:29] [FINE   ] Escorredor CHEIO! Quantidade de pratos: 10 
[21:38:29] [FINE   ] Lavador colocou o prato #55 no escorredor. 
[21:38:29] [FINE   ] Enxugador pegou o prato #46 do escorredor. 
[21:38:29] [FINE   ] Lavador pegou o prato #56 (Sujeira: BAIXO) 
[21:38:29] [FINE   ] Lavador terminou de lavar o prato #56 
[21:38:29] [FINE   ] Escorredor CHEIO! Quantidade de pratos: 10 
[21:38:29] [FINE   ] Lavador colocou o prato #56 no escorredor. 
[21:38:29] [FINE   ] Lavador pegou o prato #57 (Sujeira: MEDIO) 
[21:38:29] [FINE   ] Lavador terminou de lavar o prato #57 
[21:38:29] [FINE   ] Enxugador terminou de secar o prato #46 em 10ms. 
[21:38:29] [FINE   ] Enxugador pegou o prato #47 do escorredor. 
[21:38:29] [FINE   ] Escorredor CHEIO! Quantidade de pratos: 10 
[21:38:29] [FINE   ] Lavador colocou o prato #57 no escorredor. 
[21:38:29] [FINE   ] Lavador pegou o prato #58 (Sujeira: MEDIO) 
[21:38:29] [FINE   ] Lavador terminou de lavar o prato #58 
[21:38:29] [FINE   ] Enxugador terminou de secar o prato #47 em 9ms. 
[21:38:29] [FINE   ] Enxugador pegou o prato #48 do escorredor. 
[21:38:29] [FINE   ] Escorredor CHEIO! Quantidade de pratos: 10 
[21:38:29] [FINE   ] Lavador colocou o prato #58 no escorredor. 
[21:38:29] [FINE   ] Lavador pegou o prato #59 (Sujeira: BAIXO) 
[21:38:29] [FINE   ] Lavador terminou de lavar o prato #59 
[21:38:29] [FINE   ] Enxugador terminou de secar o prato #48 em 10ms. 
[21:38:29] [FINE   ] Enxugador pegou o prato #49 do escorredor. 
[21:38:29] [FINE   ] Escorredor CHEIO! Quantidade de pratos: 10 
[21:38:29] [FINE   ] Lavador colocou o prato #59 no escorredor. 
[21:38:29] [FINE   ] Lavador pegou o prato #60 (Sujeira: MEDIO) 
[21:38:29] [FINE   ] Enxugador terminou de secar o prato #49 em 5ms. 
[21:38:29] [FINE   ] Enxugador pegou o prato #50 do escorredor. 
[21:38:29] [FINE   ] Lavador terminou de lavar o prato #60 
[21:38:29] [FINE   ] Escorredor CHEIO! Quantidade de pratos: 10 
[21:38:29] [FINE   ] Lavador colocou o prato #60 no escorredor. 
[21:38:29] [FINE   ] Lavador pegou o prato #61 (Sujeira: BAIXO) 
[21:38:29] [FINE   ] Lavador terminou de lavar o prato #61 
[21:38:29] [FINE   ] Enxugador terminou de secar o prato #50 em 9ms. 
[21:38:29] [FINE   ] Enxugador pegou o prato #51 do escorredor. 
[21:38:29] [FINE   ] Escorredor CHEIO! Quantidade de pratos: 10 
[21:38:29] [FINE   ] Lavador colocou o prato #61 no escorredor. 
[21:38:29] [FINE   ] Lavador pegou o prato #62 (Sujeira: MEDIO) 
[21:38:29] [FINE   ] Enxugador terminou de secar o prato #51 em 4ms. 
[21:38:29] [FINE   ] Enxugador pegou o prato #52 do escorredor. 
[21:38:29] [FINE   ] Lavador terminou de lavar o prato #62 
[21:38:29] [FINE   ] Escorredor CHEIO! Quantidade de pratos: 10 
[21:38:29] [FINE   ] Lavador colocou o prato #62 no escorredor. 
[21:38:29] [FINE   ] Lavador pegou o prato #63 (Sujeira: ENGORDURADO) 
[21:38:29] [FINE   ] Enxugador terminou de secar o prato #52 em 10ms. 
[21:38:29] [FINE   ] Enxugador pegou o prato #53 do escorredor. 
[21:38:29] [FINE   ] Enxugador terminou de secar o prato #53 em 7ms. 
[21:38:29] [FINE   ] Enxugador pegou o prato #54 do escorredor. 
[21:38:29] [FINE   ] Enxugador terminou de secar o prato #54 em 3ms. 
[21:38:29] [FINE   ] Enxugador pegou o prato #55 do escorredor. 
[21:38:29] [FINE   ] Lavador terminou de lavar o prato #63 
[21:38:29] [FINE   ] Lavador colocou o prato #63 no escorredor. 
[21:38:29] [FINE   ] Lavador pegou o prato #64 (Sujeira: MEDIO) 
[21:38:29] [FINE   ] Enxugador terminou de secar o prato #55 em 3ms. 
[21:38:29] [FINE   ] Enxugador pegou o prato #56 do escorredor. 
[21:38:29] [FINE   ] Lavador terminou de lavar o prato #64 
[21:38:29] [FINE   ] Lavador colocou o prato #64 no escorredor. 
[21:38:29] [FINE   ] Lavador pegou o prato #65 (Sujeira: MEDIO) 
[21:38:29] [FINE   ] Lavador terminou de lavar o prato #65 
[21:38:29] [FINE   ] Lavador colocou o prato #65 no escorredor. 
[21:38:29] [FINE   ] Lavador pegou o prato #66 (Sujeira: BAIXO) 
[21:38:29] [FINE   ] Enxugador terminou de secar o prato #56 em 10ms. 
[21:38:29] [FINE   ] Enxugador pegou o prato #57 do escorredor. 
[21:38:29] [FINE   ] Lavador terminou de lavar o prato #66 
[21:38:29] [FINE   ] Lavador colocou o prato #66 no escorredor. 
[21:38:29] [FINE   ] Lavador pegou o prato #67 (Sujeira: BAIXO) 
[21:38:29] [FINE   ] Lavador terminou de lavar o prato #67 
[21:38:29] [FINE   ] Escorredor CHEIO! Quantidade de pratos: 10 
[21:38:29] [FINE   ] Lavador colocou o prato #67 no escorredor. 
[21:38:29] [FINE   ] Lavador pegou o prato #68 (Sujeira: MEDIO) 
[21:38:29] [FINE   ] Enxugador terminou de secar o prato #57 em 9ms. 
[21:38:29] [FINE   ] Enxugador pegou o prato #58 do escorredor. 
[21:38:29] [FINE   ] Lavador terminou de lavar o prato #68 
[21:38:29] [FINE   ] Escorredor CHEIO! Quantidade de pratos: 10 
[21:38:29] [FINE   ] Lavador colocou o prato #68 no escorredor. 
[21:38:29] [FINE   ] Lavador pegou o prato #69 (Sujeira: MEDIO) 
[21:38:29] [FINE   ] Enxugador terminou de secar o prato #58 em 7ms. 
[21:38:29] [FINE   ] Enxugador pegou o prato #59 do escorredor. 
[21:38:29] [FINE   ] Lavador terminou de lavar o prato #69 
[21:38:29] [FINE   ] Escorredor CHEIO! Quantidade de pratos: 10 
[21:38:29] [FINE   ] Lavador colocou o prato #69 no escorredor. 
[21:38:29] [FINE   ] Lavador pegou o prato #70 (Sujeira: MEDIO) 
[21:38:29] [FINE   ] Enxugador terminou de secar o prato #59 em 4ms. 
[21:38:29] [FINE   ] Enxugador pegou o prato #60 do escorredor. 
[21:38:29] [FINE   ] Lavador terminou de lavar o prato #70 
[21:38:29] [FINE   ] Escorredor CHEIO! Quantidade de pratos: 10 
[21:38:29] [FINE   ] Lavador colocou o prato #70 no escorredor. 
[21:38:29] [FINE   ] Enxugador terminou de secar o prato #60 em 5ms. 
[21:38:29] [FINE   ] Lavador pegou o prato #71 (Sujeira: ENGORDURADO) 
[21:38:29] [FINE   ] Enxugador pegou o prato #61 do escorredor. 
[21:38:29] [FINE   ] Enxugador terminou de secar o prato #61 em 9ms. 
[21:38:29] [FINE   ] Enxugador pegou o prato #62 do escorredor. 
[21:38:29] [FINE   ] Lavador terminou de lavar o prato #71 
[21:38:29] [FINE   ] Lavador colocou o prato #71 no escorredor. 
[21:38:29] [FINE   ] Lavador pegou o prato #72 (Sujeira: BAIXO) 
[21:38:29] [FINE   ] Enxugador terminou de secar o prato #62 em 10ms. 
[21:38:29] [FINE   ] Enxugador pegou o prato #63 do escorredor. 
[21:38:29] [FINE   ] Lavador terminou de lavar o prato #72 
[21:38:29] [FINE   ] Lavador colocou o prato #72 no escorredor. 
[21:38:29] [FINE   ] Lavador pegou o prato #73 (Sujeira: MEDIO) 
[21:38:29] [FINE   ] Enxugador terminou de secar o prato #63 em 6ms. 
[21:38:29] [FINE   ] Enxugador pegou o prato #64 do escorredor. 
[21:38:29] [FINE   ] Lavador terminou de lavar o prato #73 
[21:38:29] [FINE   ] Lavador colocou o prato #73 no escorredor. 
[21:38:29] [FINE   ] Lavador pegou o prato #74 (Sujeira: MEDIO) 
[21:38:29] [FINE   ] Enxugador terminou de secar o prato #64 em 3ms. 
[21:38:29] [FINE   ] Enxugador pegou o prato #65 do escorredor. 
[21:38:29] [FINE   ] Enxugador terminou de secar o prato #65 em 3ms. 
[21:38:29] [FINE   ] Enxugador pegou o prato #66 do escorredor. 
[21:38:29] [FINE   ] Lavador terminou de lavar o prato #74 
[21:38:29] [FINE   ] Lavador colocou o prato #74 no escorredor. 
[21:38:29] [FINE   ] Lavador pegou o prato #75 (Sujeira: MEDIO) 
[21:38:29] [FINE   ] Lavador terminou de lavar o prato #75 
[21:38:29] [FINE   ] Lavador colocou o prato #75 no escorredor. 
[21:38:29] [FINE   ] Lavador pegou o prato #76 (Sujeira: MEDIO) 
[21:38:29] [FINE   ] Enxugador terminou de secar o prato #66 em 8ms. 
[21:38:29] [FINE   ] Enxugador pegou o prato #67 do escorredor. 
[21:38:29] [FINE   ] Lavador terminou de lavar o prato #76 
[21:38:29] [FINE   ] Lavador colocou o prato #76 no escorredor. 
[21:38:29] [FINE   ] Lavador pegou o prato #77 (Sujeira: MEDIO) 
[21:38:29] [FINE   ] Enxugador terminou de secar o prato #67 em 8ms. 
[21:38:29] [FINE   ] Lavador terminou de lavar o prato #77 
[21:38:29] [FINE   ] Enxugador pegou o prato #68 do escorredor. 
[21:38:29] [FINE   ] Lavador colocou o prato #77 no escorredor. 
[21:38:29] [FINE   ] Lavador pegou o prato #78 (Sujeira: MEDIO) 
[21:38:29] [FINE   ] Enxugador terminou de secar o prato #68 em 5ms. 
[21:38:29] [FINE   ] Lavador terminou de lavar o prato #78 
[21:38:29] [FINE   ] Enxugador pegou o prato #69 do escorredor. 
[21:38:29] [FINE   ] Lavador colocou o prato #78 no escorredor. 
[21:38:29] [FINE   ] Lavador pegou o prato #79 (Sujeira: MEDIO) 
[21:38:29] [FINE   ] Enxugador terminou de secar o prato #69 em 4ms. 
[21:38:29] [FINE   ] Enxugador pegou o prato #70 do escorredor. 
[21:38:29] [FINE   ] Lavador terminou de lavar o prato #79 
[21:38:29] [FINE   ] Lavador colocou o prato #79 no escorredor. 
[21:38:29] [FINE   ] Lavador pegou o prato #80 (Sujeira: MEDIO) 
[21:38:29] [FINE   ] Lavador terminou de lavar o prato #80 
[21:38:29] [FINE   ] Escorredor CHEIO! Quantidade de pratos: 10 
[21:38:29] [FINE   ] Lavador colocou o prato #80 no escorredor. 
[21:38:29] [FINE   ] Lavador pegou o prato #81 (Sujeira: BAIXO) 
[21:38:29] [FINE   ] Enxugador terminou de secar o prato #70 em 10ms. 
[21:38:29] [FINE   ] Enxugador pegou o prato #71 do escorredor. 
[21:38:29] [FINE   ] Lavador terminou de lavar o prato #81 
[21:38:29] [FINE   ] Escorredor CHEIO! Quantidade de pratos: 10 
[21:38:29] [FINE   ] Lavador colocou o prato #81 no escorredor. 
[21:38:29] [FINE   ] Lavador pegou o prato #82 (Sujeira: BAIXO) 
[21:38:29] [FINE   ] Lavador terminou de lavar o prato #82 
[21:38:29] [FINE   ] Enxugador terminou de secar o prato #71 em 9ms. 
[21:38:29] [FINE   ] Enxugador pegou o prato #72 do escorredor. 
[21:38:29] [FINE   ] Escorredor CHEIO! Quantidade de pratos: 10 
[21:38:29] [FINE   ] Lavador colocou o prato #82 no escorredor. 
[21:38:29] [FINE   ] Lavador pegou o prato #83 (Sujeira: BAIXO) 
[21:38:29] [FINE   ] Lavador terminou de lavar o prato #83 
[21:38:29] [FINE   ] Enxugador terminou de secar o prato #72 em 6ms. 
[21:38:29] [FINE   ] Enxugador pegou o prato #73 do escorredor. 
[21:38:29] [FINE   ] Escorredor CHEIO! Quantidade de pratos: 10 
[21:38:29] [FINE   ] Lavador colocou o prato #83 no escorredor. 
[21:38:29] [FINE   ] Lavador pegou o prato #84 (Sujeira: BAIXO) 
[21:38:29] [FINE   ] Lavador terminou de lavar o prato #84 
[21:38:29] [FINE   ] Enxugador terminou de secar o prato #73 em 7ms. 
[21:38:29] [FINE   ] Enxugador pegou o prato #74 do escorredor. 
[21:38:29] [FINE   ] Escorredor CHEIO! Quantidade de pratos: 10 
[21:38:29] [FINE   ] Lavador colocou o prato #84 no escorredor. 
[21:38:29] [FINE   ] Lavador pegou o prato #85 (Sujeira: MEDIO) 
[21:38:29] [FINE   ] Enxugador terminou de secar o prato #74 em 5ms. 
[21:38:29] [FINE   ] Enxugador pegou o prato #75 do escorredor. 
[21:38:29] [FINE   ] Lavador terminou de lavar o prato #85 
[21:38:29] [FINE   ] Escorredor CHEIO! Quantidade de pratos: 10 
[21:38:29] [FINE   ] Lavador colocou o prato #85 no escorredor. 
[21:38:29] [FINE   ] Lavador pegou o prato #86 (Sujeira: ENGORDURADO) 
[21:38:29] [FINE   ] Enxugador terminou de secar o prato #75 em 5ms. 
[21:38:29] [FINE   ] Enxugador pegou o prato #76 do escorredor. 
[21:38:29] [FINE   ] Enxugador terminou de secar o prato #76 em 3ms. 
[21:38:29] [FINE   ] Enxugador pegou o prato #77 do escorredor. 
[21:38:29] [FINE   ] Lavador terminou de lavar o prato #86 
[21:38:29] [FINE   ] Lavador colocou o prato #86 no escorredor. 
[21:38:29] [FINE   ] Lavador pegou o prato #87 (Sujeira: MEDIO) 
[21:38:29] [FINE   ] Lavador terminou de lavar o prato #87 
[21:38:29] [FINE   ] Enxugador terminou de secar o prato #77 em 7ms. 
[21:38:29] [FINE   ] Escorredor CHEIO! Quantidade de pratos: 10 
[21:38:29] [FINE   ] Lavador colocou o prato #87 no escorredor. 
[21:38:29] [FINE   ] Enxugador pegou o prato #78 do escorredor. 
[21:38:29] [FINE   ] Lavador pegou o prato #88 (Sujeira: MEDIO) 
[21:38:29] [FINE   ] Lavador terminou de lavar o prato #88 
[21:38:29] [FINE   ] Escorredor CHEIO! Quantidade de pratos: 10 
[21:38:29] [FINE   ] Lavador colocou o prato #88 no escorredor. 
[21:38:29] [FINE   ] Lavador pegou o prato #89 (Sujeira: BAIXO) 
[21:38:29] [FINE   ] Enxugador terminou de secar o prato #78 em 8ms. 
[21:38:29] [FINE   ] Enxugador pegou o prato #79 do escorredor. 
[21:38:29] [FINE   ] Lavador terminou de lavar o prato #89 
[21:38:29] [FINE   ] Escorredor CHEIO! Quantidade de pratos: 10 
[21:38:29] [FINE   ] Lavador colocou o prato #89 no escorredor. 
[21:38:29] [FINE   ] Lavador pegou o prato #90 (Sujeira: BAIXO) 
[21:38:29] [FINE   ] Enxugador terminou de secar o prato #79 em 3ms. 
[21:38:29] [FINE   ] Enxugador pegou o prato #80 do escorredor. 
[21:38:29] [FINE   ] Lavador terminou de lavar o prato #90 
[21:38:29] [FINE   ] Escorredor CHEIO! Quantidade de pratos: 10 
[21:38:29] [FINE   ] Lavador colocou o prato #90 no escorredor. 
[21:38:29] [FINE   ] Lavador pegou o prato #91 (Sujeira: MEDIO) 
[21:38:29] [FINE   ] Enxugador terminou de secar o prato #80 em 7ms. 
[21:38:29] [FINE   ] Enxugador pegou o prato #81 do escorredor. 
[21:38:29] [FINE   ] Lavador terminou de lavar o prato #91 
[21:38:29] [FINE   ] Escorredor CHEIO! Quantidade de pratos: 10 
[21:38:29] [FINE   ] Lavador colocou o prato #91 no escorredor. 
[21:38:29] [FINE   ] Lavador pegou o prato #92 (Sujeira: BAIXO) 
[21:38:29] [FINE   ] Lavador terminou de lavar o prato #92 
[21:38:29] [FINE   ] Enxugador terminou de secar o prato #81 em 7ms. 
[21:38:29] [FINE   ] Enxugador pegou o prato #82 do escorredor. 
[21:38:29] [FINE   ] Escorredor CHEIO! Quantidade de pratos: 10 
[21:38:29] [FINE   ] Lavador colocou o prato #92 no escorredor. 
[21:38:29] [FINE   ] Lavador pegou o prato #93 (Sujeira: MEDIO) 
[21:38:29] [FINE   ] Lavador terminou de lavar o prato #93 
[21:38:29] [FINE   ] Enxugador terminou de secar o prato #82 em 7ms. 
[21:38:29] [FINE   ] Enxugador pegou o prato #83 do escorredor. 
[21:38:29] [FINE   ] Escorredor CHEIO! Quantidade de pratos: 10 
[21:38:29] [FINE   ] Lavador colocou o prato #93 no escorredor. 
[21:38:29] [FINE   ] Lavador pegou o prato #94 (Sujeira: MEDIO) 
[21:38:29] [FINE   ] Lavador terminou de lavar o prato #94 
[21:38:29] [FINE   ] Enxugador terminou de secar o prato #83 em 8ms. 
[21:38:29] [FINE   ] Enxugador pegou o prato #84 do escorredor. 
[21:38:29] [FINE   ] Escorredor CHEIO! Quantidade de pratos: 10 
[21:38:29] [FINE   ] Lavador colocou o prato #94 no escorredor. 
[21:38:29] [FINE   ] Lavador pegou o prato #95 (Sujeira: MEDIO) 
[21:38:29] [FINE   ] Lavador terminou de lavar o prato #95 
[21:38:29] [FINE   ] Enxugador terminou de secar o prato #84 em 6ms. 
[21:38:29] [FINE   ] Enxugador pegou o prato #85 do escorredor. 
[21:38:29] [FINE   ] Escorredor CHEIO! Quantidade de pratos: 10 
[21:38:29] [FINE   ] Lavador colocou o prato #95 no escorredor. 
[21:38:29] [FINE   ] Lavador pegou o prato #96 (Sujeira: BAIXO) 
[21:38:29] [FINE   ] Lavador terminou de lavar o prato #96 
[21:38:29] [FINE   ] Enxugador terminou de secar o prato #85 em 7ms. 
[21:38:29] [FINE   ] Enxugador pegou o prato #86 do escorredor. 
[21:38:29] [FINE   ] Escorredor CHEIO! Quantidade de pratos: 10 
[21:38:29] [FINE   ] Lavador colocou o prato #96 no escorredor. 
[21:38:29] [FINE   ] Lavador pegou o prato #97 (Sujeira: MEDIO) 
[21:38:29] [FINE   ] Lavador terminou de lavar o prato #97 
[21:38:29] [FINE   ] Enxugador terminou de secar o prato #86 em 8ms. 
[21:38:29] [FINE   ] Enxugador pegou o prato #87 do escorredor. 
[21:38:29] [FINE   ] Escorredor CHEIO! Quantidade de pratos: 10 
[21:38:29] [FINE   ] Lavador colocou o prato #97 no escorredor. 
[21:38:29] [FINE   ] Lavador pegou o prato #98 (Sujeira: MEDIO) 
[21:38:29] [FINE   ] Lavador terminou de lavar o prato #98 
[21:38:29] [FINE   ] Enxugador terminou de secar o prato #87 em 8ms. 
[21:38:29] [FINE   ] Enxugador pegou o prato #88 do escorredor. 
[21:38:29] [FINE   ] Escorredor CHEIO! Quantidade de pratos: 10 
[21:38:29] [FINE   ] Lavador colocou o prato #98 no escorredor. 
[21:38:29] [FINE   ] Lavador pegou o prato #99 (Sujeira: BAIXO) 
[21:38:29] [FINE   ] Lavador terminou de lavar o prato #99 
[21:38:29] [FINE   ] Enxugador terminou de secar o prato #88 em 5ms. 
[21:38:29] [FINE   ] Enxugador pegou o prato #89 do escorredor. 
[21:38:29] [FINE   ] Escorredor CHEIO! Quantidade de pratos: 10 
[21:38:29] [FINE   ] Lavador colocou o prato #99 no escorredor. 
[21:38:29] [FINE   ] Lavador pegou o prato #100 (Sujeira: BAIXO) 
[21:38:29] [FINE   ] Lavador terminou de lavar o prato #100 
[21:38:29] [FINE   ] Enxugador terminou de secar o prato #89 em 7ms. 
[21:38:29] [FINE   ] Enxugador pegou o prato #90 do escorredor. 
[21:38:29] [FINE   ] Escorredor CHEIO! Quantidade de pratos: 10 
[21:38:29] [FINE   ] Lavador colocou o prato #100 no escorredor. 
[21:38:29] [FINE   ] Lavador pegou o prato #101 (Sujeira: MEDIO) 
[21:38:29] [FINE   ] Lavador terminou de lavar o prato #101 
[21:38:29] [FINE   ] Enxugador terminou de secar o prato #90 em 5ms. 
[21:38:29] [FINE   ] Enxugador pegou o prato #91 do escorredor. 
[21:38:29] [FINE   ] Escorredor CHEIO! Quantidade de pratos: 10 
[21:38:29] [FINE   ] Lavador colocou o prato #101 no escorredor. 
[21:38:29] [FINE   ] Lavador pegou o prato #102 (Sujeira: BAIXO) 
[21:38:29] [FINE   ] Lavador terminou de lavar o prato #102 
[21:38:29] [FINE   ] Enxugador terminou de secar o prato #91 em 4ms. 
[21:38:29] [FINE   ] Enxugador pegou o prato #92 do escorredor. 
[21:38:29] [FINE   ] Escorredor CHEIO! Quantidade de pratos: 10 
[21:38:29] [FINE   ] Lavador colocou o prato #102 no escorredor. 
[21:38:29] [FINE   ] Lavador pegou o prato #103 (Sujeira: MEDIO) 
[21:38:29] [FINE   ] Lavador terminou de lavar o prato #103 
[21:38:29] [FINE   ] Enxugador terminou de secar o prato #92 em 4ms. 
[21:38:29] [FINE   ] Enxugador pegou o prato #93 do escorredor. 
[21:38:29] [FINE   ] Escorredor CHEIO! Quantidade de pratos: 10 
[21:38:29] [FINE   ] Lavador colocou o prato #103 no escorredor. 
[21:38:29] [FINE   ] Lavador pegou o prato #104 (Sujeira: MEDIO) 
[21:38:29] [FINE   ] Lavador terminou de lavar o prato #104 
[21:38:29] [FINE   ] Enxugador terminou de secar o prato #93 em 7ms. 
[21:38:29] [FINE   ] Enxugador pegou o prato #94 do escorredor. 
[21:38:29] [FINE   ] Escorredor CHEIO! Quantidade de pratos: 10 
[21:38:29] [FINE   ] Lavador colocou o prato #104 no escorredor. 
[21:38:29] [FINE   ] Lavador pegou o prato #105 (Sujeira: MEDIO) 
[21:38:29] [FINE   ] Lavador terminou de lavar o prato #105 
[21:38:29] [FINE   ] Enxugador terminou de secar o prato #94 em 6ms. 
[21:38:29] [FINE   ] Enxugador pegou o prato #95 do escorredor. 
[21:38:29] [FINE   ] Escorredor CHEIO! Quantidade de pratos: 10 
[21:38:29] [FINE   ] Lavador colocou o prato #105 no escorredor. 
[21:38:29] [FINE   ] Lavador pegou o prato #106 (Sujeira: MEDIO) 
[21:38:29] [FINE   ] Enxugador terminou de secar o prato #95 em 4ms. 
[21:38:29] [FINE   ] Enxugador pegou o prato #96 do escorredor. 
[21:38:29] [FINE   ] Lavador terminou de lavar o prato #106 
[21:38:29] [FINE   ] Escorredor CHEIO! Quantidade de pratos: 10 
[21:38:29] [FINE   ] Lavador colocou o prato #106 no escorredor. 
[21:38:29] [FINE   ] Lavador pegou o prato #107 (Sujeira: BAIXO) 
[21:38:29] [FINE   ] Lavador terminou de lavar o prato #107 
[21:38:29] [FINE   ] Enxugador terminou de secar o prato #96 em 6ms. 
[21:38:29] [FINE   ] Enxugador pegou o prato #97 do escorredor. 
[21:38:29] [FINE   ] Escorredor CHEIO! Quantidade de pratos: 10 
[21:38:29] [FINE   ] Lavador colocou o prato #107 no escorredor. 
[21:38:29] [FINE   ] Lavador pegou o prato #108 (Sujeira: MEDIO) 
[21:38:29] [FINE   ] Lavador terminou de lavar o prato #108 
[21:38:29] [FINE   ] Enxugador terminou de secar o prato #97 em 9ms. 
[21:38:29] [FINE   ] Enxugador pegou o prato #98 do escorredor. 
[21:38:29] [FINE   ] Escorredor CHEIO! Quantidade de pratos: 10 
[21:38:29] [FINE   ] Lavador colocou o prato #108 no escorredor. 
[21:38:29] [FINE   ] Lavador pegou o prato #109 (Sujeira: MEDIO) 
[21:38:29] [FINE   ] Enxugador terminou de secar o prato #98 em 6ms. 
[21:38:29] [FINE   ] Lavador terminou de lavar o prato #109 
[21:38:29] [FINE   ] Enxugador pegou o prato #99 do escorredor. 
[21:38:29] [FINE   ] Escorredor CHEIO! Quantidade de pratos: 10 
[21:38:29] [FINE   ] Lavador colocou o prato #109 no escorredor. 
[21:38:29] [FINE   ] Lavador pegou o prato #110 (Sujeira: BAIXO) 
[21:38:29] [FINE   ] Lavador terminou de lavar o prato #110 
[21:38:29] [FINE   ] Enxugador terminou de secar o prato #99 em 9ms. 
[21:38:29] [FINE   ] Enxugador pegou o prato #100 do escorredor. 
[21:38:29] [FINE   ] Escorredor CHEIO! Quantidade de pratos: 10 
[21:38:29] [FINE   ] Lavador colocou o prato #110 no escorredor. 
[21:38:29] [FINE   ] Lavador pegou o prato #111 (Sujeira: MEDIO) 
[21:38:29] [FINE   ] Enxugador terminou de secar o prato #100 em 4ms. 
[21:38:29] [FINE   ] Enxugador pegou o prato #101 do escorredor. 
[21:38:29] [FINE   ] Lavador terminou de lavar o prato #111 
[21:38:29] [FINE   ] Escorredor CHEIO! Quantidade de pratos: 10 
[21:38:29] [FINE   ] Lavador colocou o prato #111 no escorredor. 
[21:38:29] [FINE   ] Lavador pegou o prato #112 (Sujeira: BAIXO) 
[21:38:29] [FINE   ] Lavador terminou de lavar o prato #112 
[21:38:29] [FINE   ] Enxugador terminou de secar o prato #101 em 10ms. 
[21:38:29] [FINE   ] Enxugador pegou o prato #102 do escorredor. 
[21:38:29] [FINE   ] Escorredor CHEIO! Quantidade de pratos: 10 
[21:38:29] [FINE   ] Lavador colocou o prato #112 no escorredor. 
[21:38:29] [FINE   ] Lavador pegou o prato #113 (Sujeira: BAIXO) 
[21:38:29] [FINE   ] Enxugador terminou de secar o prato #102 em 3ms. 
[21:38:29] [FINE   ] Lavador terminou de lavar o prato #113 
[21:38:29] [FINE   ] Enxugador pegou o prato #103 do escorredor. 
[21:38:29] [FINE   ] Escorredor CHEIO! Quantidade de pratos: 10 
[21:38:29] [FINE   ] Lavador colocou o prato #113 no escorredor. 
[21:38:29] [FINE   ] Lavador pegou o prato #114 (Sujeira: BAIXO) 
[21:38:29] [FINE   ] Lavador terminou de lavar o prato #114 
[21:38:29] [FINE   ] Enxugador terminou de secar o prato #103 em 6ms. 
[21:38:29] [FINE   ] Enxugador pegou o prato #104 do escorredor. 
[21:38:29] [FINE   ] Escorredor CHEIO! Quantidade de pratos: 10 
[21:38:29] [FINE   ] Lavador colocou o prato #114 no escorredor. 
[21:38:29] [FINE   ] Lavador pegou o prato #115 (Sujeira: BAIXO) 
[21:38:29] [FINE   ] Lavador terminou de lavar o prato #115 
[21:38:29] [FINE   ] Enxugador terminou de secar o prato #104 em 5ms. 
[21:38:29] [FINE   ] Enxugador pegou o prato #105 do escorredor. 
[21:38:29] [FINE   ] Escorredor CHEIO! Quantidade de pratos: 10 
[21:38:29] [FINE   ] Lavador colocou o prato #115 no escorredor. 
[21:38:29] [FINE   ] Lavador pegou o prato #116 (Sujeira: BAIXO) 
[21:38:29] [FINE   ] Enxugador terminou de secar o prato #105 em 4ms. 
[21:38:29] [FINE   ] Lavador terminou de lavar o prato #116 
[21:38:29] [FINE   ] Enxugador pegou o prato #106 do escorredor. 
[21:38:29] [FINE   ] Escorredor CHEIO! Quantidade de pratos: 10 
[21:38:29] [FINE   ] Lavador colocou o prato #116 no escorredor. 
[21:38:29] [FINE   ] Lavador pegou o prato #117 (Sujeira: MEDIO) 
[21:38:29] [FINE   ] Enxugador terminou de secar o prato #106 em 4ms. 
[21:38:29] [FINE   ] Enxugador pegou o prato #107 do escorredor. 
[21:38:29] [FINE   ] Lavador terminou de lavar o prato #117 
[21:38:29] [FINE   ] Escorredor CHEIO! Quantidade de pratos: 10 
[21:38:29] [FINE   ] Lavador colocou o prato #117 no escorredor. 
[21:38:29] [FINE   ] Lavador pegou o prato #118 (Sujeira: MEDIO) 
[21:38:29] [FINE   ] Enxugador terminou de secar o prato #107 em 5ms. 
[21:38:29] [FINE   ] Enxugador pegou o prato #108 do escorredor. 
[21:38:29] [FINE   ] Lavador terminou de lavar o prato #118 
[21:38:29] [FINE   ] Escorredor CHEIO! Quantidade de pratos: 10 
[21:38:29] [FINE   ] Lavador colocou o prato #118 no escorredor. 
[21:38:29] [FINE   ] Lavador pegou o prato #119 (Sujeira: MEDIO) 
[21:38:29] [FINE   ] Lavador terminou de lavar o prato #119 
[21:38:29] [FINE   ] Enxugador terminou de secar o prato #108 em 7ms. 
[21:38:29] [FINE   ] Enxugador pegou o prato #109 do escorredor. 
[21:38:29] [FINE   ] Escorredor CHEIO! Quantidade de pratos: 10 
[21:38:29] [FINE   ] Lavador colocou o prato #119 no escorredor. 
[21:38:29] [FINE   ] Lavador pegou o prato #120 (Sujeira: BAIXO) 
[21:38:29] [FINE   ] Lavador terminou de lavar o prato #120 
[21:38:29] [FINE   ] Enxugador terminou de secar o prato #109 em 4ms. 
[21:38:29] [FINE   ] Enxugador pegou o prato #110 do escorredor. 
[21:38:29] [FINE   ] Escorredor CHEIO! Quantidade de pratos: 10 
[21:38:29] [FINE   ] Lavador colocou o prato #120 no escorredor. 
[21:38:29] [FINE   ] Lavador pegou o prato #121 (Sujeira: MEDIO) 
[21:38:29] [FINE   ] Lavador terminou de lavar o prato #121 
[21:38:29] [FINE   ] Enxugador terminou de secar o prato #110 em 6ms. 
[21:38:29] [FINE   ] Enxugador pegou o prato #111 do escorredor. 
[21:38:29] [FINE   ] Escorredor CHEIO! Quantidade de pratos: 10 
[21:38:29] [FINE   ] Lavador colocou o prato #121 no escorredor. 
[21:38:29] [FINE   ] Lavador pegou o prato #122 (Sujeira: MEDIO) 
[21:38:29] [FINE   ] Lavador terminou de lavar o prato #122 
[21:38:29] [FINE   ] Enxugador terminou de secar o prato #111 em 7ms. 
[21:38:29] [FINE   ] Enxugador pegou o prato #112 do escorredor. 
[21:38:29] [FINE   ] Escorredor CHEIO! Quantidade de pratos: 10 
[21:38:29] [FINE   ] Lavador colocou o prato #122 no escorredor. 
[21:38:29] [FINE   ] Lavador pegou o prato #123 (Sujeira: BAIXO) 
[21:38:29] [FINE   ] Lavador terminou de lavar o prato #123 
[21:38:29] [FINE   ] Enxugador terminou de secar o prato #112 em 7ms. 
[21:38:29] [FINE   ] Enxugador pegou o prato #113 do escorredor. 
[21:38:29] [FINE   ] Escorredor CHEIO! Quantidade de pratos: 10 
[21:38:29] [FINE   ] Lavador colocou o prato #123 no escorredor. 
[21:38:29] [FINE   ] Lavador pegou o prato #124 (Sujeira: MEDIO) 
[21:38:29] [FINE   ] Lavador terminou de lavar o prato #124 
[21:38:29] [FINE   ] Enxugador terminou de secar o prato #113 em 6ms. 
[21:38:29] [FINE   ] Enxugador pegou o prato #114 do escorredor. 
[21:38:29] [FINE   ] Escorredor CHEIO! Quantidade de pratos: 10 
[21:38:29] [FINE   ] Lavador colocou o prato #124 no escorredor. 
[21:38:29] [FINE   ] Lavador pegou o prato #125 (Sujeira: BAIXO) 
[21:38:29] [FINE   ] Lavador terminou de lavar o prato #125 
[21:38:29] [FINE   ] Enxugador terminou de secar o prato #114 em 10ms. 
[21:38:29] [FINE   ] Enxugador pegou o prato #115 do escorredor. 
[21:38:29] [FINE   ] Escorredor CHEIO! Quantidade de pratos: 10 
[21:38:29] [FINE   ] Lavador colocou o prato #125 no escorredor. 
[21:38:29] [FINE   ] Lavador pegou o prato #126 (Sujeira: BAIXO) 
[21:38:29] [FINE   ] Lavador terminou de lavar o prato #126 
[21:38:29] [FINE   ] Enxugador terminou de secar o prato #115 em 8ms. 
[21:38:29] [FINE   ] Enxugador pegou o prato #116 do escorredor. 
[21:38:29] [FINE   ] Escorredor CHEIO! Quantidade de pratos: 10 
[21:38:29] [FINE   ] Lavador colocou o prato #126 no escorredor. 
[21:38:29] [FINE   ] Lavador pegou o prato #127 (Sujeira: MEDIO) 
[21:38:29] [FINE   ] Lavador terminou de lavar o prato #127 
[21:38:29] [FINE   ] Enxugador terminou de secar o prato #116 em 6ms. 
[21:38:29] [FINE   ] Enxugador pegou o prato #117 do escorredor. 
[21:38:29] [FINE   ] Escorredor CHEIO! Quantidade de pratos: 10 
[21:38:29] [FINE   ] Lavador colocou o prato #127 no escorredor. 
[21:38:29] [FINE   ] Lavador pegou o prato #128 (Sujeira: ENGORDURADO) 
[21:38:29] [FINE   ] Enxugador terminou de secar o prato #117 em 7ms. 
[21:38:29] [FINE   ] Enxugador pegou o prato #118 do escorredor. 
[21:38:29] [FINE   ] Lavador terminou de lavar o prato #128 
[21:38:29] [FINE   ] Escorredor CHEIO! Quantidade de pratos: 10 
[21:38:29] [FINE   ] Lavador colocou o prato #128 no escorredor. 
[21:38:29] [FINE   ] Lavador pegou o prato #129 (Sujeira: BAIXO) 
[21:38:29] [FINE   ] Enxugador terminou de secar o prato #118 em 3ms. 
[21:38:29] [FINE   ] Enxugador pegou o prato #119 do escorredor. 
[21:38:29] [FINE   ] Lavador terminou de lavar o prato #129 
[21:38:29] [FINE   ] Escorredor CHEIO! Quantidade de pratos: 10 
[21:38:29] [FINE   ] Lavador colocou o prato #129 no escorredor. 
[21:38:29] [FINE   ] Lavador pegou o prato #130 (Sujeira: ENGORDURADO) 
[21:38:29] [FINE   ] Enxugador terminou de secar o prato #119 em 6ms. 
[21:38:29] [FINE   ] Enxugador pegou o prato #120 do escorredor. 
[21:38:29] [FINE   ] Lavador terminou de lavar o prato #130 
[21:38:29] [FINE   ] Escorredor CHEIO! Quantidade de pratos: 10 
[21:38:29] [FINE   ] Lavador colocou o prato #130 no escorredor. 
[21:38:29] [FINE   ] Lavador pegou o prato #131 (Sujeira: BAIXO) 
[21:38:29] [FINE   ] Lavador terminou de lavar o prato #131 
[21:38:29] [FINE   ] Enxugador terminou de secar o prato #120 em 10ms. 
[21:38:29] [FINE   ] Enxugador pegou o prato #121 do escorredor. 
[21:38:29] [FINE   ] Escorredor CHEIO! Quantidade de pratos: 10 
[21:38:29] [FINE   ] Lavador colocou o prato #131 no escorredor. 
[21:38:29] [FINE   ] Lavador pegou o prato #132 (Sujeira: BAIXO) 
[21:38:29] [FINE   ] Lavador terminou de lavar o prato #132 
[21:38:29] [FINE   ] Enxugador terminou de secar o prato #121 em 8ms. 
[21:38:29] [FINE   ] Enxugador pegou o prato #122 do escorredor. 
[21:38:29] [FINE   ] Escorredor CHEIO! Quantidade de pratos: 10 
[21:38:29] [FINE   ] Lavador colocou o prato #132 no escorredor. 
[21:38:29] [FINE   ] Lavador pegou o prato #133 (Sujeira: MEDIO) 
[21:38:29] [FINE   ] Enxugador terminou de secar o prato #122 em 3ms. 
[21:38:29] [FINE   ] Enxugador pegou o prato #123 do escorredor. 
[21:38:29] [FINE   ] Lavador terminou de lavar o prato #133 
[21:38:29] [FINE   ] Escorredor CHEIO! Quantidade de pratos: 10 
[21:38:29] [FINE   ] Lavador colocou o prato #133 no escorredor. 
[21:38:29] [FINE   ] Lavador pegou o prato #134 (Sujeira: ENGORDURADO) 
[21:38:29] [FINE   ] Enxugador terminou de secar o prato #123 em 6ms. 
[21:38:29] [FINE   ] Enxugador pegou o prato #124 do escorredor. 
[21:38:29] [FINE   ] Lavador terminou de lavar o prato #134 
[21:38:29] [FINE   ] Escorredor CHEIO! Quantidade de pratos: 10 
[21:38:29] [FINE   ] Lavador colocou o prato #134 no escorredor. 
[21:38:29] [FINE   ] Lavador pegou o prato #135 (Sujeira: MEDIO) 
[21:38:29] [FINE   ] Enxugador terminou de secar o prato #124 em 7ms. 
[21:38:29] [FINE   ] Enxugador pegou o prato #125 do escorredor. 
[21:38:29] [FINE   ] Lavador terminou de lavar o prato #135 
[21:38:29] [FINE   ] Escorredor CHEIO! Quantidade de pratos: 10 
[21:38:29] [FINE   ] Lavador colocou o prato #135 no escorredor. 
[21:38:29] [FINE   ] Lavador pegou o prato #136 (Sujeira: BAIXO) 
[21:38:29] [FINE   ] Enxugador terminou de secar o prato #125 em 4ms. 
[21:38:29] [FINE   ] Enxugador pegou o prato #126 do escorredor. 
[21:38:29] [FINE   ] Lavador terminou de lavar o prato #136 
[21:38:29] [FINE   ] Escorredor CHEIO! Quantidade de pratos: 10 
[21:38:29] [FINE   ] Lavador colocou o prato #136 no escorredor. 
[21:38:29] [FINE   ] Lavador pegou o prato #137 (Sujeira: BAIXO) 
[21:38:29] [FINE   ] Lavador terminou de lavar o prato #137 
[21:38:29] [FINE   ] Enxugador terminou de secar o prato #126 em 8ms. 
[21:38:29] [FINE   ] Enxugador pegou o prato #127 do escorredor. 
[21:38:29] [FINE   ] Escorredor CHEIO! Quantidade de pratos: 10 
[21:38:29] [FINE   ] Lavador colocou o prato #137 no escorredor. 
[21:38:29] [FINE   ] Lavador pegou o prato #138 (Sujeira: BAIXO) 
[21:38:29] [FINE   ] Lavador terminou de lavar o prato #138 
[21:38:29] [FINE   ] Enxugador terminou de secar o prato #127 em 8ms. 
[21:38:29] [FINE   ] Enxugador pegou o prato #128 do escorredor. 
[21:38:29] [FINE   ] Escorredor CHEIO! Quantidade de pratos: 10 
[21:38:29] [FINE   ] Lavador colocou o prato #138 no escorredor. 
[21:38:29] [FINE   ] Lavador pegou o prato #139 (Sujeira: MEDIO) 
[21:38:29] [FINE   ] Lavador terminou de lavar o prato #139 
[21:38:29] [FINE   ] Enxugador terminou de secar o prato #128 em 9ms. 
[21:38:29] [FINE   ] Enxugador pegou o prato #129 do escorredor. 
[21:38:29] [FINE   ] Escorredor CHEIO! Quantidade de pratos: 10 
[21:38:29] [FINE   ] Lavador colocou o prato #139 no escorredor. 
[21:38:29] [FINE   ] Lavador pegou o prato #140 (Sujeira: BAIXO) 
[21:38:29] [FINE   ] Lavador terminou de lavar o prato #140 
[21:38:29] [FINE   ] Enxugador terminou de secar o prato #129 em 9ms. 
[21:38:29] [FINE   ] Enxugador pegou o prato #130 do escorredor. 
[21:38:29] [FINE   ] Escorredor CHEIO! Quantidade de pratos: 10 
[21:38:29] [FINE   ] Lavador colocou o prato #140 no escorredor. 
[21:38:29] [FINE   ] Lavador pegou o prato #141 (Sujeira: MEDIO) 
[21:38:29] [FINE   ] Lavador terminou de lavar o prato #141 
[21:38:29] [FINE   ] Enxugador terminou de secar o prato #130 em 9ms. 
[21:38:29] [FINE   ] Enxugador pegou o prato #131 do escorredor. 
[21:38:29] [FINE   ] Escorredor CHEIO! Quantidade de pratos: 10 
[21:38:29] [FINE   ] Lavador colocou o prato #141 no escorredor. 
[21:38:29] [FINE   ] Lavador pegou o prato #142 (Sujeira: MEDIO) 
[21:38:29] [FINE   ] Lavador terminou de lavar o prato #142 
[21:38:29] [FINE   ] Enxugador terminou de secar o prato #131 em 7ms. 
[21:38:29] [FINE   ] Enxugador pegou o prato #132 do escorredor. 
[21:38:29] [FINE   ] Escorredor CHEIO! Quantidade de pratos: 10 
[21:38:29] [FINE   ] Lavador colocou o prato #142 no escorredor. 
[21:38:29] [FINE   ] Lavador pegou o prato #143 (Sujeira: MEDIO) 
[21:38:29] [FINE   ] Lavador terminou de lavar o prato #143 
[21:38:29] [FINE   ] Enxugador terminou de secar o prato #132 em 10ms. 
[21:38:29] [FINE   ] Enxugador pegou o prato #133 do escorredor. 
[21:38:29] [FINE   ] Escorredor CHEIO! Quantidade de pratos: 10 
[21:38:29] [FINE   ] Lavador colocou o prato #143 no escorredor. 
[21:38:29] [FINE   ] Lavador pegou o prato #144 (Sujeira: MEDIO) 
[21:38:29] [FINE   ] Lavador terminou de lavar o prato #144 
[21:38:29] [FINE   ] Enxugador terminou de secar o prato #133 em 10ms. 
[21:38:29] [FINE   ] Enxugador pegou o prato #134 do escorredor. 
[21:38:29] [FINE   ] Escorredor CHEIO! Quantidade de pratos: 10 
[21:38:29] [FINE   ] Lavador colocou o prato #144 no escorredor. 
[21:38:29] [FINE   ] Lavador pegou o prato #145 (Sujeira: MEDIO) 
[21:38:29] [FINE   ] Lavador terminou de lavar o prato #145 
[21:38:29] [FINE   ] Enxugador terminou de secar o prato #134 em 10ms. 
[21:38:29] [FINE   ] Enxugador pegou o prato #135 do escorredor. 
[21:38:29] [FINE   ] Escorredor CHEIO! Quantidade de pratos: 10 
[21:38:29] [FINE   ] Lavador colocou o prato #145 no escorredor. 
[21:38:29] [FINE   ] Lavador pegou o prato #146 (Sujeira: BAIXO) 
[21:38:29] [FINE   ] Lavador terminou de lavar o prato #146 
[21:38:29] [FINE   ] Enxugador terminou de secar o prato #135 em 4ms. 
[21:38:29] [FINE   ] Enxugador pegou o prato #136 do escorredor. 
[21:38:29] [FINE   ] Escorredor CHEIO! Quantidade de pratos: 10 
[21:38:29] [FINE   ] Lavador colocou o prato #146 no escorredor. 
[21:38:29] [FINE   ] Lavador pegou o prato #147 (Sujeira: MEDIO) 
[21:38:29] [FINE   ] Enxugador terminou de secar o prato #136 em 3ms. 
[21:38:29] [FINE   ] Enxugador pegou o prato #137 do escorredor. 
[21:38:29] [FINE   ] Lavador terminou de lavar o prato #147 
[21:38:29] [FINE   ] Escorredor CHEIO! Quantidade de pratos: 10 
[21:38:29] [FINE   ] Lavador colocou o prato #147 no escorredor. 
[21:38:29] [FINE   ] Lavador pegou o prato #148 (Sujeira: MEDIO) 
[21:38:29] [FINE   ] Lavador terminou de lavar o prato #148 
[21:38:29] [FINE   ] Enxugador terminou de secar o prato #137 em 9ms. 
[21:38:29] [FINE   ] Enxugador pegou o prato #138 do escorredor. 
[21:38:29] [FINE   ] Escorredor CHEIO! Quantidade de pratos: 10 
[21:38:29] [FINE   ] Lavador colocou o prato #148 no escorredor. 
[21:38:29] [FINE   ] Lavador pegou o prato #149 (Sujeira: ENGORDURADO) 
[21:38:29] [FINE   ] Enxugador terminou de secar o prato #138 em 7ms. 
[21:38:29] [FINE   ] Enxugador pegou o prato #139 do escorredor. 
[21:38:29] [FINE   ] Lavador terminou de lavar o prato #149 
[21:38:29] [FINE   ] Escorredor CHEIO! Quantidade de pratos: 10 
[21:38:29] [FINE   ] Lavador colocou o prato #149 no escorredor. 
[21:38:29] [FINE   ] Lavador pegou o prato #150 (Sujeira: BAIXO) 
[21:38:29] [FINE   ] Lavador terminou de lavar o prato #150 
[21:38:29] [FINE   ] Enxugador terminou de secar o prato #139 em 10ms. 
[21:38:29] [FINE   ] Enxugador pegou o prato #140 do escorredor. 
[21:38:29] [FINE   ] Escorredor CHEIO! Quantidade de pratos: 10 
[21:38:29] [FINE   ] Lavador colocou o prato #150 no escorredor. 
[21:38:29] [FINE   ] Lavador pegou o prato #151 (Sujeira: MEDIO) 
[21:38:29] [FINE   ] Enxugador terminou de secar o prato #140 em 5ms. 
[21:38:29] [FINE   ] Enxugador pegou o prato #141 do escorredor. 
[21:38:29] [FINE   ] Lavador terminou de lavar o prato #151 
[21:38:29] [FINE   ] Escorredor CHEIO! Quantidade de pratos: 10 
[21:38:29] [FINE   ] Lavador colocou o prato #151 no escorredor. 
[21:38:29] [FINE   ] Lavador pegou o prato #152 (Sujeira: BAIXO) 
[21:38:29] [FINE   ] Lavador terminou de lavar o prato #152 
[21:38:29] [FINE   ] Enxugador terminou de secar o prato #141 em 8ms. 
[21:38:29] [FINE   ] Enxugador pegou o prato #142 do escorredor. 
[21:38:29] [FINE   ] Escorredor CHEIO! Quantidade de pratos: 10 
[21:38:29] [FINE   ] Lavador colocou o prato #152 no escorredor. 
[21:38:29] [FINE   ] Lavador pegou o prato #153 (Sujeira: MEDIO) 
[21:38:29] [FINE   ] Lavador terminou de lavar o prato #153 
[21:38:29] [FINE   ] Enxugador terminou de secar o prato #142 em 10ms. 
[21:38:29] [FINE   ] Enxugador pegou o prato #143 do escorredor. 
[21:38:29] [FINE   ] Escorredor CHEIO! Quantidade de pratos: 10 
[21:38:29] [FINE   ] Lavador colocou o prato #153 no escorredor. 
[21:38:29] [FINE   ] Lavador pegou o prato #154 (Sujeira: ENGORDURADO) 
[21:38:29] [FINE   ] Enxugador terminou de secar o prato #143 em 6ms. 
[21:38:29] [FINE   ] Enxugador pegou o prato #144 do escorredor. 
[21:38:29] [FINE   ] Enxugador terminou de secar o prato #144 em 4ms. 
[21:38:29] [FINE   ] Enxugador pegou o prato #145 do escorredor. 
[21:38:29] [FINE   ] Lavador terminou de lavar o prato #154 
[21:38:29] [FINE   ] Lavador colocou o prato #154 no escorredor. 
[21:38:29] [FINE   ] Lavador pegou o prato #155 (Sujeira: BAIXO) 
[21:38:29] [FINE   ] Lavador terminou de lavar o prato #155 
[21:38:29] [FINE   ] Escorredor CHEIO! Quantidade de pratos: 10 
[21:38:29] [FINE   ] Lavador colocou o prato #155 no escorredor. 
[21:38:29] [FINE   ] Lavador pegou o prato #156 (Sujeira: BAIXO) 
[21:38:29] [FINE   ] Enxugador terminou de secar o prato #145 em 8ms. 
[21:38:29] [FINE   ] Lavador terminou de lavar o prato #156 
[21:38:29] [FINE   ] Enxugador pegou o prato #146 do escorredor. 
[21:38:29] [FINE   ] Escorredor CHEIO! Quantidade de pratos: 10 
[21:38:29] [FINE   ] Lavador colocou o prato #156 no escorredor. 
[21:38:29] [FINE   ] Lavador pegou o prato #157 (Sujeira: BAIXO) 
[21:38:29] [FINE   ] Lavador terminou de lavar o prato #157 
[21:38:29] [FINE   ] Enxugador terminou de secar o prato #146 em 8ms. 
[21:38:29] [FINE   ] Enxugador pegou o prato #147 do escorredor. 
[21:38:29] [FINE   ] Escorredor CHEIO! Quantidade de pratos: 10 
[21:38:29] [FINE   ] Lavador colocou o prato #157 no escorredor. 
[21:38:29] [FINE   ] Lavador pegou o prato #158 (Sujeira: ENGORDURADO) 
[21:38:29] [FINE   ] Enxugador terminou de secar o prato #147 em 8ms. 
[21:38:29] [FINE   ] Enxugador pegou o prato #148 do escorredor. 
[21:38:29] [FINE   ] Lavador terminou de lavar o prato #158 
[21:38:29] [FINE   ] Escorredor CHEIO! Quantidade de pratos: 10 
[21:38:29] [FINE   ] Lavador colocou o prato #158 no escorredor. 
[21:38:29] [FINE   ] Lavador pegou o prato #159 (Sujeira: ENGORDURADO) 
[21:38:29] [FINE   ] Enxugador terminou de secar o prato #148 em 7ms. 
[21:38:29] [FINE   ] Enxugador pegou o prato #149 do escorredor. 
[21:38:29] [FINE   ] Lavador terminou de lavar o prato #159 
[21:38:29] [FINE   ] Escorredor CHEIO! Quantidade de pratos: 10 
[21:38:29] [FINE   ] Lavador colocou o prato #159 no escorredor. 
[21:38:29] [FINE   ] Lavador pegou o prato #160 (Sujeira: MEDIO) 
[21:38:29] [FINE   ] Enxugador terminou de secar o prato #149 em 9ms. 
[21:38:29] [FINE   ] Enxugador pegou o prato #150 do escorredor. 
[21:38:29] [FINE   ] Lavador terminou de lavar o prato #160 
[21:38:29] [FINE   ] Escorredor CHEIO! Quantidade de pratos: 10 
[21:38:29] [FINE   ] Lavador colocou o prato #160 no escorredor. 
[21:38:29] [FINE   ] Lavador pegou o prato #161 (Sujeira: BAIXO) 
[21:38:29] [FINE   ] Lavador terminou de lavar o prato #161 
[21:38:29] [FINE   ] Enxugador terminou de secar o prato #150 em 10ms. 
[21:38:29] [FINE   ] Enxugador pegou o prato #151 do escorredor. 
[21:38:29] [FINE   ] Escorredor CHEIO! Quantidade de pratos: 10 
[21:38:29] [FINE   ] Lavador colocou o prato #161 no escorredor. 
[21:38:29] [FINE   ] Lavador pegou o prato #162 (Sujeira: MEDIO) 
[21:38:29] [FINE   ] Lavador terminou de lavar o prato #162 
[21:38:29] [FINE   ] Enxugador terminou de secar o prato #151 em 7ms. 
[21:38:29] [FINE   ] Enxugador pegou o prato #152 do escorredor. 
[21:38:29] [FINE   ] Escorredor CHEIO! Quantidade de pratos: 10 
[21:38:29] [FINE   ] Lavador colocou o prato #162 no escorredor. 
[21:38:29] [FINE   ] Lavador pegou o prato #163 (Sujeira: MEDIO) 
[21:38:29] [FINE   ] Enxugador terminou de secar o prato #152 em 4ms. 
[21:38:29] [FINE   ] Enxugador pegou o prato #153 do escorredor. 
[21:38:29] [FINE   ] Lavador terminou de lavar o prato #163 
[21:38:29] [FINE   ] Escorredor CHEIO! Quantidade de pratos: 10 
[21:38:29] [FINE   ] Lavador colocou o prato #163 no escorredor. 
[21:38:29] [FINE   ] Lavador pegou o prato #164 (Sujeira: BAIXO) 
[21:38:29] [FINE   ] Enxugador terminou de secar o prato #153 em 4ms. 
[21:38:29] [FINE   ] Enxugador pegou o prato #154 do escorredor. 
[21:38:29] [FINE   ] Lavador terminou de lavar o prato #164 
[21:38:29] [FINE   ] Escorredor CHEIO! Quantidade de pratos: 10 
[21:38:29] [FINE   ] Lavador colocou o prato #164 no escorredor. 
[21:38:29] [FINE   ] Lavador pegou o prato #165 (Sujeira: BAIXO) 
[21:38:29] [FINE   ] Lavador terminou de lavar o prato #165 
[21:38:29] [FINE   ] Enxugador terminou de secar o prato #154 em 9ms. 
[21:38:29] [FINE   ] Enxugador pegou o prato #155 do escorredor. 
[21:38:29] [FINE   ] Escorredor CHEIO! Quantidade de pratos: 10 
[21:38:29] [FINE   ] Lavador colocou o prato #165 no escorredor. 
[21:38:29] [FINE   ] Lavador pegou o prato #166 (Sujeira: BAIXO) 
[21:38:29] [FINE   ] Lavador terminou de lavar o prato #166 
[21:38:29] [FINE   ] Enxugador terminou de secar o prato #155 em 9ms. 
[21:38:29] [FINE   ] Enxugador pegou o prato #156 do escorredor. 
[21:38:29] [FINE   ] Escorredor CHEIO! Quantidade de pratos: 10 
[21:38:29] [FINE   ] Lavador colocou o prato #166 no escorredor. 
[21:38:29] [FINE   ] Lavador pegou o prato #167 (Sujeira: MEDIO) 
[21:38:29] [FINE   ] Enxugador terminou de secar o prato #156 em 3ms. 
[21:38:29] [FINE   ] Enxugador pegou o prato #157 do escorredor. 
[21:38:29] [FINE   ] Lavador terminou de lavar o prato #167 
[21:38:29] [FINE   ] Escorredor CHEIO! Quantidade de pratos: 10 
[21:38:29] [FINE   ] Lavador colocou o prato #167 no escorredor. 
[21:38:29] [FINE   ] Lavador pegou o prato #168 (Sujeira: MEDIO) 
[21:38:29] [FINE   ] Enxugador terminou de secar o prato #157 em 5ms. 
[21:38:29] [FINE   ] Enxugador pegou o prato #158 do escorredor. 
[21:38:29] [FINE   ] Lavador terminou de lavar o prato #168 
[21:38:29] [FINE   ] Escorredor CHEIO! Quantidade de pratos: 10 
[21:38:29] [FINE   ] Lavador colocou o prato #168 no escorredor. 
[21:38:29] [FINE   ] Lavador pegou o prato #169 (Sujeira: MEDIO) 
[21:38:29] [FINE   ] Lavador terminou de lavar o prato #169 
[21:38:29] [FINE   ] Enxugador terminou de secar o prato #158 em 9ms. 
[21:38:29] [FINE   ] Enxugador pegou o prato #159 do escorredor. 
[21:38:29] [FINE   ] Escorredor CHEIO! Quantidade de pratos: 10 
[21:38:29] [FINE   ] Lavador colocou o prato #169 no escorredor. 
[21:38:29] [FINE   ] Lavador pegou o prato #170 (Sujeira: ENGORDURADO) 
[21:38:29] [FINE   ] Lavador terminou de lavar o prato #170 
[21:38:29] [FINE   ] Enxugador terminou de secar o prato #159 em 10ms. 
[21:38:29] [FINE   ] Enxugador pegou o prato #160 do escorredor. 
[21:38:29] [FINE   ] Escorredor CHEIO! Quantidade de pratos: 10 
[21:38:29] [FINE   ] Lavador colocou o prato #170 no escorredor. 
[21:38:29] [FINE   ] Lavador pegou o prato #171 (Sujeira: BAIXO) 
[21:38:29] [FINE   ] Lavador terminou de lavar o prato #171 
[21:38:29] [FINE   ] Enxugador terminou de secar o prato #160 em 7ms. 
[21:38:29] [FINE   ] Enxugador pegou o prato #161 do escorredor. 
[21:38:29] [FINE   ] Escorredor CHEIO! Quantidade de pratos: 10 
[21:38:29] [FINE   ] Lavador colocou o prato #171 no escorredor. 
[21:38:29] [FINE   ] Lavador pegou o prato #172 (Sujeira: MEDIO) 
[21:38:29] [FINE   ] Lavador terminou de lavar o prato #172 
[21:38:30] [FINE   ] Enxugador terminou de secar o prato #161 em 9ms. 
[21:38:30] [FINE   ] Enxugador pegou o prato #162 do escorredor. 
[21:38:30] [FINE   ] Escorredor CHEIO! Quantidade de pratos: 10 
[21:38:30] [FINE   ] Lavador colocou o prato #172 no escorredor. 
[21:38:30] [FINE   ] Lavador pegou o prato #173 (Sujeira: MEDIO) 
[21:38:30] [FINE   ] Lavador terminou de lavar o prato #173 
[21:38:30] [FINE   ] Enxugador terminou de secar o prato #162 em 7ms. 
[21:38:30] [FINE   ] Escorredor CHEIO! Quantidade de pratos: 10 
[21:38:30] [FINE   ] Enxugador pegou o prato #163 do escorredor. 
[21:38:30] [FINE   ] Lavador colocou o prato #173 no escorredor. 
[21:38:30] [FINE   ] Lavador pegou o prato #174 (Sujeira: MEDIO) 
[21:38:30] [FINE   ] Lavador terminou de lavar o prato #174 
[21:38:30] [FINE   ] Enxugador terminou de secar o prato #163 em 6ms. 
[21:38:30] [FINE   ] Enxugador pegou o prato #164 do escorredor. 
[21:38:30] [FINE   ] Escorredor CHEIO! Quantidade de pratos: 10 
[21:38:30] [FINE   ] Lavador colocou o prato #174 no escorredor. 
[21:38:30] [FINE   ] Lavador pegou o prato #175 (Sujeira: BAIXO) 
[21:38:30] [FINE   ] Lavador terminou de lavar o prato #175 
[21:38:30] [FINE   ] Enxugador terminou de secar o prato #164 em 4ms. 
[21:38:30] [FINE   ] Enxugador pegou o prato #165 do escorredor. 
[21:38:30] [FINE   ] Escorredor CHEIO! Quantidade de pratos: 10 
[21:38:30] [FINE   ] Lavador colocou o prato #175 no escorredor. 
[21:38:30] [FINE   ] Lavador pegou o prato #176 (Sujeira: BAIXO) 
[21:38:30] [FINE   ] Lavador terminou de lavar o prato #176 
[21:38:30] [FINE   ] Enxugador terminou de secar o prato #165 em 6ms. 
[21:38:30] [FINE   ] Enxugador pegou o prato #166 do escorredor. 
[21:38:30] [FINE   ] Escorredor CHEIO! Quantidade de pratos: 10 
[21:38:30] [FINE   ] Lavador colocou o prato #176 no escorredor. 
[21:38:30] [FINE   ] Lavador pegou o prato #177 (Sujeira: MEDIO) 
[21:38:30] [FINE   ] Enxugador terminou de secar o prato #166 em 5ms. 
[21:38:30] [FINE   ] Enxugador pegou o prato #167 do escorredor. 
[21:38:30] [FINE   ] Lavador terminou de lavar o prato #177 
[21:38:30] [FINE   ] Escorredor CHEIO! Quantidade de pratos: 10 
[21:38:30] [FINE   ] Lavador colocou o prato #177 no escorredor. 
[21:38:30] [FINE   ] Lavador pegou o prato #178 (Sujeira: BAIXO) 
[21:38:30] [FINE   ] Enxugador terminou de secar o prato #167 em 5ms. 
[21:38:30] [FINE   ] Lavador terminou de lavar o prato #178 
[21:38:30] [FINE   ] Escorredor CHEIO! Quantidade de pratos: 10 
[21:38:30] [FINE   ] Enxugador pegou o prato #168 do escorredor. 
[21:38:30] [FINE   ] Lavador colocou o prato #178 no escorredor. 
[21:38:30] [FINE   ] Lavador pegou o prato #179 (Sujeira: MEDIO) 
[21:38:30] [FINE   ] Enxugador terminou de secar o prato #168 em 6ms. 
[21:38:30] [FINE   ] Lavador terminou de lavar o prato #179 
[21:38:30] [FINE   ] Enxugador pegou o prato #169 do escorredor. 
[21:38:30] [FINE   ] Escorredor CHEIO! Quantidade de pratos: 10 
[21:38:30] [FINE   ] Lavador colocou o prato #179 no escorredor. 
[21:38:30] [FINE   ] Lavador pegou o prato #180 (Sujeira: BAIXO) 
[21:38:30] [FINE   ] Lavador terminou de lavar o prato #180 
[21:38:30] [FINE   ] Enxugador terminou de secar o prato #169 em 7ms. 
[21:38:30] [FINE   ] Enxugador pegou o prato #170 do escorredor. 
[21:38:30] [FINE   ] Escorredor CHEIO! Quantidade de pratos: 10 
[21:38:30] [FINE   ] Lavador colocou o prato #180 no escorredor. 
[21:38:30] [FINE   ] Lavador pegou o prato #181 (Sujeira: MEDIO) 
[21:38:30] [FINE   ] Lavador terminou de lavar o prato #181 
[21:38:30] [FINE   ] Enxugador terminou de secar o prato #170 em 8ms. 
[21:38:30] [FINE   ] Escorredor CHEIO! Quantidade de pratos: 10 
[21:38:30] [FINE   ] Enxugador pegou o prato #171 do escorredor. 
[21:38:30] [FINE   ] Lavador colocou o prato #181 no escorredor. 
[21:38:30] [FINE   ] Lavador pegou o prato #182 (Sujeira: BAIXO) 
[21:38:30] [FINE   ] Lavador terminou de lavar o prato #182 
[21:38:30] [FINE   ] Enxugador terminou de secar o prato #171 em 7ms. 
[21:38:30] [FINE   ] Enxugador pegou o prato #172 do escorredor. 
[21:38:30] [FINE   ] Escorredor CHEIO! Quantidade de pratos: 10 
[21:38:30] [FINE   ] Lavador colocou o prato #182 no escorredor. 
[21:38:30] [FINE   ] Lavador pegou o prato #183 (Sujeira: MEDIO) 
[21:38:30] [FINE   ] Lavador terminou de lavar o prato #183 
[21:38:30] [FINE   ] Enxugador terminou de secar o prato #172 em 9ms. 
[21:38:30] [FINE   ] Enxugador pegou o prato #173 do escorredor. 
[21:38:30] [FINE   ] Escorredor CHEIO! Quantidade de pratos: 10 
[21:38:30] [FINE   ] Lavador colocou o prato #183 no escorredor. 
[21:38:30] [FINE   ] Lavador pegou o prato #184 (Sujeira: MEDIO) 
[21:38:30] [FINE   ] Enxugador terminou de secar o prato #173 em 4ms. 
[21:38:30] [FINE   ] Enxugador pegou o prato #174 do escorredor. 
[21:38:30] [FINE   ] Lavador terminou de lavar o prato #184 
[21:38:30] [FINE   ] Escorredor CHEIO! Quantidade de pratos: 10 
[21:38:30] [FINE   ] Lavador colocou o prato #184 no escorredor. 
[21:38:30] [FINE   ] Lavador pegou o prato #185 (Sujeira: MEDIO) 
[21:38:30] [FINE   ] Lavador terminou de lavar o prato #185 
[21:38:30] [FINE   ] Enxugador terminou de secar o prato #174 em 10ms. 
[21:38:30] [FINE   ] Enxugador pegou o prato #175 do escorredor. 
[21:38:30] [FINE   ] Escorredor CHEIO! Quantidade de pratos: 10 
[21:38:30] [FINE   ] Lavador colocou o prato #185 no escorredor. 
[21:38:30] [FINE   ] Lavador pegou o prato #186 (Sujeira: MEDIO) 
[21:38:30] [FINE   ] Lavador terminou de lavar o prato #186 
[21:38:30] [FINE   ] Enxugador terminou de secar o prato #175 em 5ms. 
[21:38:30] [FINE   ] Enxugador pegou o prato #176 do escorredor. 
[21:38:30] [FINE   ] Escorredor CHEIO! Quantidade de pratos: 10 
[21:38:30] [FINE   ] Lavador colocou o prato #186 no escorredor. 
[21:38:30] [FINE   ] Lavador pegou o prato #187 (Sujeira: MEDIO) 
[21:38:30] [FINE   ] Lavador terminou de lavar o prato #187 
[21:38:30] [FINE   ] Enxugador terminou de secar o prato #176 em 10ms. 
[21:38:30] [FINE   ] Enxugador pegou o prato #177 do escorredor. 
[21:38:30] [FINE   ] Escorredor CHEIO! Quantidade de pratos: 10 
[21:38:30] [FINE   ] Lavador colocou o prato #187 no escorredor. 
[21:38:30] [FINE   ] Lavador pegou o prato #188 (Sujeira: MEDIO) 
[21:38:30] [FINE   ] Lavador terminou de lavar o prato #188 
[21:38:30] [FINE   ] Enxugador terminou de secar o prato #177 em 8ms. 
[21:38:30] [FINE   ] Enxugador pegou o prato #178 do escorredor. 
[21:38:30] [FINE   ] Escorredor CHEIO! Quantidade de pratos: 10 
[21:38:30] [FINE   ] Lavador colocou o prato #188 no escorredor. 
[21:38:30] [FINE   ] Lavador pegou o prato #189 (Sujeira: MEDIO) 
[21:38:30] [FINE   ] Lavador terminou de lavar o prato #189 
[21:38:30] [FINE   ] Enxugador terminou de secar o prato #178 em 10ms. 
[21:38:30] [FINE   ] Enxugador pegou o prato #179 do escorredor. 
[21:38:30] [FINE   ] Escorredor CHEIO! Quantidade de pratos: 10 
[21:38:30] [FINE   ] Lavador colocou o prato #189 no escorredor. 
[21:38:30] [FINE   ] Lavador pegou o prato #190 (Sujeira: MEDIO) 
[21:38:30] [FINE   ] Lavador terminou de lavar o prato #190 
[21:38:30] [FINE   ] Enxugador terminou de secar o prato #179 em 8ms. 
[21:38:30] [FINE   ] Enxugador pegou o prato #180 do escorredor. 
[21:38:30] [FINE   ] Escorredor CHEIO! Quantidade de pratos: 10 
[21:38:30] [FINE   ] Lavador colocou o prato #190 no escorredor. 
[21:38:30] [FINE   ] Lavador pegou o prato #191 (Sujeira: MEDIO) 
[21:38:30] [FINE   ] Enxugador terminou de secar o prato #180 em 5ms. 
[21:38:30] [FINE   ] Lavador terminou de lavar o prato #191 
[21:38:30] [FINE   ] Escorredor CHEIO! Quantidade de pratos: 10 
[21:38:30] [FINE   ] Enxugador pegou o prato #181 do escorredor. 
[21:38:30] [FINE   ] Lavador colocou o prato #191 no escorredor. 
[21:38:30] [FINE   ] Lavador pegou o prato #192 (Sujeira: MEDIO) 
[21:38:30] [FINE   ] Lavador terminou de lavar o prato #192 
[21:38:30] [FINE   ] Enxugador terminou de secar o prato #181 em 10ms. 
[21:38:30] [FINE   ] Enxugador pegou o prato #182 do escorredor. 
[21:38:30] [FINE   ] Escorredor CHEIO! Quantidade de pratos: 10 
[21:38:30] [FINE   ] Lavador colocou o prato #192 no escorredor. 
[21:38:30] [FINE   ] Lavador pegou o prato #193 (Sujeira: MEDIO) 
[21:38:30] [FINE   ] Lavador terminou de lavar o prato #193 
[21:38:30] [FINE   ] Enxugador terminou de secar o prato #182 em 6ms. 
[21:38:30] [FINE   ] Enxugador pegou o prato #183 do escorredor. 
[21:38:30] [FINE   ] Escorredor CHEIO! Quantidade de pratos: 10 
[21:38:30] [FINE   ] Lavador colocou o prato #193 no escorredor. 
[21:38:30] [FINE   ] Lavador pegou o prato #194 (Sujeira: MEDIO) 
[21:38:30] [FINE   ] Lavador terminou de lavar o prato #194 
[21:38:30] [FINE   ] Enxugador terminou de secar o prato #183 em 10ms. 
[21:38:30] [FINE   ] Enxugador pegou o prato #184 do escorredor. 
[21:38:30] [FINE   ] Escorredor CHEIO! Quantidade de pratos: 10 
[21:38:30] [FINE   ] Lavador colocou o prato #194 no escorredor. 
[21:38:30] [FINE   ] Lavador pegou o prato #195 (Sujeira: MEDIO) 
[21:38:30] [FINE   ] Enxugador terminou de secar o prato #184 em 3ms. 
[21:38:30] [FINE   ] Enxugador pegou o prato #185 do escorredor. 
[21:38:30] [FINE   ] Lavador terminou de lavar o prato #195 
[21:38:30] [FINE   ] Escorredor CHEIO! Quantidade de pratos: 10 
[21:38:30] [FINE   ] Lavador colocou o prato #195 no escorredor. 
[21:38:30] [FINE   ] Lavador pegou o prato #196 (Sujeira: MEDIO) 
[21:38:30] [FINE   ] Enxugador terminou de secar o prato #185 em 5ms. 
[21:38:30] [FINE   ] Enxugador pegou o prato #186 do escorredor. 
[21:38:30] [FINE   ] Lavador terminou de lavar o prato #196 
[21:38:30] [FINE   ] Escorredor CHEIO! Quantidade de pratos: 10 
[21:38:30] [FINE   ] Lavador colocou o prato #196 no escorredor. 
[21:38:30] [FINE   ] Lavador pegou o prato #197 (Sujeira: MEDIO) 
[21:38:30] [FINE   ] Enxugador terminou de secar o prato #186 em 5ms. 
[21:38:30] [FINE   ] Enxugador pegou o prato #187 do escorredor. 
[21:38:30] [FINE   ] Lavador terminou de lavar o prato #197 
[21:38:30] [FINE   ] Escorredor CHEIO! Quantidade de pratos: 10 
[21:38:30] [FINE   ] Lavador colocou o prato #197 no escorredor. 
[21:38:30] [FINE   ] Lavador pegou o prato #198 (Sujeira: MEDIO) 
[21:38:30] [FINE   ] Lavador terminou de lavar o prato #198 
[21:38:30] [FINE   ] Enxugador terminou de secar o prato #187 em 8ms. 
[21:38:30] [FINE   ] Enxugador pegou o prato #188 do escorredor. 
[21:38:30] [FINE   ] Escorredor CHEIO! Quantidade de pratos: 10 
[21:38:30] [FINE   ] Lavador colocou o prato #198 no escorredor. 
[21:38:30] [FINE   ] Lavador pegou o prato #199 (Sujeira: MEDIO) 
[21:38:30] [FINE   ] Lavador terminou de lavar o prato #199 
[21:38:30] [FINE   ] Enxugador terminou de secar o prato #188 em 8ms. 
[21:38:30] [FINE   ] Enxugador pegou o prato #189 do escorredor. 
[21:38:30] [FINE   ] Escorredor CHEIO! Quantidade de pratos: 10 
[21:38:30] [FINE   ] Lavador colocou o prato #199 no escorredor. 
[21:38:30] [FINE   ] Lavador pegou o prato #200 (Sujeira: MEDIO) 
[21:38:30] [FINE   ] Enxugador terminou de secar o prato #189 em 3ms. 
[21:38:30] [FINE   ] Enxugador pegou o prato #190 do escorredor. 
[21:38:30] [FINE   ] Lavador terminou de lavar o prato #200 
[21:38:30] [FINE   ] Escorredor CHEIO! Quantidade de pratos: 10 
[21:38:30] [FINE   ] Lavador colocou o prato #200 no escorredor. 
[21:38:30] [FINE   ] Lavador pegou o prato #201 (Sujeira: MEDIO) 
[21:38:30] [FINE   ] Lavador terminou de lavar o prato #201 
[21:38:30] [FINE   ] Enxugador terminou de secar o prato #190 em 9ms. 
[21:38:30] [FINE   ] Enxugador pegou o prato #191 do escorredor. 
[21:38:30] [FINE   ] Escorredor CHEIO! Quantidade de pratos: 10 
[21:38:30] [FINE   ] Lavador colocou o prato #201 no escorredor. 
[21:38:30] [FINE   ] Lavador pegou o prato #202 (Sujeira: MEDIO) 
[21:38:30] [FINE   ] Lavador terminou de lavar o prato #202 
[21:38:30] [FINE   ] Enxugador terminou de secar o prato #191 em 10ms. 
[21:38:30] [FINE   ] Enxugador pegou o prato #192 do escorredor. 
[21:38:30] [FINE   ] Escorredor CHEIO! Quantidade de pratos: 10 
[21:38:30] [FINE   ] Lavador colocou o prato #202 no escorredor. 
[21:38:30] [FINE   ] Lavador pegou o prato #203 (Sujeira: BAIXO) 
[21:38:30] [FINE   ] Lavador terminou de lavar o prato #203 
[21:38:30] [FINE   ] Enxugador terminou de secar o prato #192 em 6ms. 
[21:38:30] [FINE   ] Enxugador pegou o prato #193 do escorredor. 
[21:38:30] [FINE   ] Escorredor CHEIO! Quantidade de pratos: 10 
[21:38:30] [FINE   ] Lavador colocou o prato #203 no escorredor. 
[21:38:30] [FINE   ] Lavador pegou o prato #204 (Sujeira: ENGORDURADO) 
[21:38:30] [FINE   ] Enxugador terminou de secar o prato #193 em 7ms. 
[21:38:30] [FINE   ] Enxugador pegou o prato #194 do escorredor. 
[21:38:30] [FINE   ] Lavador terminou de lavar o prato #204 
[21:38:30] [FINE   ] Escorredor CHEIO! Quantidade de pratos: 10 
[21:38:30] [FINE   ] Lavador colocou o prato #204 no escorredor. 
[21:38:30] [FINE   ] Lavador pegou o prato #205 (Sujeira: MEDIO) 
[21:38:30] [FINE   ] Lavador terminou de lavar o prato #205 
[21:38:30] [FINE   ] Enxugador terminou de secar o prato #194 em 9ms. 
[21:38:30] [FINE   ] Enxugador pegou o prato #195 do escorredor. 
[21:38:30] [FINE   ] Escorredor CHEIO! Quantidade de pratos: 10 
[21:38:30] [FINE   ] Lavador colocou o prato #205 no escorredor. 
[21:38:30] [FINE   ] Lavador pegou o prato #206 (Sujeira: BAIXO) 
[21:38:30] [FINE   ] Lavador terminou de lavar o prato #206 
[21:38:30] [FINE   ] Enxugador terminou de secar o prato #195 em 5ms. 
[21:38:30] [FINE   ] Enxugador pegou o prato #196 do escorredor. 
[21:38:30] [FINE   ] Escorredor CHEIO! Quantidade de pratos: 10 
[21:38:30] [FINE   ] Lavador colocou o prato #206 no escorredor. 
[21:38:30] [FINE   ] Lavador pegou o prato #207 (Sujeira: BAIXO) 
[21:38:30] [FINE   ] Lavador terminou de lavar o prato #207 
[21:38:30] [FINE   ] Enxugador terminou de secar o prato #196 em 4ms. 
[21:38:30] [FINE   ] Enxugador pegou o prato #197 do escorredor. 
[21:38:30] [FINE   ] Escorredor CHEIO! Quantidade de pratos: 10 
[21:38:30] [FINE   ] Lavador colocou o prato #207 no escorredor. 
[21:38:30] [FINE   ] Lavador pegou o prato #208 (Sujeira: MEDIO) 
[21:38:30] [FINE   ] Lavador terminou de lavar o prato #208 
[21:38:30] [FINE   ] Enxugador terminou de secar o prato #197 em 7ms. 
[21:38:30] [FINE   ] Enxugador pegou o prato #198 do escorredor. 
[21:38:30] [FINE   ] Escorredor CHEIO! Quantidade de pratos: 10 
[21:38:30] [FINE   ] Lavador colocou o prato #208 no escorredor. 
[21:38:30] [FINE   ] Lavador pegou o prato #209 (Sujeira: MEDIO) 
[21:38:30] [FINE   ] Lavador terminou de lavar o prato #209 
[21:38:30] [FINE   ] Enxugador terminou de secar o prato #198 em 4ms. 
[21:38:30] [FINE   ] Enxugador pegou o prato #199 do escorredor. 
[21:38:30] [FINE   ] Escorredor CHEIO! Quantidade de pratos: 10 
[21:38:30] [FINE   ] Lavador colocou o prato #209 no escorredor. 
[21:38:30] [FINE   ] Lavador pegou o prato #210 (Sujeira: BAIXO) 
[21:38:30] [FINE   ] Lavador terminou de lavar o prato #210 
[21:38:30] [FINE   ] Enxugador terminou de secar o prato #199 em 8ms. 
[21:38:30] [FINE   ] Enxugador pegou o prato #200 do escorredor. 
[21:38:30] [FINE   ] Escorredor CHEIO! Quantidade de pratos: 10 
[21:38:30] [FINE   ] Lavador colocou o prato #210 no escorredor. 
[21:38:30] [FINE   ] Lavador pegou o prato #211 (Sujeira: BAIXO) 
[21:38:30] [FINE   ] Lavador terminou de lavar o prato #211 
[21:38:30] [FINE   ] Enxugador terminou de secar o prato #200 em 3ms. 
[21:38:30] [FINE   ] Enxugador pegou o prato #201 do escorredor. 
[21:38:30] [FINE   ] Escorredor CHEIO! Quantidade de pratos: 10 
[21:38:30] [FINE   ] Lavador colocou o prato #211 no escorredor. 
[21:38:30] [FINE   ] Lavador pegou o prato #212 (Sujeira: MEDIO) 
[21:38:30] [FINE   ] Lavador terminou de lavar o prato #212 
[21:38:30] [FINE   ] Enxugador terminou de secar o prato #201 em 6ms. 
[21:38:30] [FINE   ] Enxugador pegou o prato #202 do escorredor. 
[21:38:30] [FINE   ] Escorredor CHEIO! Quantidade de pratos: 10 
[21:38:30] [FINE   ] Lavador colocou o prato #212 no escorredor. 
[21:38:30] [FINE   ] Lavador pegou o prato #213 (Sujeira: MEDIO) 
[21:38:30] [FINE   ] Lavador terminou de lavar o prato #213 
[21:38:30] [FINE   ] Enxugador terminou de secar o prato #202 em 10ms. 
[21:38:30] [FINE   ] Enxugador pegou o prato #203 do escorredor. 
[21:38:30] [FINE   ] Escorredor CHEIO! Quantidade de pratos: 10 
[21:38:30] [FINE   ] Lavador colocou o prato #213 no escorredor. 
[21:38:30] [FINE   ] Lavador pegou o prato #214 (Sujeira: BAIXO) 
[21:38:30] [FINE   ] Lavador terminou de lavar o prato #214 
[21:38:30] [FINE   ] Enxugador terminou de secar o prato #203 em 4ms. 
[21:38:30] [FINE   ] Enxugador pegou o prato #204 do escorredor. 
[21:38:30] [FINE   ] Escorredor CHEIO! Quantidade de pratos: 10 
[21:38:30] [FINE   ] Lavador colocou o prato #214 no escorredor. 
[21:38:30] [FINE   ] Lavador pegou o prato #215 (Sujeira: MEDIO) 
[21:38:30] [FINE   ] Lavador terminou de lavar o prato #215 
[21:38:30] [FINE   ] Enxugador terminou de secar o prato #204 em 9ms. 
[21:38:30] [FINE   ] Enxugador pegou o prato #205 do escorredor. 
[21:38:30] [FINE   ] Escorredor CHEIO! Quantidade de pratos: 10 
[21:38:30] [FINE   ] Lavador colocou o prato #215 no escorredor. 
[21:38:30] [FINE   ] Lavador pegou o prato #216 (Sujeira: MEDIO) 
[21:38:30] [FINE   ] Lavador terminou de lavar o prato #216 
[21:38:30] [FINE   ] Enxugador terminou de secar o prato #205 em 6ms. 
[21:38:30] [FINE   ] Enxugador pegou o prato #206 do escorredor. 
[21:38:30] [FINE   ] Escorredor CHEIO! Quantidade de pratos: 10 
[21:38:30] [FINE   ] Lavador colocou o prato #216 no escorredor. 
[21:38:30] [FINE   ] Lavador pegou o prato #217 (Sujeira: ENGORDURADO) 
[21:38:30] [FINE   ] Enxugador terminou de secar o prato #206 em 5ms. 
[21:38:30] [FINE   ] Enxugador pegou o prato #207 do escorredor. 
[21:38:30] [FINE   ] Lavador terminou de lavar o prato #217 
[21:38:30] [FINE   ] Escorredor CHEIO! Quantidade de pratos: 10 
[21:38:30] [FINE   ] Lavador colocou o prato #217 no escorredor. 
[21:38:30] [FINE   ] Lavador pegou o prato #218 (Sujeira: BAIXO) 
[21:38:30] [FINE   ] Enxugador terminou de secar o prato #207 em 8ms. 
[21:38:30] [FINE   ] Enxugador pegou o prato #208 do escorredor. 
[21:38:30] [FINE   ] Lavador terminou de lavar o prato #218 
[21:38:30] [FINE   ] Escorredor CHEIO! Quantidade de pratos: 10 
[21:38:30] [FINE   ] Lavador colocou o prato #218 no escorredor. 
[21:38:30] [FINE   ] Lavador pegou o prato #219 (Sujeira: MEDIO) 
[21:38:30] [FINE   ] Lavador terminou de lavar o prato #219 
[21:38:30] [FINE   ] Enxugador terminou de secar o prato #208 em 8ms. 
[21:38:30] [FINE   ] Enxugador pegou o prato #209 do escorredor. 
[21:38:30] [FINE   ] Escorredor CHEIO! Quantidade de pratos: 10 
[21:38:30] [FINE   ] Lavador colocou o prato #219 no escorredor. 
[21:38:30] [FINE   ] Lavador pegou o prato #220 (Sujeira: ENGORDURADO) 
[21:38:30] [FINE   ] Enxugador terminou de secar o prato #209 em 9ms. 
[21:38:30] [FINE   ] Enxugador pegou o prato #210 do escorredor. 
[21:38:30] [FINE   ] Lavador terminou de lavar o prato #220 
[21:38:30] [FINE   ] Escorredor CHEIO! Quantidade de pratos: 10 
[21:38:30] [FINE   ] Lavador colocou o prato #220 no escorredor. 
[21:38:30] [FINE   ] Lavador pegou o prato #221 (Sujeira: MEDIO) 
[21:38:30] [FINE   ] Lavador terminou de lavar o prato #221 
[21:38:30] [FINE   ] Enxugador terminou de secar o prato #210 em 8ms. 
[21:38:30] [FINE   ] Enxugador pegou o prato #211 do escorredor. 
[21:38:30] [FINE   ] Escorredor CHEIO! Quantidade de pratos: 10 
[21:38:30] [FINE   ] Lavador colocou o prato #221 no escorredor. 
[21:38:30] [FINE   ] Lavador pegou o prato #222 (Sujeira: MEDIO) 
[21:38:30] [FINE   ] Lavador terminou de lavar o prato #222 
[21:38:30] [FINE   ] Enxugador terminou de secar o prato #211 em 7ms. 
[21:38:30] [FINE   ] Enxugador pegou o prato #212 do escorredor. 
[21:38:30] [FINE   ] Escorredor CHEIO! Quantidade de pratos: 10 
[21:38:30] [FINE   ] Lavador colocou o prato #222 no escorredor. 
[21:38:30] [FINE   ] Lavador pegou o prato #223 (Sujeira: MEDIO) 
[21:38:30] [FINE   ] Lavador terminou de lavar o prato #223 
[21:38:30] [FINE   ] Enxugador terminou de secar o prato #212 em 9ms. 
[21:38:30] [FINE   ] Enxugador pegou o prato #213 do escorredor. 
[21:38:30] [FINE   ] Escorredor CHEIO! Quantidade de pratos: 10 
[21:38:30] [FINE   ] Lavador colocou o prato #223 no escorredor. 
[21:38:30] [FINE   ] Lavador pegou o prato #224 (Sujeira: MEDIO) 
[21:38:30] [FINE   ] Enxugador terminou de secar o prato #213 em 4ms. 
[21:38:30] [FINE   ] Enxugador pegou o prato #214 do escorredor. 
[21:38:30] [FINE   ] Lavador terminou de lavar o prato #224 
[21:38:30] [FINE   ] Escorredor CHEIO! Quantidade de pratos: 10 
[21:38:30] [FINE   ] Lavador colocou o prato #224 no escorredor. 
[21:38:30] [FINE   ] Lavador pegou o prato #225 (Sujeira: MEDIO) 
[21:38:30] [FINE   ] Enxugador terminou de secar o prato #214 em 4ms. 
[21:38:30] [FINE   ] Enxugador pegou o prato #215 do escorredor. 
[21:38:30] [FINE   ] Lavador terminou de lavar o prato #225 
[21:38:30] [FINE   ] Escorredor CHEIO! Quantidade de pratos: 10 
[21:38:30] [FINE   ] Lavador colocou o prato #225 no escorredor. 
[21:38:30] [FINE   ] Lavador pegou o prato #226 (Sujeira: MEDIO) 
[21:38:30] [FINE   ] Lavador terminou de lavar o prato #226 
[21:38:30] [FINE   ] Enxugador terminou de secar o prato #215 em 8ms. 
[21:38:30] [FINE   ] Enxugador pegou o prato #216 do escorredor. 
[21:38:30] [FINE   ] Escorredor CHEIO! Quantidade de pratos: 10 
[21:38:30] [FINE   ] Lavador colocou o prato #226 no escorredor. 
[21:38:30] [FINE   ] Lavador pegou o prato #227 (Sujeira: MEDIO) 
[21:38:30] [FINE   ] Lavador terminou de lavar o prato #227 
[21:38:30] [FINE   ] Enxugador terminou de secar o prato #216 em 5ms. 
[21:38:30] [FINE   ] Enxugador pegou o prato #217 do escorredor. 
[21:38:30] [FINE   ] Escorredor CHEIO! Quantidade de pratos: 10 
[21:38:30] [FINE   ] Lavador colocou o prato #227 no escorredor. 
[21:38:30] [FINE   ] Lavador pegou o prato #228 (Sujeira: ENGORDURADO) 
[21:38:30] [FINE   ] Enxugador terminou de secar o prato #217 em 7ms. 
[21:38:30] [FINE   ] Enxugador pegou o prato #218 do escorredor. 
[21:38:30] [FINE   ] Lavador terminou de lavar o prato #228 
[21:38:30] [FINE   ] Escorredor CHEIO! Quantidade de pratos: 10 
[21:38:30] [FINE   ] Lavador colocou o prato #228 no escorredor. 
[21:38:30] [FINE   ] Lavador pegou o prato #229 (Sujeira: BAIXO) 
[21:38:30] [FINE   ] Enxugador terminou de secar o prato #218 em 5ms. 
[21:38:30] [FINE   ] Enxugador pegou o prato #219 do escorredor. 
[21:38:30] [FINE   ] Lavador terminou de lavar o prato #229 
[21:38:30] [FINE   ] Escorredor CHEIO! Quantidade de pratos: 10 
[21:38:30] [FINE   ] Lavador colocou o prato #229 no escorredor. 
[21:38:30] [FINE   ] Lavador pegou o prato #230 (Sujeira: ENGORDURADO) 
[21:38:30] [FINE   ] Enxugador terminou de secar o prato #219 em 4ms. 
[21:38:30] [FINE   ] Enxugador pegou o prato #220 do escorredor. 
[21:38:30] [FINE   ] Enxugador terminou de secar o prato #220 em 3ms. 
[21:38:30] [FINE   ] Enxugador pegou o prato #221 do escorredor. 
[21:38:30] [FINE   ] Enxugador terminou de secar o prato #221 em 7ms. 
[21:38:30] [FINE   ] Enxugador pegou o prato #222 do escorredor. 
[21:38:30] [FINE   ] Enxugador terminou de secar o prato #222 em 8ms. 
[21:38:30] [FINE   ] Enxugador pegou o prato #223 do escorredor. 
[21:38:30] [FINE   ] Lavador terminou de lavar o prato #230 
[21:38:30] [FINE   ] Lavador colocou o prato #230 no escorredor. 
[21:38:30] [FINE   ] Lavador pegou o prato #231 (Sujeira: MEDIO) 
[21:38:30] [FINE   ] Enxugador terminou de secar o prato #223 em 8ms. 
[21:38:30] [FINE   ] Lavador terminou de lavar o prato #231 
[21:38:30] [FINE   ] Enxugador pegou o prato #224 do escorredor. 
[21:38:30] [FINE   ] Lavador colocou o prato #231 no escorredor. 
[21:38:30] [FINE   ] Lavador pegou o prato #232 (Sujeira: BAIXO) 
[21:38:30] [FINE   ] Lavador terminou de lavar o prato #232 
[21:38:30] [FINE   ] Lavador colocou o prato #232 no escorredor. 
[21:38:30] [FINE   ] Lavador pegou o prato #233 (Sujeira: MEDIO) 
[21:38:30] [FINE   ] Enxugador terminou de secar o prato #224 em 4ms. 
[21:38:30] [FINE   ] Enxugador pegou o prato #225 do escorredor. 
[21:38:30] [FINE   ] Enxugador terminou de secar o prato #225 em 3ms. 
[21:38:30] [FINE   ] Lavador terminou de lavar o prato #233 
[21:38:30] [FINE   ] Lavador colocou o prato #233 no escorredor. 
[21:38:30] [FINE   ] Enxugador pegou o prato #226 do escorredor. 
[21:38:30] [FINE   ] Lavador pegou o prato #234 (Sujeira: MEDIO) 
[21:38:30] [FINE   ] Lavador terminou de lavar o prato #234 
[21:38:30] [FINE   ] Lavador colocou o prato #234 no escorredor. 
[21:38:30] [FINE   ] Lavador pegou o prato #235 (Sujeira: MEDIO) 
[21:38:30] [FINE   ] Enxugador terminou de secar o prato #226 em 6ms. 
[21:38:30] [FINE   ] Enxugador pegou o prato #227 do escorredor. 
[21:38:30] [FINE   ] Lavador terminou de lavar o prato #235 
[21:38:30] [FINE   ] Lavador colocou o prato #235 no escorredor. 
[21:38:30] [FINE   ] Lavador pegou o prato #236 (Sujeira: MEDIO) 
[21:38:30] [FINE   ] Enxugador terminou de secar o prato #227 em 6ms. 
[21:38:30] [FINE   ] Enxugador pegou o prato #228 do escorredor. 
[21:38:30] [FINE   ] Lavador terminou de lavar o prato #236 
[21:38:30] [FINE   ] Lavador colocou o prato #236 no escorredor. 
[21:38:30] [FINE   ] Lavador pegou o prato #237 (Sujeira: MEDIO) 
[21:38:30] [FINE   ] Enxugador terminou de secar o prato #228 em 8ms. 
[21:38:30] [FINE   ] Enxugador pegou o prato #229 do escorredor. 
[21:38:30] [FINE   ] Lavador terminou de lavar o prato #237 
[21:38:30] [FINE   ] Lavador colocou o prato #237 no escorredor. 
[21:38:30] [FINE   ] Lavador pegou o prato #238 (Sujeira: MEDIO) 
[21:38:30] [FINE   ] Enxugador terminou de secar o prato #229 em 8ms. 
[21:38:30] [FINE   ] Lavador terminou de lavar o prato #238 
[21:38:30] [FINE   ] Lavador colocou o prato #238 no escorredor. 
[21:38:30] [FINE   ] Enxugador pegou o prato #230 do escorredor. 
[21:38:30] [FINE   ] Lavador pegou o prato #239 (Sujeira: MEDIO) 
[21:38:30] [FINE   ] Lavador terminou de lavar o prato #239 
[21:38:30] [FINE   ] Lavador colocou o prato #239 no escorredor. 
[21:38:30] [FINE   ] Lavador pegou o prato #240 (Sujeira: MEDIO) 
[21:38:30] [FINE   ] Enxugador terminou de secar o prato #230 em 8ms. 
[21:38:30] [FINE   ] Enxugador pegou o prato #231 do escorredor. 
[21:38:30] [FINE   ] Lavador terminou de lavar o prato #240 
[21:38:30] [FINE   ] Lavador colocou o prato #240 no escorredor. 
[21:38:30] [FINE   ] Lavador pegou o prato #241 (Sujeira: BAIXO) 
[21:38:30] [FINE   ] Lavador terminou de lavar o prato #241 
[21:38:30] [FINE   ] Escorredor CHEIO! Quantidade de pratos: 10 
[21:38:30] [FINE   ] Lavador colocou o prato #241 no escorredor. 
[21:38:30] [FINE   ] Lavador pegou o prato #242 (Sujeira: MEDIO) 
[21:38:30] [FINE   ] Enxugador terminou de secar o prato #231 em 10ms. 
[21:38:30] [FINE   ] Enxugador pegou o prato #232 do escorredor. 
[21:38:30] [FINE   ] Lavador terminou de lavar o prato #242 
[21:38:30] [FINE   ] Escorredor CHEIO! Quantidade de pratos: 10 
[21:38:30] [FINE   ] Lavador colocou o prato #242 no escorredor. 
[21:38:30] [FINE   ] Lavador pegou o prato #243 (Sujeira: MEDIO) 
[21:38:30] [FINE   ] Lavador terminou de lavar o prato #243 
[21:38:30] [FINE   ] Enxugador terminou de secar o prato #232 em 10ms. 
[21:38:30] [FINE   ] Enxugador pegou o prato #233 do escorredor. 
[21:38:30] [FINE   ] Escorredor CHEIO! Quantidade de pratos: 10 
[21:38:30] [FINE   ] Lavador colocou o prato #243 no escorredor. 
[21:38:30] [FINE   ] Lavador pegou o prato #244 (Sujeira: BAIXO) 
[21:38:30] [FINE   ] Enxugador terminou de secar o prato #233 em 4ms. 
[21:38:30] [FINE   ] Lavador terminou de lavar o prato #244 
[21:38:30] [FINE   ] Enxugador pegou o prato #234 do escorredor. 
[21:38:30] [FINE   ] Escorredor CHEIO! Quantidade de pratos: 10 
[21:38:30] [FINE   ] Lavador colocou o prato #244 no escorredor. 
[21:38:30] [FINE   ] Lavador pegou o prato #245 (Sujeira: BAIXO) 
[21:38:30] [FINE   ] Lavador terminou de lavar o prato #245 
[21:38:30] [FINE   ] Enxugador terminou de secar o prato #234 em 5ms. 
[21:38:30] [FINE   ] Enxugador pegou o prato #235 do escorredor. 
[21:38:30] [FINE   ] Escorredor CHEIO! Quantidade de pratos: 10 
[21:38:30] [FINE   ] Lavador colocou o prato #245 no escorredor. 
[21:38:30] [FINE   ] Lavador pegou o prato #246 (Sujeira: MEDIO) 
[21:38:30] [FINE   ] Lavador terminou de lavar o prato #246 
[21:38:30] [FINE   ] Enxugador terminou de secar o prato #235 em 10ms. 
[21:38:30] [FINE   ] Enxugador pegou o prato #236 do escorredor. 
[21:38:30] [FINE   ] Escorredor CHEIO! Quantidade de pratos: 10 
[21:38:30] [FINE   ] Lavador colocou o prato #246 no escorredor. 
[21:38:30] [FINE   ] Lavador pegou o prato #247 (Sujeira: MEDIO) 
[21:38:30] [FINE   ] Enxugador terminou de secar o prato #236 em 5ms. 
[21:38:30] [FINE   ] Enxugador pegou o prato #237 do escorredor. 
[21:38:30] [FINE   ] Lavador terminou de lavar o prato #247 
[21:38:30] [FINE   ] Escorredor CHEIO! Quantidade de pratos: 10 
[21:38:30] [FINE   ] Lavador colocou o prato #247 no escorredor. 
[21:38:30] [FINE   ] Lavador pegou o prato #248 (Sujeira: ENGORDURADO) 
[21:38:30] [FINE   ] Enxugador terminou de secar o prato #237 em 3ms. 
[21:38:30] [FINE   ] Enxugador pegou o prato #238 do escorredor. 
[21:38:30] [FINE   ] Lavador terminou de lavar o prato #248 
[21:38:30] [FINE   ] Escorredor CHEIO! Quantidade de pratos: 10 
[21:38:30] [FINE   ] Lavador colocou o prato #248 no escorredor. 
[21:38:30] [FINE   ] Lavador pegou o prato #249 (Sujeira: MEDIO) 
[21:38:30] [FINE   ] Enxugador terminou de secar o prato #238 em 9ms. 
[21:38:30] [FINE   ] Enxugador pegou o prato #239 do escorredor. 
[21:38:30] [FINE   ] Lavador terminou de lavar o prato #249 
[21:38:30] [FINE   ] Escorredor CHEIO! Quantidade de pratos: 10 
[21:38:30] [FINE   ] Lavador colocou o prato #249 no escorredor. 
[21:38:30] [FINE   ] Lavador pegou o prato #250 (Sujeira: MEDIO) 
[21:38:30] [FINE   ] Enxugador terminou de secar o prato #239 em 8ms. 
[21:38:30] [FINE   ] Enxugador pegou o prato #240 do escorredor. 
[21:38:30] [FINE   ] Lavador terminou de lavar o prato #250 
[21:38:30] [FINE   ] Escorredor CHEIO! Quantidade de pratos: 10 
[21:38:30] [FINE   ] Lavador colocou o prato #250 no escorredor. 
[21:38:30] [FINE   ] Lavador pegou o prato #251 (Sujeira: MEDIO) 
[21:38:30] [FINE   ] Enxugador terminou de secar o prato #240 em 4ms. 
[21:38:30] [FINE   ] Enxugador pegou o prato #241 do escorredor. 
[21:38:30] [FINE   ] Lavador terminou de lavar o prato #251 
[21:38:30] [FINE   ] Escorredor CHEIO! Quantidade de pratos: 10 
[21:38:30] [FINE   ] Lavador colocou o prato #251 no escorredor. 
[21:38:30] [FINE   ] Lavador pegou o prato #252 (Sujeira: BAIXO) 
[21:38:30] [FINE   ] Enxugador terminou de secar o prato #241 em 5ms. 
[21:38:30] [FINE   ] Enxugador pegou o prato #242 do escorredor. 
[21:38:30] [FINE   ] Lavador terminou de lavar o prato #252 
[21:38:30] [FINE   ] Escorredor CHEIO! Quantidade de pratos: 10 
[21:38:30] [FINE   ] Lavador colocou o prato #252 no escorredor. 
[21:38:30] [FINE   ] Lavador pegou o prato #253 (Sujeira: MEDIO) 
[21:38:30] [FINE   ] Enxugador terminou de secar o prato #242 em 6ms. 
[21:38:30] [FINE   ] Enxugador pegou o prato #243 do escorredor. 
[21:38:30] [FINE   ] Lavador terminou de lavar o prato #253 
[21:38:30] [FINE   ] Escorredor CHEIO! Quantidade de pratos: 10 
[21:38:30] [FINE   ] Lavador colocou o prato #253 no escorredor. 
[21:38:30] [FINE   ] Lavador pegou o prato #254 (Sujeira: MEDIO) 
[21:38:30] [FINE   ] Lavador terminou de lavar o prato #254 
[21:38:30] [FINE   ] Enxugador terminou de secar o prato #243 em 9ms. 
[21:38:30] [FINE   ] Enxugador pegou o prato #244 do escorredor. 
[21:38:30] [FINE   ] Escorredor CHEIO! Quantidade de pratos: 10 
[21:38:30] [FINE   ] Lavador colocou o prato #254 no escorredor. 
[21:38:30] [FINE   ] Lavador pegou o prato #255 (Sujeira: MEDIO) 
[21:38:30] [FINE   ] Enxugador terminou de secar o prato #244 em 5ms. 
[21:38:30] [FINE   ] Enxugador pegou o prato #245 do escorredor. 
[21:38:30] [FINE   ] Lavador terminou de lavar o prato #255 
[21:38:30] [FINE   ] Escorredor CHEIO! Quantidade de pratos: 10 
[21:38:30] [FINE   ] Lavador colocou o prato #255 no escorredor. 
[21:38:30] [FINE   ] Lavador pegou o prato #256 (Sujeira: BAIXO) 
[21:38:30] [FINE   ] Lavador terminou de lavar o prato #256 
[21:38:30] [FINE   ] Enxugador terminou de secar o prato #245 em 6ms. 
[21:38:30] [FINE   ] Enxugador pegou o prato #246 do escorredor. 
[21:38:30] [FINE   ] Escorredor CHEIO! Quantidade de pratos: 10 
[21:38:30] [FINE   ] Lavador colocou o prato #256 no escorredor. 
[21:38:30] [FINE   ] Lavador pegou o prato #257 (Sujeira: MEDIO) 
[21:38:30] [FINE   ] Lavador terminou de lavar o prato #257 
[21:38:30] [FINE   ] Enxugador terminou de secar o prato #246 em 9ms. 
[21:38:30] [FINE   ] Enxugador pegou o prato #247 do escorredor. 
[21:38:30] [FINE   ] Escorredor CHEIO! Quantidade de pratos: 10 
[21:38:30] [FINE   ] Lavador colocou o prato #257 no escorredor. 
[21:38:30] [FINE   ] Lavador pegou o prato #258 (Sujeira: ENGORDURADO) 
[21:38:30] [FINE   ] Enxugador terminou de secar o prato #247 em 6ms. 
[21:38:30] [FINE   ] Enxugador pegou o prato #248 do escorredor. 
[21:38:30] [FINE   ] Lavador terminou de lavar o prato #258 
[21:38:30] [FINE   ] Escorredor CHEIO! Quantidade de pratos: 10 
[21:38:30] [FINE   ] Lavador colocou o prato #258 no escorredor. 
[21:38:30] [FINE   ] Lavador pegou o prato #259 (Sujeira: BAIXO) 
[21:38:30] [FINE   ] Lavador terminou de lavar o prato #259 
[21:38:30] [FINE   ] Enxugador terminou de secar o prato #248 em 9ms. 
[21:38:30] [FINE   ] Enxugador pegou o prato #249 do escorredor. 
[21:38:30] [FINE   ] Escorredor CHEIO! Quantidade de pratos: 10 
[21:38:30] [FINE   ] Lavador colocou o prato #259 no escorredor. 
[21:38:30] [FINE   ] Lavador pegou o prato #260 (Sujeira: MEDIO) 
[21:38:30] [FINE   ] Lavador terminou de lavar o prato #260 
[21:38:30] [FINE   ] Enxugador terminou de secar o prato #249 em 8ms. 
[21:38:30] [FINE   ] Enxugador pegou o prato #250 do escorredor. 
[21:38:30] [FINE   ] Escorredor CHEIO! Quantidade de pratos: 10 
[21:38:30] [FINE   ] Lavador colocou o prato #260 no escorredor. 
[21:38:30] [FINE   ] Lavador pegou o prato #261 (Sujeira: BAIXO) 
[21:38:30] [FINE   ] Lavador terminou de lavar o prato #261 
[21:38:30] [FINE   ] Enxugador terminou de secar o prato #250 em 5ms. 
[21:38:30] [FINE   ] Enxugador pegou o prato #251 do escorredor. 
[21:38:30] [FINE   ] Escorredor CHEIO! Quantidade de pratos: 10 
[21:38:30] [FINE   ] Lavador colocou o prato #261 no escorredor. 
[21:38:30] [FINE   ] Lavador pegou o prato #262 (Sujeira: MEDIO) 
[21:38:30] [FINE   ] Lavador terminou de lavar o prato #262 
[21:38:30] [FINE   ] Enxugador terminou de secar o prato #251 em 5ms. 
[21:38:30] [FINE   ] Enxugador pegou o prato #252 do escorredor. 
[21:38:30] [FINE   ] Escorredor CHEIO! Quantidade de pratos: 10 
[21:38:30] [FINE   ] Lavador colocou o prato #262 no escorredor. 
[21:38:30] [FINE   ] Lavador pegou o prato #263 (Sujeira: BAIXO) 
[21:38:30] [FINE   ] Lavador terminou de lavar o prato #263 
[21:38:30] [FINE   ] Enxugador terminou de secar o prato #252 em 7ms. 
[21:38:30] [FINE   ] Enxugador pegou o prato #253 do escorredor. 
[21:38:30] [FINE   ] Escorredor CHEIO! Quantidade de pratos: 10 
[21:38:30] [FINE   ] Lavador colocou o prato #263 no escorredor. 
[21:38:30] [FINE   ] Lavador pegou o prato #264 (Sujeira: MEDIO) 
[21:38:30] [FINE   ] Enxugador terminou de secar o prato #253 em 4ms. 
[21:38:30] [FINE   ] Enxugador pegou o prato #254 do escorredor. 
[21:38:30] [FINE   ] Lavador terminou de lavar o prato #264 
[21:38:30] [FINE   ] Escorredor CHEIO! Quantidade de pratos: 10 
[21:38:30] [FINE   ] Lavador colocou o prato #264 no escorredor. 
[21:38:30] [FINE   ] Lavador pegou o prato #265 (Sujeira: ENGORDURADO) 
[21:38:30] [FINE   ] Enxugador terminou de secar o prato #254 em 8ms. 
[21:38:30] [FINE   ] Enxugador pegou o prato #255 do escorredor. 
[21:38:30] [FINE   ] Lavador terminou de lavar o prato #265 
[21:38:30] [FINE   ] Enxugador terminou de secar o prato #255 em 3ms. 
[21:38:30] [FINE   ] Escorredor CHEIO! Quantidade de pratos: 10 
[21:38:30] [FINE   ] Lavador colocou o prato #265 no escorredor. 
[21:38:30] [FINE   ] Enxugador pegou o prato #256 do escorredor. 
[21:38:30] [FINE   ] Lavador pegou o prato #266 (Sujeira: BAIXO) 
[21:38:30] [FINE   ] Lavador terminou de lavar o prato #266 
[21:38:30] [FINE   ] Escorredor CHEIO! Quantidade de pratos: 10 
[21:38:30] [FINE   ] Lavador colocou o prato #266 no escorredor. 
[21:38:30] [FINE   ] Lavador pegou o prato #267 (Sujeira: BAIXO) 
[21:38:30] [FINE   ] Enxugador terminou de secar o prato #256 em 5ms. 
[21:38:30] [FINE   ] Enxugador pegou o prato #257 do escorredor. 
[21:38:30] [FINE   ] Lavador terminou de lavar o prato #267 
[21:38:30] [FINE   ] Escorredor CHEIO! Quantidade de pratos: 10 
[21:38:30] [FINE   ] Lavador colocou o prato #267 no escorredor. 
[21:38:30] [FINE   ] Lavador pegou o prato #268 (Sujeira: BAIXO) 
[21:38:30] [FINE   ] Lavador terminou de lavar o prato #268 
[21:38:30] [FINE   ] Enxugador terminou de secar o prato #257 em 4ms. 
[21:38:30] [FINE   ] Enxugador pegou o prato #258 do escorredor. 
[21:38:30] [FINE   ] Escorredor CHEIO! Quantidade de pratos: 10 
[21:38:30] [FINE   ] Lavador colocou o prato #268 no escorredor. 
[21:38:30] [FINE   ] Lavador pegou o prato #269 (Sujeira: MEDIO) 
[21:38:30] [FINE   ] Lavador terminou de lavar o prato #269 
[21:38:30] [FINE   ] Enxugador terminou de secar o prato #258 em 9ms. 
[21:38:30] [FINE   ] Enxugador pegou o prato #259 do escorredor. 
[21:38:30] [FINE   ] Escorredor CHEIO! Quantidade de pratos: 10 
[21:38:30] [FINE   ] Lavador colocou o prato #269 no escorredor. 
[21:38:30] [FINE   ] Lavador pegou o prato #270 (Sujeira: MEDIO) 
[21:38:30] [FINE   ] Lavador terminou de lavar o prato #270 
[21:38:30] [FINE   ] Enxugador terminou de secar o prato #259 em 8ms. 
[21:38:30] [FINE   ] Enxugador pegou o prato #260 do escorredor. 
[21:38:30] [FINE   ] Escorredor CHEIO! Quantidade de pratos: 10 
[21:38:30] [FINE   ] Lavador colocou o prato #270 no escorredor. 
[21:38:30] [FINE   ] Lavador pegou o prato #271 (Sujeira: BAIXO) 
[21:38:30] [FINE   ] Lavador terminou de lavar o prato #271 
[21:38:30] [FINE   ] Enxugador terminou de secar o prato #260 em 5ms. 
[21:38:30] [FINE   ] Enxugador pegou o prato #261 do escorredor. 
[21:38:30] [FINE   ] Escorredor CHEIO! Quantidade de pratos: 10 
[21:38:30] [FINE   ] Lavador colocou o prato #271 no escorredor. 
[21:38:30] [FINE   ] Lavador pegou o prato #272 (Sujeira: MEDIO) 
[21:38:30] [FINE   ] Lavador terminou de lavar o prato #272 
[21:38:30] [FINE   ] Enxugador terminou de secar o prato #261 em 5ms. 
[21:38:30] [FINE   ] Enxugador pegou o prato #262 do escorredor. 
[21:38:30] [FINE   ] Escorredor CHEIO! Quantidade de pratos: 10 
[21:38:30] [FINE   ] Lavador colocou o prato #272 no escorredor. 
[21:38:30] [FINE   ] Lavador pegou o prato #273 (Sujeira: MEDIO) 
[21:38:30] [FINE   ] Enxugador terminou de secar o prato #262 em 4ms. 
[21:38:30] [FINE   ] Enxugador pegou o prato #263 do escorredor. 
[21:38:30] [FINE   ] Lavador terminou de lavar o prato #273 
[21:38:30] [FINE   ] Escorredor CHEIO! Quantidade de pratos: 10 
[21:38:30] [FINE   ] Lavador colocou o prato #273 no escorredor. 
[21:38:30] [FINE   ] Lavador pegou o prato #274 (Sujeira: ENGORDURADO) 
[21:38:30] [FINE   ] Enxugador terminou de secar o prato #263 em 6ms. 
[21:38:30] [FINE   ] Enxugador pegou o prato #264 do escorredor. 
[21:38:30] [FINE   ] Lavador terminou de lavar o prato #274 
[21:38:30] [FINE   ] Enxugador terminou de secar o prato #264 em 3ms. 
[21:38:30] [FINE   ] Escorredor CHEIO! Quantidade de pratos: 10 
[21:38:30] [FINE   ] Lavador colocou o prato #274 no escorredor. 
[21:38:30] [FINE   ] Enxugador pegou o prato #265 do escorredor. 
[21:38:30] [FINE   ] Lavador pegou o prato #275 (Sujeira: BAIXO) 
[21:38:30] [FINE   ] Lavador terminou de lavar o prato #275 
[21:38:30] [FINE   ] Escorredor CHEIO! Quantidade de pratos: 10 
[21:38:30] [FINE   ] Lavador colocou o prato #275 no escorredor. 
[21:38:30] [FINE   ] Lavador pegou o prato #276 (Sujeira: MEDIO) 
[21:38:30] [FINE   ] Lavador terminou de lavar o prato #276 
[21:38:30] [FINE   ] Enxugador terminou de secar o prato #265 em 8ms. 
[21:38:30] [FINE   ] Enxugador pegou o prato #266 do escorredor. 
[21:38:30] [FINE   ] Escorredor CHEIO! Quantidade de pratos: 10 
[21:38:30] [FINE   ] Lavador colocou o prato #276 no escorredor. 
[21:38:30] [FINE   ] Lavador pegou o prato #277 (Sujeira: MEDIO) 
[21:38:30] [FINE   ] Lavador terminou de lavar o prato #277 
[21:38:30] [FINE   ] Enxugador terminou de secar o prato #266 em 6ms. 
[21:38:30] [FINE   ] Enxugador pegou o prato #267 do escorredor. 
[21:38:30] [FINE   ] Escorredor CHEIO! Quantidade de pratos: 10 
[21:38:30] [FINE   ] Lavador colocou o prato #277 no escorredor. 
[21:38:30] [FINE   ] Lavador pegou o prato #278 (Sujeira: BAIXO) 
[21:38:30] [FINE   ] Lavador terminou de lavar o prato #278 
[21:38:30] [FINE   ] Enxugador terminou de secar o prato #267 em 6ms. 
[21:38:30] [FINE   ] Enxugador pegou o prato #268 do escorredor. 
[21:38:30] [FINE   ] Escorredor CHEIO! Quantidade de pratos: 10 
[21:38:30] [FINE   ] Lavador colocou o prato #278 no escorredor. 
[21:38:30] [FINE   ] Lavador pegou o prato #279 (Sujeira: BAIXO) 
[21:38:30] [FINE   ] Lavador terminou de lavar o prato #279 
[21:38:30] [FINE   ] Enxugador terminou de secar o prato #268 em 3ms. 
[21:38:30] [FINE   ] Enxugador pegou o prato #269 do escorredor. 
[21:38:30] [FINE   ] Escorredor CHEIO! Quantidade de pratos: 10 
[21:38:30] [FINE   ] Lavador colocou o prato #279 no escorredor. 
[21:38:30] [FINE   ] Lavador pegou o prato #280 (Sujeira: MEDIO) 
[21:38:30] [FINE   ] Lavador terminou de lavar o prato #280 
[21:38:30] [FINE   ] Enxugador terminou de secar o prato #269 em 7ms. 
[21:38:30] [FINE   ] Enxugador pegou o prato #270 do escorredor. 
[21:38:30] [FINE   ] Escorredor CHEIO! Quantidade de pratos: 10 
[21:38:30] [FINE   ] Lavador colocou o prato #280 no escorredor. 
[21:38:30] [FINE   ] Lavador pegou o prato #281 (Sujeira: ENGORDURADO) 
[21:38:30] [FINE   ] Lavador terminou de lavar o prato #281 
[21:38:30] [FINE   ] Enxugador terminou de secar o prato #270 em 10ms. 
[21:38:30] [FINE   ] Escorredor CHEIO! Quantidade de pratos: 10 
[21:38:30] [FINE   ] Enxugador pegou o prato #271 do escorredor. 
[21:38:30] [FINE   ] Lavador colocou o prato #281 no escorredor. 
[21:38:30] [FINE   ] Lavador pegou o prato #282 (Sujeira: BAIXO) 
[21:38:30] [FINE   ] Lavador terminou de lavar o prato #282 
[21:38:30] [FINE   ] Enxugador terminou de secar o prato #271 em 9ms. 
[21:38:30] [FINE   ] Enxugador pegou o prato #272 do escorredor. 
[21:38:30] [FINE   ] Escorredor CHEIO! Quantidade de pratos: 10 
[21:38:30] [FINE   ] Lavador colocou o prato #282 no escorredor. 
[21:38:30] [FINE   ] Lavador pegou o prato #283 (Sujeira: BAIXO) 
[21:38:30] [FINE   ] Lavador terminou de lavar o prato #283 
[21:38:30] [FINE   ] Enxugador terminou de secar o prato #272 em 5ms. 
[21:38:30] [FINE   ] Enxugador pegou o prato #273 do escorredor. 
[21:38:30] [FINE   ] Escorredor CHEIO! Quantidade de pratos: 10 
[21:38:30] [FINE   ] Lavador colocou o prato #283 no escorredor. 
[21:38:30] [FINE   ] Lavador pegou o prato #284 (Sujeira: BAIXO) 
[21:38:30] [FINE   ] Lavador terminou de lavar o prato #284 
[21:38:30] [FINE   ] Enxugador terminou de secar o prato #273 em 4ms. 
[21:38:30] [FINE   ] Escorredor CHEIO! Quantidade de pratos: 10 
[21:38:30] [FINE   ] Enxugador pegou o prato #274 do escorredor. 
[21:38:30] [FINE   ] Lavador colocou o prato #284 no escorredor. 
[21:38:30] [FINE   ] Lavador pegou o prato #285 (Sujeira: MEDIO) 
[21:38:30] [FINE   ] Lavador terminou de lavar o prato #285 
[21:38:30] [FINE   ] Enxugador terminou de secar o prato #274 em 7ms. 
[21:38:30] [FINE   ] Enxugador pegou o prato #275 do escorredor. 
[21:38:30] [FINE   ] Escorredor CHEIO! Quantidade de pratos: 10 
[21:38:30] [FINE   ] Lavador colocou o prato #285 no escorredor. 
[21:38:30] [FINE   ] Lavador pegou o prato #286 (Sujeira: MEDIO) 
[21:38:30] [FINE   ] Lavador terminou de lavar o prato #286 
[21:38:30] [FINE   ] Enxugador terminou de secar o prato #275 em 7ms. 
[21:38:30] [FINE   ] Enxugador pegou o prato #276 do escorredor. 
[21:38:30] [FINE   ] Escorredor CHEIO! Quantidade de pratos: 10 
[21:38:30] [FINE   ] Lavador colocou o prato #286 no escorredor. 
[21:38:30] [FINE   ] Lavador pegou o prato #287 (Sujeira: MEDIO) 
[21:38:30] [FINE   ] Lavador terminou de lavar o prato #287 
[21:38:30] [FINE   ] Enxugador terminou de secar o prato #276 em 5ms. 
[21:38:30] [FINE   ] Enxugador pegou o prato #277 do escorredor. 
[21:38:30] [FINE   ] Escorredor CHEIO! Quantidade de pratos: 10 
[21:38:30] [FINE   ] Lavador colocou o prato #287 no escorredor. 
[21:38:30] [FINE   ] Lavador pegou o prato #288 (Sujeira: BAIXO) 
[21:38:30] [FINE   ] Lavador terminou de lavar o prato #288 
[21:38:30] [FINE   ] Enxugador terminou de secar o prato #277 em 9ms. 
[21:38:30] [FINE   ] Enxugador pegou o prato #278 do escorredor. 
[21:38:30] [FINE   ] Escorredor CHEIO! Quantidade de pratos: 10 
[21:38:30] [FINE   ] Lavador colocou o prato #288 no escorredor. 
[21:38:30] [FINE   ] Lavador pegou o prato #289 (Sujeira: BAIXO) 
[21:38:30] [FINE   ] Lavador terminou de lavar o prato #289 
[21:38:30] [FINE   ] Enxugador terminou de secar o prato #278 em 5ms. 
[21:38:30] [FINE   ] Enxugador pegou o prato #279 do escorredor. 
[21:38:30] [FINE   ] Escorredor CHEIO! Quantidade de pratos: 10 
[21:38:30] [FINE   ] Lavador colocou o prato #289 no escorredor. 
[21:38:30] [FINE   ] Lavador pegou o prato #290 (Sujeira: MEDIO) 
[21:38:30] [FINE   ] Lavador terminou de lavar o prato #290 
[21:38:30] [FINE   ] Enxugador terminou de secar o prato #279 em 10ms. 
[21:38:30] [FINE   ] Enxugador pegou o prato #280 do escorredor. 
[21:38:30] [FINE   ] Escorredor CHEIO! Quantidade de pratos: 10 
[21:38:30] [FINE   ] Lavador colocou o prato #290 no escorredor. 
[21:38:30] [FINE   ] Lavador pegou o prato #291 (Sujeira: MEDIO) 
[21:38:31] [FINE   ] Lavador terminou de lavar o prato #291 
[21:38:31] [FINE   ] Enxugador terminou de secar o prato #280 em 7ms. 
[21:38:31] [FINE   ] Enxugador pegou o prato #281 do escorredor. 
[21:38:31] [FINE   ] Escorredor CHEIO! Quantidade de pratos: 10 
[21:38:31] [FINE   ] Lavador colocou o prato #291 no escorredor. 
[21:38:31] [FINE   ] Lavador pegou o prato #292 (Sujeira: BAIXO) 
[21:38:31] [FINE   ] Lavador terminou de lavar o prato #292 
[21:38:31] [FINE   ] Enxugador terminou de secar o prato #281 em 3ms. 
[21:38:31] [FINE   ] Enxugador pegou o prato #282 do escorredor. 
[21:38:31] [FINE   ] Escorredor CHEIO! Quantidade de pratos: 10 
[21:38:31] [FINE   ] Lavador colocou o prato #292 no escorredor. 
[21:38:31] [FINE   ] Lavador pegou o prato #293 (Sujeira: BAIXO) 
[21:38:31] [FINE   ] Lavador terminou de lavar o prato #293 
[21:38:31] [FINE   ] Enxugador terminou de secar o prato #282 em 9ms. 
[21:38:31] [FINE   ] Enxugador pegou o prato #283 do escorredor. 
[21:38:31] [FINE   ] Escorredor CHEIO! Quantidade de pratos: 10 
[21:38:31] [FINE   ] Lavador colocou o prato #293 no escorredor. 
[21:38:31] [FINE   ] Lavador pegou o prato #294 (Sujeira: MEDIO) 
[21:38:31] [FINE   ] Lavador terminou de lavar o prato #294 
[21:38:31] [FINE   ] Enxugador terminou de secar o prato #283 em 6ms. 
[21:38:31] [FINE   ] Enxugador pegou o prato #284 do escorredor. 
[21:38:31] [FINE   ] Escorredor CHEIO! Quantidade de pratos: 10 
[21:38:31] [FINE   ] Lavador colocou o prato #294 no escorredor. 
[21:38:31] [FINE   ] Lavador pegou o prato #295 (Sujeira: BAIXO) 
[21:38:31] [FINE   ] Lavador terminou de lavar o prato #295 
[21:38:31] [FINE   ] Enxugador terminou de secar o prato #284 em 4ms. 
[21:38:31] [FINE   ] Enxugador pegou o prato #285 do escorredor. 
[21:38:31] [FINE   ] Escorredor CHEIO! Quantidade de pratos: 10 
[21:38:31] [FINE   ] Lavador colocou o prato #295 no escorredor. 
[21:38:31] [FINE   ] Lavador pegou o prato #296 (Sujeira: MEDIO) 
[21:38:31] [FINE   ] Lavador terminou de lavar o prato #296 
[21:38:31] [FINE   ] Enxugador terminou de secar o prato #285 em 9ms. 
[21:38:31] [FINE   ] Enxugador pegou o prato #286 do escorredor. 
[21:38:31] [FINE   ] Escorredor CHEIO! Quantidade de pratos: 10 
[21:38:31] [FINE   ] Lavador colocou o prato #296 no escorredor. 
[21:38:31] [FINE   ] Lavador pegou o prato #297 (Sujeira: MEDIO) 
[21:38:31] [FINE   ] Enxugador terminou de secar o prato #286 em 4ms. 
[21:38:31] [FINE   ] Enxugador pegou o prato #287 do escorredor. 
[21:38:31] [FINE   ] Lavador terminou de lavar o prato #297 
[21:38:31] [FINE   ] Escorredor CHEIO! Quantidade de pratos: 10 
[21:38:31] [FINE   ] Lavador colocou o prato #297 no escorredor. 
[21:38:31] [FINE   ] Lavador pegou o prato #298 (Sujeira: MEDIO) 
[21:38:31] [FINE   ] Lavador terminou de lavar o prato #298 
[21:38:31] [FINE   ] Enxugador terminou de secar o prato #287 em 8ms. 
[21:38:31] [FINE   ] Enxugador pegou o prato #288 do escorredor. 
[21:38:31] [FINE   ] Escorredor CHEIO! Quantidade de pratos: 10 
[21:38:31] [FINE   ] Lavador colocou o prato #298 no escorredor. 
[21:38:31] [FINE   ] Lavador pegou o prato #299 (Sujeira: BAIXO) 
[21:38:31] [FINE   ] Lavador terminou de lavar o prato #299 
[21:38:31] [FINE   ] Enxugador terminou de secar o prato #288 em 7ms. 
[21:38:31] [FINE   ] Enxugador pegou o prato #289 do escorredor. 
[21:38:31] [FINE   ] Escorredor CHEIO! Quantidade de pratos: 10 
[21:38:31] [FINE   ] Lavador colocou o prato #299 no escorredor. 
[21:38:31] [FINE   ] Lavador pegou o prato #300 (Sujeira: MEDIO) 
[21:38:31] [FINE   ] Enxugador terminou de secar o prato #289 em 4ms. 
[21:38:31] [FINE   ] Enxugador pegou o prato #290 do escorredor. 
[21:38:31] [FINE   ] Lavador terminou de lavar o prato #300 
[21:38:31] [FINE   ] Escorredor CHEIO! Quantidade de pratos: 10 
[21:38:31] [FINE   ] Lavador colocou o prato #300 no escorredor. 
[21:38:31] [FINE   ] Lavador pegou o prato #301 (Sujeira: MEDIO) 
[21:38:31] [FINE   ] Lavador terminou de lavar o prato #301 
[21:38:31] [FINE   ] Enxugador terminou de secar o prato #290 em 9ms. 
[21:38:31] [FINE   ] Enxugador pegou o prato #291 do escorredor. 
[21:38:31] [FINE   ] Escorredor CHEIO! Quantidade de pratos: 10 
[21:38:31] [FINE   ] Lavador colocou o prato #301 no escorredor. 
[21:38:31] [FINE   ] Lavador pegou o prato #302 (Sujeira: MEDIO) 
[21:38:31] [FINE   ] Lavador terminou de lavar o prato #302 
[21:38:31] [FINE   ] Enxugador terminou de secar o prato #291 em 7ms. 
[21:38:31] [FINE   ] Enxugador pegou o prato #292 do escorredor. 
[21:38:31] [FINE   ] Escorredor CHEIO! Quantidade de pratos: 10 
[21:38:31] [FINE   ] Lavador colocou o prato #302 no escorredor. 
[21:38:31] [FINE   ] Lavador pegou o prato #303 (Sujeira: MEDIO) 
[21:38:31] [FINE   ] Lavador terminou de lavar o prato #303 
[21:38:31] [FINE   ] Enxugador terminou de secar o prato #292 em 6ms. 
[21:38:31] [FINE   ] Enxugador pegou o prato #293 do escorredor. 
[21:38:31] [FINE   ] Escorredor CHEIO! Quantidade de pratos: 10 
[21:38:31] [FINE   ] Lavador colocou o prato #303 no escorredor. 
[21:38:31] [FINE   ] Lavador pegou o prato #304 (Sujeira: MEDIO) 
[21:38:31] [FINE   ] Enxugador terminou de secar o prato #293 em 4ms. 
[21:38:31] [FINE   ] Enxugador pegou o prato #294 do escorredor. 
[21:38:31] [FINE   ] Lavador terminou de lavar o prato #304 
[21:38:31] [FINE   ] Escorredor CHEIO! Quantidade de pratos: 10 
[21:38:31] [FINE   ] Lavador colocou o prato #304 no escorredor. 
[21:38:31] [FINE   ] Lavador pegou o prato #305 (Sujeira: BAIXO) 
[21:38:31] [FINE   ] Lavador terminou de lavar o prato #305 
[21:38:31] [FINE   ] Enxugador terminou de secar o prato #294 em 6ms. 
[21:38:31] [FINE   ] Enxugador pegou o prato #295 do escorredor. 
[21:38:31] [FINE   ] Escorredor CHEIO! Quantidade de pratos: 10 
[21:38:31] [FINE   ] Lavador colocou o prato #305 no escorredor. 
[21:38:31] [FINE   ] Lavador pegou o prato #306 (Sujeira: MEDIO) 
[21:38:31] [FINE   ] Lavador terminou de lavar o prato #306 
[21:38:31] [FINE   ] Enxugador terminou de secar o prato #295 em 6ms. 
[21:38:31] [FINE   ] Enxugador pegou o prato #296 do escorredor. 
[21:38:31] [FINE   ] Escorredor CHEIO! Quantidade de pratos: 10 
[21:38:31] [FINE   ] Lavador colocou o prato #306 no escorredor. 
[21:38:31] [FINE   ] Lavador pegou o prato #307 (Sujeira: BAIXO) 
[21:38:31] [FINE   ] Lavador terminou de lavar o prato #307 
[21:38:31] [FINE   ] Enxugador terminou de secar o prato #296 em 6ms. 
[21:38:31] [FINE   ] Enxugador pegou o prato #297 do escorredor. 
[21:38:31] [FINE   ] Escorredor CHEIO! Quantidade de pratos: 10 
[21:38:31] [FINE   ] Lavador colocou o prato #307 no escorredor. 
[21:38:31] [FINE   ] Lavador pegou o prato #308 (Sujeira: BAIXO) 
[21:38:31] [FINE   ] Lavador terminou de lavar o prato #308 
[21:38:31] [FINE   ] Enxugador terminou de secar o prato #297 em 5ms. 
[21:38:31] [FINE   ] Escorredor CHEIO! Quantidade de pratos: 10 
[21:38:31] [FINE   ] Enxugador pegou o prato #298 do escorredor. 
[21:38:31] [FINE   ] Lavador colocou o prato #308 no escorredor. 
[21:38:31] [FINE   ] Lavador pegou o prato #309 (Sujeira: BAIXO) 
[21:38:31] [FINE   ] Lavador terminou de lavar o prato #309 
[21:38:31] [FINE   ] Enxugador terminou de secar o prato #298 em 7ms. 
[21:38:31] [FINE   ] Enxugador pegou o prato #299 do escorredor. 
[21:38:31] [FINE   ] Escorredor CHEIO! Quantidade de pratos: 10 
[21:38:31] [FINE   ] Lavador colocou o prato #309 no escorredor. 
[21:38:31] [FINE   ] Lavador pegou o prato #310 (Sujeira: MEDIO) 
[21:38:31] [FINE   ] Enxugador terminou de secar o prato #299 em 6ms. 
[21:38:31] [FINE   ] Lavador terminou de lavar o prato #310 
[21:38:31] [FINE   ] Enxugador pegou o prato #300 do escorredor. 
[21:38:31] [FINE   ] Escorredor CHEIO! Quantidade de pratos: 10 
[21:38:31] [FINE   ] Lavador colocou o prato #310 no escorredor. 
[21:38:31] [FINE   ] Lavador pegou o prato #311 (Sujeira: BAIXO) 
[21:38:31] [FINE   ] Enxugador terminou de secar o prato #300 em 3ms. 
[21:38:31] [FINE   ] Lavador terminou de lavar o prato #311 
[21:38:31] [FINE   ] Enxugador pegou o prato #301 do escorredor. 
[21:38:31] [FINE   ] Escorredor CHEIO! Quantidade de pratos: 10 
[21:38:31] [FINE   ] Lavador colocou o prato #311 no escorredor. 
[21:38:31] [FINE   ] Lavador pegou o prato #312 (Sujeira: MEDIO) 
[21:38:31] [FINE   ] Lavador terminou de lavar o prato #312 
[21:38:31] [FINE   ] Enxugador terminou de secar o prato #301 em 7ms. 
[21:38:31] [FINE   ] Enxugador pegou o prato #302 do escorredor. 
[21:38:31] [FINE   ] Escorredor CHEIO! Quantidade de pratos: 10 
[21:38:31] [FINE   ] Lavador colocou o prato #312 no escorredor. 
[21:38:31] [FINE   ] Lavador pegou o prato #313 (Sujeira: ENGORDURADO) 
[21:38:31] [FINE   ] Lavador terminou de lavar o prato #313 
[21:38:31] [FINE   ] Enxugador terminou de secar o prato #302 em 10ms. 
[21:38:31] [FINE   ] Enxugador pegou o prato #303 do escorredor. 
[21:38:31] [FINE   ] Escorredor CHEIO! Quantidade de pratos: 10 
[21:38:31] [FINE   ] Lavador colocou o prato #313 no escorredor. 
[21:38:31] [FINE   ] Lavador pegou o prato #314 (Sujeira: MEDIO) 
[21:38:31] [FINE   ] Lavador terminou de lavar o prato #314 
[21:38:31] [FINE   ] Enxugador terminou de secar o prato #303 em 5ms. 
[21:38:31] [FINE   ] Enxugador pegou o prato #304 do escorredor. 
[21:38:31] [FINE   ] Escorredor CHEIO! Quantidade de pratos: 10 
[21:38:31] [FINE   ] Lavador colocou o prato #314 no escorredor. 
[21:38:31] [FINE   ] Lavador pegou o prato #315 (Sujeira: MEDIO) 
[21:38:31] [FINE   ] Enxugador terminou de secar o prato #304 em 3ms. 
[21:38:31] [FINE   ] Enxugador pegou o prato #305 do escorredor. 
[21:38:31] [FINE   ] Lavador terminou de lavar o prato #315 
[21:38:31] [FINE   ] Escorredor CHEIO! Quantidade de pratos: 10 
[21:38:31] [FINE   ] Lavador colocou o prato #315 no escorredor. 
[21:38:31] [FINE   ] Lavador pegou o prato #316 (Sujeira: BAIXO) 
[21:38:31] [FINE   ] Lavador terminou de lavar o prato #316 
[21:38:31] [FINE   ] Enxugador terminou de secar o prato #305 em 7ms. 
[21:38:31] [FINE   ] Enxugador pegou o prato #306 do escorredor. 
[21:38:31] [FINE   ] Escorredor CHEIO! Quantidade de pratos: 10 
[21:38:31] [FINE   ] Lavador colocou o prato #316 no escorredor. 
[21:38:31] [FINE   ] Lavador pegou o prato #317 (Sujeira: BAIXO) 
[21:38:31] [FINE   ] Lavador terminou de lavar o prato #317 
[21:38:31] [FINE   ] Enxugador terminou de secar o prato #306 em 9ms. 
[21:38:31] [FINE   ] Enxugador pegou o prato #307 do escorredor. 
[21:38:31] [FINE   ] Escorredor CHEIO! Quantidade de pratos: 10 
[21:38:31] [FINE   ] Lavador colocou o prato #317 no escorredor. 
[21:38:31] [FINE   ] Lavador pegou o prato #318 (Sujeira: MEDIO) 
[21:38:31] [FINE   ] Lavador terminou de lavar o prato #318 
[21:38:31] [FINE   ] Enxugador terminou de secar o prato #307 em 9ms. 
[21:38:31] [FINE   ] Enxugador pegou o prato #308 do escorredor. 
[21:38:31] [FINE   ] Escorredor CHEIO! Quantidade de pratos: 10 
[21:38:31] [FINE   ] Lavador colocou o prato #318 no escorredor. 
[21:38:31] [FINE   ] Lavador pegou o prato #319 (Sujeira: MEDIO) 
[21:38:31] [FINE   ] Lavador terminou de lavar o prato #319 
[21:38:31] [FINE   ] Enxugador terminou de secar o prato #308 em 8ms. 
[21:38:31] [FINE   ] Enxugador pegou o prato #309 do escorredor. 
[21:38:31] [FINE   ] Escorredor CHEIO! Quantidade de pratos: 10 
[21:38:31] [FINE   ] Lavador colocou o prato #319 no escorredor. 
[21:38:31] [FINE   ] Lavador pegou o prato #320 (Sujeira: MEDIO) 
[21:38:31] [FINE   ] Lavador terminou de lavar o prato #320 
[21:38:31] [FINE   ] Enxugador terminou de secar o prato #309 em 8ms. 
[21:38:31] [FINE   ] Enxugador pegou o prato #310 do escorredor. 
[21:38:31] [FINE   ] Escorredor CHEIO! Quantidade de pratos: 10 
[21:38:31] [FINE   ] Lavador colocou o prato #320 no escorredor. 
[21:38:31] [FINE   ] Lavador pegou o prato #321 (Sujeira: ENGORDURADO) 
[21:38:31] [FINE   ] Lavador terminou de lavar o prato #321 
[21:38:31] [FINE   ] Enxugador terminou de secar o prato #310 em 10ms. 
[21:38:31] [FINE   ] Enxugador pegou o prato #311 do escorredor. 
[21:38:31] [FINE   ] Escorredor CHEIO! Quantidade de pratos: 10 
[21:38:31] [FINE   ] Lavador colocou o prato #321 no escorredor. 
[21:38:31] [FINE   ] Lavador pegou o prato #322 (Sujeira: MEDIO) 
[21:38:31] [FINE   ] Lavador terminou de lavar o prato #322 
[21:38:31] [FINE   ] Enxugador terminou de secar o prato #311 em 10ms. 
[21:38:31] [FINE   ] Enxugador pegou o prato #312 do escorredor. 
[21:38:31] [FINE   ] Escorredor CHEIO! Quantidade de pratos: 10 
[21:38:31] [FINE   ] Lavador colocou o prato #322 no escorredor. 
[21:38:31] [FINE   ] Lavador pegou o prato #323 (Sujeira: ENGORDURADO) 
[21:38:31] [FINE   ] Enxugador terminou de secar o prato #312 em 3ms. 
[21:38:31] [FINE   ] Enxugador pegou o prato #313 do escorredor. 
[21:38:31] [FINE   ] Lavador terminou de lavar o prato #323 
[21:38:31] [FINE   ] Escorredor CHEIO! Quantidade de pratos: 10 
[21:38:31] [FINE   ] Lavador colocou o prato #323 no escorredor. 
[21:38:31] [FINE   ] Lavador pegou o prato #324 (Sujeira: BAIXO) 
[21:38:31] [FINE   ] Enxugador terminou de secar o prato #313 em 10ms. 
[21:38:31] [FINE   ] Enxugador pegou o prato #314 do escorredor. 
[21:38:31] [FINE   ] Lavador terminou de lavar o prato #324 
[21:38:31] [FINE   ] Escorredor CHEIO! Quantidade de pratos: 10 
[21:38:31] [FINE   ] Lavador colocou o prato #324 no escorredor. 
[21:38:31] [FINE   ] Lavador pegou o prato #325 (Sujeira: MEDIO) 
[21:38:31] [FINE   ] Enxugador terminou de secar o prato #314 em 4ms. 
[21:38:31] [FINE   ] Enxugador pegou o prato #315 do escorredor. 
[21:38:31] [FINE   ] Lavador terminou de lavar o prato #325 
[21:38:31] [FINE   ] Escorredor CHEIO! Quantidade de pratos: 10 
[21:38:31] [FINE   ] Lavador colocou o prato #325 no escorredor. 
[21:38:31] [FINE   ] Lavador pegou o prato #326 (Sujeira: BAIXO) 
[21:38:31] [FINE   ] Enxugador terminou de secar o prato #315 em 3ms. 
[21:38:31] [FINE   ] Enxugador pegou o prato #316 do escorredor. 
[21:38:31] [FINE   ] Lavador terminou de lavar o prato #326 
[21:38:31] [FINE   ] Escorredor CHEIO! Quantidade de pratos: 10 
[21:38:31] [FINE   ] Lavador colocou o prato #326 no escorredor. 
[21:38:31] [FINE   ] Lavador pegou o prato #327 (Sujeira: ENGORDURADO) 
[21:38:31] [FINE   ] Enxugador terminou de secar o prato #316 em 4ms. 
[21:38:31] [FINE   ] Enxugador pegou o prato #317 do escorredor. 
[21:38:31] [FINE   ] Lavador terminou de lavar o prato #327 
[21:38:31] [FINE   ] Escorredor CHEIO! Quantidade de pratos: 10 
[21:38:31] [FINE   ] Lavador colocou o prato #327 no escorredor. 
[21:38:31] [FINE   ] Lavador pegou o prato #328 (Sujeira: MEDIO) 
[21:38:31] [FINE   ] Enxugador terminou de secar o prato #317 em 8ms. 
[21:38:31] [FINE   ] Enxugador pegou o prato #318 do escorredor. 
[21:38:31] [FINE   ] Lavador terminou de lavar o prato #328 
[21:38:31] [FINE   ] Escorredor CHEIO! Quantidade de pratos: 10 
[21:38:31] [FINE   ] Lavador colocou o prato #328 no escorredor. 
[21:38:31] [FINE   ] Lavador pegou o prato #329 (Sujeira: MEDIO) 
[21:38:31] [FINE   ] Enxugador terminou de secar o prato #318 em 8ms. 
[21:38:31] [FINE   ] Enxugador pegou o prato #319 do escorredor. 
[21:38:31] [FINE   ] Lavador terminou de lavar o prato #329 
[21:38:31] [FINE   ] Escorredor CHEIO! Quantidade de pratos: 10 
[21:38:31] [FINE   ] Lavador colocou o prato #329 no escorredor. 
[21:38:31] [FINE   ] Lavador pegou o prato #330 (Sujeira: MEDIO) 
[21:38:31] [FINE   ] Enxugador terminou de secar o prato #319 em 7ms. 
[21:38:31] [FINE   ] Enxugador pegou o prato #320 do escorredor. 
[21:38:31] [FINE   ] Lavador terminou de lavar o prato #330 
[21:38:31] [FINE   ] Escorredor CHEIO! Quantidade de pratos: 10 
[21:38:31] [FINE   ] Lavador colocou o prato #330 no escorredor. 
[21:38:31] [FINE   ] Lavador pegou o prato #331 (Sujeira: BAIXO) 
[21:38:31] [FINE   ] Lavador terminou de lavar o prato #331 
[21:38:31] [FINE   ] Enxugador terminou de secar o prato #320 em 8ms. 
[21:38:31] [FINE   ] Enxugador pegou o prato #321 do escorredor. 
[21:38:31] [FINE   ] Escorredor CHEIO! Quantidade de pratos: 10 
[21:38:31] [FINE   ] Lavador colocou o prato #331 no escorredor. 
[21:38:31] [FINE   ] Lavador pegou o prato #332 (Sujeira: BAIXO) 
[21:38:31] [FINE   ] Lavador terminou de lavar o prato #332 
[21:38:31] [FINE   ] Enxugador terminou de secar o prato #321 em 9ms. 
[21:38:31] [FINE   ] Enxugador pegou o prato #322 do escorredor. 
[21:38:31] [FINE   ] Escorredor CHEIO! Quantidade de pratos: 10 
[21:38:31] [FINE   ] Lavador colocou o prato #332 no escorredor. 
[21:38:31] [FINE   ] Lavador pegou o prato #333 (Sujeira: MEDIO) 
[21:38:31] [FINE   ] Lavador terminou de lavar o prato #333 
[21:38:31] [FINE   ] Enxugador terminou de secar o prato #322 em 8ms. 
[21:38:31] [FINE   ] Enxugador pegou o prato #323 do escorredor. 
[21:38:31] [FINE   ] Escorredor CHEIO! Quantidade de pratos: 10 
[21:38:31] [FINE   ] Lavador colocou o prato #333 no escorredor. 
[21:38:31] [FINE   ] Lavador pegou o prato #334 (Sujeira: MEDIO) 
[21:38:31] [FINE   ] Lavador terminou de lavar o prato #334 
[21:38:31] [FINE   ] Enxugador terminou de secar o prato #323 em 9ms. 
[21:38:31] [FINE   ] Enxugador pegou o prato #324 do escorredor. 
[21:38:31] [FINE   ] Escorredor CHEIO! Quantidade de pratos: 10 
[21:38:31] [FINE   ] Lavador colocou o prato #334 no escorredor. 
[21:38:31] [FINE   ] Lavador pegou o prato #335 (Sujeira: MEDIO) 
[21:38:31] [FINE   ] Lavador terminou de lavar o prato #335 
[21:38:31] [FINE   ] Enxugador terminou de secar o prato #324 em 9ms. 
[21:38:31] [FINE   ] Enxugador pegou o prato #325 do escorredor. 
[21:38:31] [FINE   ] Escorredor CHEIO! Quantidade de pratos: 10 
[21:38:31] [FINE   ] Lavador colocou o prato #335 no escorredor. 
[21:38:31] [FINE   ] Lavador pegou o prato #336 (Sujeira: MEDIO) 
[21:38:31] [FINE   ] Enxugador terminou de secar o prato #325 em 6ms. 
[21:38:31] [FINE   ] Enxugador pegou o prato #326 do escorredor. 
[21:38:31] [FINE   ] Lavador terminou de lavar o prato #336 
[21:38:31] [FINE   ] Escorredor CHEIO! Quantidade de pratos: 10 
[21:38:31] [FINE   ] Lavador colocou o prato #336 no escorredor. 
[21:38:31] [FINE   ] Lavador pegou o prato #337 (Sujeira: MEDIO) 
[21:38:31] [FINE   ] Lavador terminou de lavar o prato #337 
[21:38:31] [FINE   ] Enxugador terminou de secar o prato #326 em 8ms. 
[21:38:31] [FINE   ] Enxugador pegou o prato #327 do escorredor. 
[21:38:31] [FINE   ] Escorredor CHEIO! Quantidade de pratos: 10 
[21:38:31] [FINE   ] Lavador colocou o prato #337 no escorredor. 
[21:38:31] [FINE   ] Lavador pegou o prato #338 (Sujeira: BAIXO) 
[21:38:31] [FINE   ] Lavador terminou de lavar o prato #338 
[21:38:31] [FINE   ] Enxugador terminou de secar o prato #327 em 8ms. 
[21:38:31] [FINE   ] Enxugador pegou o prato #328 do escorredor. 
[21:38:31] [FINE   ] Escorredor CHEIO! Quantidade de pratos: 10 
[21:38:31] [FINE   ] Lavador colocou o prato #338 no escorredor. 
[21:38:31] [FINE   ] Lavador pegou o prato #339 (Sujeira: ENGORDURADO) 
[21:38:31] [FINE   ] Enxugador terminou de secar o prato #328 em 9ms. 
[21:38:31] [FINE   ] Enxugador pegou o prato #329 do escorredor. 
[21:38:31] [FINE   ] Lavador terminou de lavar o prato #339 
[21:38:31] [FINE   ] Escorredor CHEIO! Quantidade de pratos: 10 
[21:38:31] [FINE   ] Lavador colocou o prato #339 no escorredor. 
[21:38:31] [FINE   ] Lavador pegou o prato #340 (Sujeira: MEDIO) 
[21:38:31] [FINE   ] Enxugador terminou de secar o prato #329 em 4ms. 
[21:38:31] [FINE   ] Enxugador pegou o prato #330 do escorredor. 
[21:38:31] [FINE   ] Lavador terminou de lavar o prato #340 
[21:38:31] [FINE   ] Escorredor CHEIO! Quantidade de pratos: 10 
[21:38:31] [FINE   ] Lavador colocou o prato #340 no escorredor. 
[21:38:31] [FINE   ] Lavador pegou o prato #341 (Sujeira: MEDIO) 
[21:38:31] [FINE   ] Lavador terminou de lavar o prato #341 
[21:38:31] [FINE   ] Enxugador terminou de secar o prato #330 em 7ms. 
[21:38:31] [FINE   ] Enxugador pegou o prato #331 do escorredor. 
[21:38:31] [FINE   ] Escorredor CHEIO! Quantidade de pratos: 10 
[21:38:31] [FINE   ] Lavador colocou o prato #341 no escorredor. 
[21:38:31] [FINE   ] Lavador pegou o prato #342 (Sujeira: BAIXO) 
[21:38:31] [FINE   ] Lavador terminou de lavar o prato #342 
[21:38:31] [FINE   ] Enxugador terminou de secar o prato #331 em 7ms. 
[21:38:31] [FINE   ] Enxugador pegou o prato #332 do escorredor. 
[21:38:31] [FINE   ] Escorredor CHEIO! Quantidade de pratos: 10 
[21:38:31] [FINE   ] Lavador colocou o prato #342 no escorredor. 
[21:38:31] [FINE   ] Lavador pegou o prato #343 (Sujeira: MEDIO) 
[21:38:31] [FINE   ] Lavador terminou de lavar o prato #343 
[21:38:31] [FINE   ] Enxugador terminou de secar o prato #332 em 8ms. 
[21:38:31] [FINE   ] Enxugador pegou o prato #333 do escorredor. 
[21:38:31] [FINE   ] Escorredor CHEIO! Quantidade de pratos: 10 
[21:38:31] [FINE   ] Lavador colocou o prato #343 no escorredor. 
[21:38:31] [FINE   ] Lavador pegou o prato #344 (Sujeira: BAIXO) 
[21:38:31] [FINE   ] Lavador terminou de lavar o prato #344 
[21:38:31] [FINE   ] Enxugador terminou de secar o prato #333 em 7ms. 
[21:38:31] [FINE   ] Enxugador pegou o prato #334 do escorredor. 
[21:38:31] [FINE   ] Escorredor CHEIO! Quantidade de pratos: 10 
[21:38:31] [FINE   ] Lavador colocou o prato #344 no escorredor. 
[21:38:31] [FINE   ] Lavador pegou o prato #345 (Sujeira: BAIXO) 
[21:38:31] [FINE   ] Lavador terminou de lavar o prato #345 
[21:38:31] [FINE   ] Enxugador terminou de secar o prato #334 em 10ms. 
[21:38:31] [FINE   ] Enxugador pegou o prato #335 do escorredor. 
[21:38:31] [FINE   ] Escorredor CHEIO! Quantidade de pratos: 10 
[21:38:31] [FINE   ] Lavador colocou o prato #345 no escorredor. 
[21:38:31] [FINE   ] Lavador pegou o prato #346 (Sujeira: MEDIO) 
[21:38:31] [FINE   ] Enxugador terminou de secar o prato #335 em 5ms. 
[21:38:31] [FINE   ] Enxugador pegou o prato #336 do escorredor. 
[21:38:31] [FINE   ] Lavador terminou de lavar o prato #346 
[21:38:31] [FINE   ] Escorredor CHEIO! Quantidade de pratos: 10 
[21:38:31] [FINE   ] Lavador colocou o prato #346 no escorredor. 
[21:38:31] [FINE   ] Lavador pegou o prato #347 (Sujeira: MEDIO) 
[21:38:31] [FINE   ] Enxugador terminou de secar o prato #336 em 4ms. 
[21:38:31] [FINE   ] Enxugador pegou o prato #337 do escorredor. 
[21:38:31] [FINE   ] Lavador terminou de lavar o prato #347 
[21:38:31] [FINE   ] Escorredor CHEIO! Quantidade de pratos: 10 
[21:38:31] [FINE   ] Lavador colocou o prato #347 no escorredor. 
[21:38:31] [FINE   ] Lavador pegou o prato #348 (Sujeira: MEDIO) 
[21:38:31] [FINE   ] Lavador terminou de lavar o prato #348 
[21:38:31] [FINE   ] Enxugador terminou de secar o prato #337 em 7ms. 
[21:38:31] [FINE   ] Enxugador pegou o prato #338 do escorredor. 
[21:38:31] [FINE   ] Escorredor CHEIO! Quantidade de pratos: 10 
[21:38:31] [FINE   ] Lavador colocou o prato #348 no escorredor. 
[21:38:31] [FINE   ] Lavador pegou o prato #349 (Sujeira: MEDIO) 
[21:38:31] [FINE   ] Enxugador terminou de secar o prato #338 em 4ms. 
[21:38:31] [FINE   ] Enxugador pegou o prato #339 do escorredor. 
[21:38:31] [FINE   ] Lavador terminou de lavar o prato #349 
[21:38:31] [FINE   ] Escorredor CHEIO! Quantidade de pratos: 10 
[21:38:31] [FINE   ] Lavador colocou o prato #349 no escorredor. 
[21:38:31] [FINE   ] Lavador pegou o prato #350 (Sujeira: MEDIO) 
[21:38:31] [FINE   ] Lavador terminou de lavar o prato #350 
[21:38:31] [FINE   ] Enxugador terminou de secar o prato #339 em 9ms. 
[21:38:31] [FINE   ] Enxugador pegou o prato #340 do escorredor. 
[21:38:31] [FINE   ] Escorredor CHEIO! Quantidade de pratos: 10 
[21:38:31] [FINE   ] Lavador colocou o prato #350 no escorredor. 
[21:38:31] [FINE   ] Lavador pegou o prato #351 (Sujeira: MEDIO) 
[21:38:31] [FINE   ] Enxugador terminou de secar o prato #340 em 3ms. 
[21:38:31] [FINE   ] Enxugador pegou o prato #341 do escorredor. 
[21:38:31] [FINE   ] Lavador terminou de lavar o prato #351 
[21:38:31] [FINE   ] Escorredor CHEIO! Quantidade de pratos: 10 
[21:38:31] [FINE   ] Lavador colocou o prato #351 no escorredor. 
[21:38:31] [FINE   ] Lavador pegou o prato #352 (Sujeira: BAIXO) 
[21:38:31] [FINE   ] Enxugador terminou de secar o prato #341 em 4ms. 
[21:38:31] [FINE   ] Enxugador pegou o prato #342 do escorredor. 
[21:38:31] [FINE   ] Lavador terminou de lavar o prato #352 
[21:38:31] [FINE   ] Escorredor CHEIO! Quantidade de pratos: 10 
[21:38:31] [FINE   ] Lavador colocou o prato #352 no escorredor. 
[21:38:31] [FINE   ] Lavador pegou o prato #353 (Sujeira: MEDIO) 
[21:38:31] [FINE   ] Lavador terminou de lavar o prato #353 
[21:38:31] [FINE   ] Enxugador terminou de secar o prato #342 em 9ms. 
[21:38:31] [FINE   ] Enxugador pegou o prato #343 do escorredor. 
[21:38:31] [FINE   ] Escorredor CHEIO! Quantidade de pratos: 10 
[21:38:31] [FINE   ] Lavador colocou o prato #353 no escorredor. 
[21:38:31] [FINE   ] Lavador pegou o prato #354 (Sujeira: MEDIO) 
[21:38:31] [FINE   ] Lavador terminou de lavar o prato #354 
[21:38:31] [FINE   ] Enxugador terminou de secar o prato #343 em 6ms. 
[21:38:31] [FINE   ] Enxugador pegou o prato #344 do escorredor. 
[21:38:31] [FINE   ] Escorredor CHEIO! Quantidade de pratos: 10 
[21:38:31] [FINE   ] Lavador colocou o prato #354 no escorredor. 
[21:38:31] [FINE   ] Lavador pegou o prato #355 (Sujeira: ENGORDURADO) 
[21:38:31] [FINE   ] Enxugador terminou de secar o prato #344 em 5ms. 
[21:38:31] [FINE   ] Enxugador pegou o prato #345 do escorredor. 
[21:38:31] [FINE   ] Enxugador terminou de secar o prato #345 em 3ms. 
[21:38:31] [FINE   ] Enxugador pegou o prato #346 do escorredor. 
[21:38:31] [FINE   ] Lavador terminou de lavar o prato #355 
[21:38:31] [FINE   ] Lavador colocou o prato #355 no escorredor. 
[21:38:31] [FINE   ] Lavador pegou o prato #356 (Sujeira: BAIXO) 
[21:38:31] [FINE   ] Enxugador terminou de secar o prato #346 em 3ms. 
[21:38:31] [FINE   ] Enxugador pegou o prato #347 do escorredor. 
[21:38:31] [FINE   ] Lavador terminou de lavar o prato #356 
[21:38:31] [FINE   ] Lavador colocou o prato #356 no escorredor. 
[21:38:31] [FINE   ] Lavador pegou o prato #357 (Sujeira: MEDIO) 
[21:38:31] [FINE   ] Enxugador terminou de secar o prato #347 em 3ms. 
[21:38:31] [FINE   ] Enxugador pegou o prato #348 do escorredor. 
[21:38:31] [FINE   ] Lavador terminou de lavar o prato #357 
[21:38:31] [FINE   ] Lavador colocou o prato #357 no escorredor. 
[21:38:31] [FINE   ] Lavador pegou o prato #358 (Sujeira: MEDIO) 
[21:38:31] [FINE   ] Lavador terminou de lavar o prato #358 
[21:38:31] [FINE   ] Escorredor CHEIO! Quantidade de pratos: 10 
[21:38:31] [FINE   ] Lavador colocou o prato #358 no escorredor. 
[21:38:31] [FINE   ] Lavador pegou o prato #359 (Sujeira: BAIXO) 
[21:38:31] [FINE   ] Enxugador terminou de secar o prato #348 em 10ms. 
[21:38:31] [FINE   ] Enxugador pegou o prato #349 do escorredor. 
[21:38:31] [FINE   ] Lavador terminou de lavar o prato #359 
[21:38:31] [FINE   ] Escorredor CHEIO! Quantidade de pratos: 10 
[21:38:31] [FINE   ] Lavador colocou o prato #359 no escorredor. 
[21:38:31] [FINE   ] Lavador pegou o prato #360 (Sujeira: MEDIO) 
[21:38:31] [FINE   ] Lavador terminou de lavar o prato #360 
[21:38:31] [FINE   ] Enxugador terminou de secar o prato #349 em 9ms. 
[21:38:31] [FINE   ] Enxugador pegou o prato #350 do escorredor. 
[21:38:31] [FINE   ] Escorredor CHEIO! Quantidade de pratos: 10 
[21:38:31] [FINE   ] Lavador colocou o prato #360 no escorredor. 
[21:38:31] [FINE   ] Lavador pegou o prato #361 (Sujeira: MEDIO) 
[21:38:31] [FINE   ] Enxugador terminou de secar o prato #350 em 4ms. 
[21:38:31] [FINE   ] Enxugador pegou o prato #351 do escorredor. 
[21:38:31] [FINE   ] Lavador terminou de lavar o prato #361 
[21:38:31] [FINE   ] Escorredor CHEIO! Quantidade de pratos: 10 
[21:38:31] [FINE   ] Lavador colocou o prato #361 no escorredor. 
[21:38:31] [FINE   ] Lavador pegou o prato #362 (Sujeira: BAIXO) 
[21:38:31] [FINE   ] Lavador terminou de lavar o prato #362 
[21:38:31] [FINE   ] Enxugador terminou de secar o prato #351 em 10ms. 
[21:38:31] [FINE   ] Escorredor CHEIO! Quantidade de pratos: 10 
[21:38:31] [FINE   ] Enxugador pegou o prato #352 do escorredor. 
[21:38:31] [FINE   ] Lavador colocou o prato #362 no escorredor. 
[21:38:31] [FINE   ] Lavador pegou o prato #363 (Sujeira: ENGORDURADO) 
[21:38:31] [FINE   ] Enxugador terminou de secar o prato #352 em 4ms. 
[21:38:31] [FINE   ] Enxugador pegou o prato #353 do escorredor. 
[21:38:31] [FINE   ] Enxugador terminou de secar o prato #353 em 5ms. 
[21:38:31] [FINE   ] Lavador terminou de lavar o prato #363 
[21:38:31] [FINE   ] Enxugador pegou o prato #354 do escorredor. 
[21:38:31] [FINE   ] Lavador colocou o prato #363 no escorredor. 
[21:38:31] [FINE   ] Lavador pegou o prato #364 (Sujeira: BAIXO) 
[21:38:31] [FINE   ] Lavador terminou de lavar o prato #364 
[21:38:31] [FINE   ] Escorredor CHEIO! Quantidade de pratos: 10 
[21:38:31] [FINE   ] Lavador colocou o prato #364 no escorredor. 
[21:38:31] [FINE   ] Lavador pegou o prato #365 (Sujeira: BAIXO) 
[21:38:31] [FINE   ] Enxugador terminou de secar o prato #354 em 7ms. 
[21:38:31] [FINE   ] Enxugador pegou o prato #355 do escorredor. 
[21:38:31] [FINE   ] Lavador terminou de lavar o prato #365 
[21:38:31] [FINE   ] Escorredor CHEIO! Quantidade de pratos: 10 
[21:38:31] [FINE   ] Lavador colocou o prato #365 no escorredor. 
[21:38:31] [FINE   ] Lavador pegou o prato #366 (Sujeira: MEDIO) 
[21:38:31] [FINE   ] Lavador terminou de lavar o prato #366 
[21:38:31] [FINE   ] Enxugador terminou de secar o prato #355 em 8ms. 
[21:38:31] [FINE   ] Enxugador pegou o prato #356 do escorredor. 
[21:38:31] [FINE   ] Escorredor CHEIO! Quantidade de pratos: 10 
[21:38:31] [FINE   ] Lavador colocou o prato #366 no escorredor. 
[21:38:31] [FINE   ] Lavador pegou o prato #367 (Sujeira: MEDIO) 
[21:38:31] [FINE   ] Enxugador terminou de secar o prato #356 em 5ms. 
[21:38:31] [FINE   ] Lavador terminou de lavar o prato #367 
[21:38:31] [FINE   ] Escorredor CHEIO! Quantidade de pratos: 10 
[21:38:31] [FINE   ] Enxugador pegou o prato #357 do escorredor. 
[21:38:31] [FINE   ] Lavador colocou o prato #367 no escorredor. 
[21:38:31] [FINE   ] Lavador pegou o prato #368 (Sujeira: ENGORDURADO) 
[21:38:31] [FINE   ] Enxugador terminou de secar o prato #357 em 7ms. 
[21:38:31] [FINE   ] Enxugador pegou o prato #358 do escorredor. 
[21:38:31] [FINE   ] Lavador terminou de lavar o prato #368 
[21:38:31] [FINE   ] Escorredor CHEIO! Quantidade de pratos: 10 
[21:38:31] [FINE   ] Lavador colocou o prato #368 no escorredor. 
[21:38:31] [FINE   ] Lavador pegou o prato #369 (Sujeira: MEDIO) 
[21:38:31] [FINE   ] Enxugador terminou de secar o prato #358 em 6ms. 
[21:38:31] [FINE   ] Enxugador pegou o prato #359 do escorredor. 
[21:38:31] [FINE   ] Lavador terminou de lavar o prato #369 
[21:38:31] [FINE   ] Escorredor CHEIO! Quantidade de pratos: 10 
[21:38:31] [FINE   ] Lavador colocou o prato #369 no escorredor. 
[21:38:31] [FINE   ] Lavador pegou o prato #370 (Sujeira: BAIXO) 
[21:38:31] [FINE   ] Lavador terminou de lavar o prato #370 
[21:38:31] [FINE   ] Enxugador terminou de secar o prato #359 em 6ms. 
[21:38:31] [FINE   ] Enxugador pegou o prato #360 do escorredor. 
[21:38:31] [FINE   ] Escorredor CHEIO! Quantidade de pratos: 10 
[21:38:31] [FINE   ] Lavador colocou o prato #370 no escorredor. 
[21:38:31] [FINE   ] Lavador pegou o prato #371 (Sujeira: MEDIO) 
[21:38:31] [FINE   ] Enxugador terminou de secar o prato #360 em 4ms. 
[21:38:31] [FINE   ] Enxugador pegou o prato #361 do escorredor. 
[21:38:31] [FINE   ] Lavador terminou de lavar o prato #371 
[21:38:31] [FINE   ] Escorredor CHEIO! Quantidade de pratos: 10 
[21:38:31] [FINE   ] Lavador colocou o prato #371 no escorredor. 
[21:38:31] [FINE   ] Lavador pegou o prato #372 (Sujeira: MEDIO) 
[21:38:31] [FINE   ] Lavador terminou de lavar o prato #372 
[21:38:31] [FINE   ] Enxugador terminou de secar o prato #361 em 6ms. 
[21:38:31] [FINE   ] Enxugador pegou o prato #362 do escorredor. 
[21:38:31] [FINE   ] Escorredor CHEIO! Quantidade de pratos: 10 
[21:38:31] [FINE   ] Lavador colocou o prato #372 no escorredor. 
[21:38:31] [FINE   ] Lavador pegou o prato #373 (Sujeira: MEDIO) 
[21:38:31] [FINE   ] Lavador terminou de lavar o prato #373 
[21:38:31] [FINE   ] Enxugador terminou de secar o prato #362 em 7ms. 
[21:38:31] [FINE   ] Enxugador pegou o prato #363 do escorredor. 
[21:38:31] [FINE   ] Escorredor CHEIO! Quantidade de pratos: 10 
[21:38:31] [FINE   ] Lavador colocou o prato #373 no escorredor. 
[21:38:31] [FINE   ] Lavador pegou o prato #374 (Sujeira: ENGORDURADO) 
[21:38:31] [FINE   ] Enxugador terminou de secar o prato #363 em 3ms. 
[21:38:31] [FINE   ] Enxugador pegou o prato #364 do escorredor. 
[21:38:31] [FINE   ] Lavador terminou de lavar o prato #374 
[21:38:31] [FINE   ] Enxugador terminou de secar o prato #364 em 6ms. 
[21:38:31] [FINE   ] Escorredor CHEIO! Quantidade de pratos: 10 
[21:38:31] [FINE   ] Lavador colocou o prato #374 no escorredor. 
[21:38:31] [FINE   ] Enxugador pegou o prato #365 do escorredor. 
[21:38:31] [FINE   ] Lavador pegou o prato #375 (Sujeira: MEDIO) 
[21:38:31] [FINE   ] Lavador terminou de lavar o prato #375 
[21:38:31] [FINE   ] Escorredor CHEIO! Quantidade de pratos: 10 
[21:38:31] [FINE   ] Lavador colocou o prato #375 no escorredor. 
[21:38:31] [FINE   ] Lavador pegou o prato #376 (Sujeira: MEDIO) 
[21:38:31] [FINE   ] Enxugador terminou de secar o prato #365 em 9ms. 
[21:38:31] [FINE   ] Enxugador pegou o prato #366 do escorredor. 
[21:38:31] [FINE   ] Lavador terminou de lavar o prato #376 
[21:38:31] [FINE   ] Escorredor CHEIO! Quantidade de pratos: 10 
[21:38:31] [FINE   ] Lavador colocou o prato #376 no escorredor. 
[21:38:31] [FINE   ] Lavador pegou o prato #377 (Sujeira: ENGORDURADO) 
[21:38:31] [FINE   ] Enxugador terminou de secar o prato #366 em 5ms. 
[21:38:31] [FINE   ] Enxugador pegou o prato #367 do escorredor. 
[21:38:31] [FINE   ] Lavador terminou de lavar o prato #377 
[21:38:31] [FINE   ] Enxugador terminou de secar o prato #367 em 8ms. 
[21:38:31] [FINE   ] Escorredor CHEIO! Quantidade de pratos: 10 
[21:38:31] [FINE   ] Enxugador pegou o prato #368 do escorredor. 
[21:38:31] [FINE   ] Lavador colocou o prato #377 no escorredor. 
[21:38:31] [FINE   ] Lavador pegou o prato #378 (Sujeira: BAIXO) 
[21:38:31] [FINE   ] Lavador terminou de lavar o prato #378 
[21:38:31] [FINE   ] Escorredor CHEIO! Quantidade de pratos: 10 
[21:38:31] [FINE   ] Lavador colocou o prato #378 no escorredor. 
[21:38:31] [FINE   ] Lavador pegou o prato #379 (Sujeira: MEDIO) 
[21:38:31] [FINE   ] Enxugador terminou de secar o prato #368 em 6ms. 
[21:38:31] [FINE   ] Enxugador pegou o prato #369 do escorredor. 
[21:38:31] [FINE   ] Lavador terminou de lavar o prato #379 
[21:38:31] [FINE   ] Escorredor CHEIO! Quantidade de pratos: 10 
[21:38:31] [FINE   ] Lavador colocou o prato #379 no escorredor. 
[21:38:31] [FINE   ] Lavador pegou o prato #380 (Sujeira: MEDIO) 
[21:38:31] [FINE   ] Lavador terminou de lavar o prato #380 
[21:38:31] [FINE   ] Enxugador terminou de secar o prato #369 em 10ms. 
[21:38:31] [FINE   ] Enxugador pegou o prato #370 do escorredor. 
[21:38:31] [FINE   ] Escorredor CHEIO! Quantidade de pratos: 10 
[21:38:31] [FINE   ] Lavador colocou o prato #380 no escorredor. 
[21:38:31] [FINE   ] Lavador pegou o prato #381 (Sujeira: MEDIO) 
[21:38:31] [FINE   ] Enxugador terminou de secar o prato #370 em 4ms. 
[21:38:31] [FINE   ] Enxugador pegou o prato #371 do escorredor. 
[21:38:31] [FINE   ] Lavador terminou de lavar o prato #381 
[21:38:31] [FINE   ] Escorredor CHEIO! Quantidade de pratos: 10 
[21:38:31] [FINE   ] Lavador colocou o prato #381 no escorredor. 
[21:38:31] [FINE   ] Lavador pegou o prato #382 (Sujeira: MEDIO) 
[21:38:31] [FINE   ] Lavador terminou de lavar o prato #382 
[21:38:31] [FINE   ] Enxugador terminou de secar o prato #371 em 7ms. 
[21:38:31] [FINE   ] Enxugador pegou o prato #372 do escorredor. 
[21:38:31] [FINE   ] Escorredor CHEIO! Quantidade de pratos: 10 
[21:38:31] [FINE   ] Lavador colocou o prato #382 no escorredor. 
[21:38:31] [FINE   ] Lavador pegou o prato #383 (Sujeira: MEDIO) 
[21:38:31] [FINE   ] Enxugador terminou de secar o prato #372 em 3ms. 
[21:38:31] [FINE   ] Enxugador pegou o prato #373 do escorredor. 
[21:38:31] [FINE   ] Lavador terminou de lavar o prato #383 
[21:38:31] [FINE   ] Escorredor CHEIO! Quantidade de pratos: 10 
[21:38:31] [FINE   ] Lavador colocou o prato #383 no escorredor. 
[21:38:31] [FINE   ] Lavador pegou o prato #384 (Sujeira: MEDIO) 
[21:38:31] [FINE   ] Enxugador terminou de secar o prato #373 em 4ms. 
[21:38:31] [FINE   ] Enxugador pegou o prato #374 do escorredor. 
[21:38:31] [FINE   ] Lavador terminou de lavar o prato #384 
[21:38:31] [FINE   ] Escorredor CHEIO! Quantidade de pratos: 10 
[21:38:31] [FINE   ] Lavador colocou o prato #384 no escorredor. 
[21:38:31] [FINE   ] Lavador pegou o prato #385 (Sujeira: MEDIO) 
[21:38:31] [FINE   ] Enxugador terminou de secar o prato #374 em 4ms. 
[21:38:31] [FINE   ] Enxugador pegou o prato #375 do escorredor. 
[21:38:31] [FINE   ] Lavador terminou de lavar o prato #385 
[21:38:31] [FINE   ] Escorredor CHEIO! Quantidade de pratos: 10 
[21:38:31] [FINE   ] Lavador colocou o prato #385 no escorredor. 
[21:38:31] [FINE   ] Lavador pegou o prato #386 (Sujeira: MEDIO) 
[21:38:31] [FINE   ] Enxugador terminou de secar o prato #375 em 5ms. 
[21:38:31] [FINE   ] Enxugador pegou o prato #376 do escorredor. 
[21:38:31] [FINE   ] Lavador terminou de lavar o prato #386 
[21:38:31] [FINE   ] Escorredor CHEIO! Quantidade de pratos: 10 
[21:38:31] [FINE   ] Lavador colocou o prato #386 no escorredor. 
[21:38:31] [FINE   ] Lavador pegou o prato #387 (Sujeira: MEDIO) 
[21:38:31] [FINE   ] Lavador terminou de lavar o prato #387 
[21:38:31] [FINE   ] Enxugador terminou de secar o prato #376 em 10ms. 
[21:38:31] [FINE   ] Enxugador pegou o prato #377 do escorredor. 
[21:38:31] [FINE   ] Escorredor CHEIO! Quantidade de pratos: 10 
[21:38:31] [FINE   ] Lavador colocou o prato #387 no escorredor. 
[21:38:31] [FINE   ] Lavador pegou o prato #388 (Sujeira: MEDIO) 
[21:38:31] [FINE   ] Lavador terminou de lavar o prato #388 
[21:38:31] [FINE   ] Enxugador terminou de secar o prato #377 em 9ms. 
[21:38:31] [FINE   ] Enxugador pegou o prato #378 do escorredor. 
[21:38:31] [FINE   ] Escorredor CHEIO! Quantidade de pratos: 10 
[21:38:31] [FINE   ] Lavador colocou o prato #388 no escorredor. 
[21:38:31] [FINE   ] Lavador pegou o prato #389 (Sujeira: MEDIO) 
[21:38:31] [FINE   ] Enxugador terminou de secar o prato #378 em 5ms. 
[21:38:31] [FINE   ] Enxugador pegou o prato #379 do escorredor. 
[21:38:31] [FINE   ] Lavador terminou de lavar o prato #389 
[21:38:31] [FINE   ] Escorredor CHEIO! Quantidade de pratos: 10 
[21:38:31] [FINE   ] Lavador colocou o prato #389 no escorredor. 
[21:38:31] [FINE   ] Lavador pegou o prato #390 (Sujeira: BAIXO) 
[21:38:31] [FINE   ] Lavador terminou de lavar o prato #390 
[21:38:31] [FINE   ] Enxugador terminou de secar o prato #379 em 7ms. 
[21:38:31] [FINE   ] Enxugador pegou o prato #380 do escorredor. 
[21:38:31] [FINE   ] Escorredor CHEIO! Quantidade de pratos: 10 
[21:38:31] [FINE   ] Lavador colocou o prato #390 no escorredor. 
[21:38:31] [FINE   ] Lavador pegou o prato #391 (Sujeira: MEDIO) 
[21:38:31] [FINE   ] Lavador terminou de lavar o prato #391 
[21:38:31] [FINE   ] Enxugador terminou de secar o prato #380 em 8ms. 
[21:38:31] [FINE   ] Enxugador pegou o prato #381 do escorredor. 
[21:38:31] [FINE   ] Escorredor CHEIO! Quantidade de pratos: 10 
[21:38:31] [FINE   ] Lavador colocou o prato #391 no escorredor. 
[21:38:31] [FINE   ] Lavador pegou o prato #392 (Sujeira: MEDIO) 
[21:38:31] [FINE   ] Enxugador terminou de secar o prato #381 em 3ms. 
[21:38:31] [FINE   ] Enxugador pegou o prato #382 do escorredor. 
[21:38:31] [FINE   ] Lavador terminou de lavar o prato #392 
[21:38:31] [FINE   ] Escorredor CHEIO! Quantidade de pratos: 10 
[21:38:31] [FINE   ] Lavador colocou o prato #392 no escorredor. 
[21:38:31] [FINE   ] Lavador pegou o prato #393 (Sujeira: MEDIO) 
[21:38:31] [FINE   ] Enxugador terminou de secar o prato #382 em 6ms. 
[21:38:31] [FINE   ] Enxugador pegou o prato #383 do escorredor. 
[21:38:31] [FINE   ] Lavador terminou de lavar o prato #393 
[21:38:31] [FINE   ] Escorredor CHEIO! Quantidade de pratos: 10 
[21:38:31] [FINE   ] Lavador colocou o prato #393 no escorredor. 
[21:38:31] [FINE   ] Lavador pegou o prato #394 (Sujeira: BAIXO) 
[21:38:31] [FINE   ] Enxugador terminou de secar o prato #383 em 3ms. 
[21:38:31] [FINE   ] Lavador terminou de lavar o prato #394 
[21:38:31] [FINE   ] Enxugador pegou o prato #384 do escorredor. 
[21:38:31] [FINE   ] Escorredor CHEIO! Quantidade de pratos: 10 
[21:38:31] [FINE   ] Lavador colocou o prato #394 no escorredor. 
[21:38:31] [FINE   ] Lavador pegou o prato #395 (Sujeira: MEDIO) 
[21:38:31] [FINE   ] Lavador terminou de lavar o prato #395 
[21:38:31] [FINE   ] Enxugador terminou de secar o prato #384 em 9ms. 
[21:38:31] [FINE   ] Enxugador pegou o prato #385 do escorredor. 
[21:38:31] [FINE   ] Escorredor CHEIO! Quantidade de pratos: 10 
[21:38:31] [FINE   ] Lavador colocou o prato #395 no escorredor. 
[21:38:31] [FINE   ] Lavador pegou o prato #396 (Sujeira: MEDIO) 
[21:38:31] [FINE   ] Lavador terminou de lavar o prato #396 
[21:38:31] [FINE   ] Enxugador terminou de secar o prato #385 em 8ms. 
[21:38:31] [FINE   ] Enxugador pegou o prato #386 do escorredor. 
[21:38:31] [FINE   ] Escorredor CHEIO! Quantidade de pratos: 10 
[21:38:31] [FINE   ] Lavador colocou o prato #396 no escorredor. 
[21:38:31] [FINE   ] Lavador pegou o prato #397 (Sujeira: MEDIO) 
[21:38:31] [FINE   ] Lavador terminou de lavar o prato #397 
[21:38:31] [FINE   ] Enxugador terminou de secar o prato #386 em 7ms. 
[21:38:31] [FINE   ] Enxugador pegou o prato #387 do escorredor. 
[21:38:31] [FINE   ] Escorredor CHEIO! Quantidade de pratos: 10 
[21:38:31] [FINE   ] Lavador colocou o prato #397 no escorredor. 
[21:38:31] [FINE   ] Lavador pegou o prato #398 (Sujeira: BAIXO) 
[21:38:31] [FINE   ] Lavador terminou de lavar o prato #398 
[21:38:31] [FINE   ] Enxugador terminou de secar o prato #387 em 7ms. 
[21:38:31] [FINE   ] Escorredor CHEIO! Quantidade de pratos: 10 
[21:38:31] [FINE   ] Enxugador pegou o prato #388 do escorredor. 
[21:38:31] [FINE   ] Lavador colocou o prato #398 no escorredor. 
[21:38:31] [FINE   ] Lavador pegou o prato #399 (Sujeira: MEDIO) 
[21:38:31] [FINE   ] Lavador terminou de lavar o prato #399 
[21:38:31] [FINE   ] Enxugador terminou de secar o prato #388 em 6ms. 
[21:38:31] [FINE   ] Enxugador pegou o prato #389 do escorredor. 
[21:38:31] [FINE   ] Escorredor CHEIO! Quantidade de pratos: 10 
[21:38:31] [FINE   ] Lavador colocou o prato #399 no escorredor. 
[21:38:31] [FINE   ] Lavador pegou o prato #400 (Sujeira: MEDIO) 
[21:38:31] [FINE   ] Enxugador terminou de secar o prato #389 em 4ms. 
[21:38:31] [FINE   ] Lavador terminou de lavar o prato #400 
[21:38:31] [FINE   ] Enxugador pegou o prato #390 do escorredor. 
[21:38:31] [FINE   ] Escorredor CHEIO! Quantidade de pratos: 10 
[21:38:31] [FINE   ] Lavador colocou o prato #400 no escorredor. 
[21:38:31] [FINE   ] Lavador pegou o prato #401 (Sujeira: MEDIO) 
[21:38:31] [FINE   ] Lavador terminou de lavar o prato #401 
[21:38:31] [FINE   ] Enxugador terminou de secar o prato #390 em 9ms. 
[21:38:31] [FINE   ] Enxugador pegou o prato #391 do escorredor. 
[21:38:31] [FINE   ] Escorredor CHEIO! Quantidade de pratos: 10 
[21:38:31] [FINE   ] Lavador colocou o prato #401 no escorredor. 
[21:38:31] [FINE   ] Lavador pegou o prato #402 (Sujeira: MEDIO) 
[21:38:31] [FINE   ] Enxugador terminou de secar o prato #391 em 3ms. 
[21:38:31] [FINE   ] Enxugador pegou o prato #392 do escorredor. 
[21:38:31] [FINE   ] Lavador terminou de lavar o prato #402 
[21:38:31] [FINE   ] Escorredor CHEIO! Quantidade de pratos: 10 
[21:38:31] [FINE   ] Lavador colocou o prato #402 no escorredor. 
[21:38:31] [FINE   ] Lavador pegou o prato #403 (Sujeira: MEDIO) 
[21:38:31] [FINE   ] Enxugador terminou de secar o prato #392 em 5ms. 
[21:38:31] [FINE   ] Enxugador pegou o prato #393 do escorredor. 
[21:38:31] [FINE   ] Lavador terminou de lavar o prato #403 
[21:38:31] [FINE   ] Escorredor CHEIO! Quantidade de pratos: 10 
[21:38:31] [FINE   ] Lavador colocou o prato #403 no escorredor. 
[21:38:31] [FINE   ] Lavador pegou o prato #404 (Sujeira: BAIXO) 
[21:38:31] [FINE   ] Lavador terminou de lavar o prato #404 
[21:38:31] [FINE   ] Enxugador terminou de secar o prato #393 em 9ms. 
[21:38:31] [FINE   ] Enxugador pegou o prato #394 do escorredor. 
[21:38:31] [FINE   ] Escorredor CHEIO! Quantidade de pratos: 10 
[21:38:31] [FINE   ] Lavador colocou o prato #404 no escorredor. 
[21:38:31] [FINE   ] Lavador pegou o prato #405 (Sujeira: MEDIO) 
[21:38:31] [FINE   ] Lavador terminou de lavar o prato #405 
[21:38:31] [FINE   ] Enxugador terminou de secar o prato #394 em 10ms. 
[21:38:31] [FINE   ] Enxugador pegou o prato #395 do escorredor. 
[21:38:31] [FINE   ] Escorredor CHEIO! Quantidade de pratos: 10 
[21:38:31] [FINE   ] Lavador colocou o prato #405 no escorredor. 
[21:38:31] [FINE   ] Lavador pegou o prato #406 (Sujeira: BAIXO) 
[21:38:31] [FINE   ] Enxugador terminou de secar o prato #395 em 3ms. 
[21:38:31] [FINE   ] Enxugador pegou o prato #396 do escorredor. 
[21:38:31] [FINE   ] Lavador terminou de lavar o prato #406 
[21:38:31] [FINE   ] Escorredor CHEIO! Quantidade de pratos: 10 
[21:38:31] [FINE   ] Lavador colocou o prato #406 no escorredor. 
[21:38:31] [FINE   ] Lavador pegou o prato #407 (Sujeira: MEDIO) 
[21:38:31] [FINE   ] Lavador terminou de lavar o prato #407 
[21:38:31] [FINE   ] Enxugador terminou de secar o prato #396 em 10ms. 
[21:38:31] [FINE   ] Enxugador pegou o prato #397 do escorredor. 
[21:38:31] [FINE   ] Escorredor CHEIO! Quantidade de pratos: 10 
[21:38:31] [FINE   ] Lavador colocou o prato #407 no escorredor. 
[21:38:31] [FINE   ] Lavador pegou o prato #408 (Sujeira: BAIXO) 
[21:38:31] [FINE   ] Lavador terminou de lavar o prato #408 
[21:38:31] [FINE   ] Enxugador terminou de secar o prato #397 em 9ms. 
[21:38:31] [FINE   ] Enxugador pegou o prato #398 do escorredor. 
[21:38:31] [FINE   ] Escorredor CHEIO! Quantidade de pratos: 10 
[21:38:31] [FINE   ] Lavador colocou o prato #408 no escorredor. 
[21:38:31] [FINE   ] Lavador pegou o prato #409 (Sujeira: BAIXO) 
[21:38:31] [FINE   ] Lavador terminou de lavar o prato #409 
[21:38:31] [FINE   ] Enxugador terminou de secar o prato #398 em 8ms. 
[21:38:31] [FINE   ] Enxugador pegou o prato #399 do escorredor. 
[21:38:31] [FINE   ] Escorredor CHEIO! Quantidade de pratos: 10 
[21:38:31] [FINE   ] Lavador colocou o prato #409 no escorredor. 
[21:38:31] [FINE   ] Lavador pegou o prato #410 (Sujeira: MEDIO) 
[21:38:31] [FINE   ] Lavador terminou de lavar o prato #410 
[21:38:31] [FINE   ] Enxugador terminou de secar o prato #399 em 10ms. 
[21:38:31] [FINE   ] Enxugador pegou o prato #400 do escorredor. 
[21:38:31] [FINE   ] Escorredor CHEIO! Quantidade de pratos: 10 
[21:38:31] [FINE   ] Lavador colocou o prato #410 no escorredor. 
[21:38:31] [FINE   ] Lavador pegou o prato #411 (Sujeira: ENGORDURADO) 
[21:38:31] [FINE   ] Enxugador terminou de secar o prato #400 em 4ms. 
[21:38:31] [FINE   ] Enxugador pegou o prato #401 do escorredor. 
[21:38:31] [FINE   ] Lavador terminou de lavar o prato #411 
[21:38:31] [FINE   ] Escorredor CHEIO! Quantidade de pratos: 10 
[21:38:31] [FINE   ] Lavador colocou o prato #411 no escorredor. 
[21:38:31] [FINE   ] Lavador pegou o prato #412 (Sujeira: MEDIO) 
[21:38:31] [FINE   ] Enxugador terminou de secar o prato #401 em 6ms. 
[21:38:31] [FINE   ] Enxugador pegou o prato #402 do escorredor. 
[21:38:31] [FINE   ] Lavador terminou de lavar o prato #412 
[21:38:31] [FINE   ] Escorredor CHEIO! Quantidade de pratos: 10 
[21:38:31] [FINE   ] Lavador colocou o prato #412 no escorredor. 
[21:38:31] [FINE   ] Enxugador terminou de secar o prato #402 em 3ms. 
[21:38:31] [FINE   ] Lavador pegou o prato #413 (Sujeira: MEDIO) 
[21:38:31] [FINE   ] Enxugador pegou o prato #403 do escorredor. 
[21:38:32] [FINE   ] Lavador terminou de lavar o prato #413 
[21:38:32] [FINE   ] Escorredor CHEIO! Quantidade de pratos: 10 
[21:38:32] [FINE   ] Lavador colocou o prato #413 no escorredor. 
[21:38:32] [FINE   ] Lavador pegou o prato #414 (Sujeira: MEDIO) 
[21:38:32] [FINE   ] Lavador terminou de lavar o prato #414 
[21:38:32] [FINE   ] Enxugador terminou de secar o prato #403 em 10ms. 
[21:38:32] [FINE   ] Enxugador pegou o prato #404 do escorredor. 
[21:38:32] [FINE   ] Escorredor CHEIO! Quantidade de pratos: 10 
[21:38:32] [FINE   ] Lavador colocou o prato #414 no escorredor. 
[21:38:32] [FINE   ] Lavador pegou o prato #415 (Sujeira: BAIXO) 
[21:38:32] [FINE   ] Lavador terminou de lavar o prato #415 
[21:38:32] [FINE   ] Enxugador terminou de secar o prato #404 em 9ms. 
[21:38:32] [FINE   ] Enxugador pegou o prato #405 do escorredor. 
[21:38:32] [FINE   ] Escorredor CHEIO! Quantidade de pratos: 10 
[21:38:32] [FINE   ] Lavador colocou o prato #415 no escorredor. 
[21:38:32] [FINE   ] Lavador pegou o prato #416 (Sujeira: MEDIO) 
[21:38:32] [FINE   ] Enxugador terminou de secar o prato #405 em 4ms. 
[21:38:32] [FINE   ] Enxugador pegou o prato #406 do escorredor. 
[21:38:32] [FINE   ] Lavador terminou de lavar o prato #416 
[21:38:32] [FINE   ] Escorredor CHEIO! Quantidade de pratos: 10 
[21:38:32] [FINE   ] Lavador colocou o prato #416 no escorredor. 
[21:38:32] [FINE   ] Lavador pegou o prato #417 (Sujeira: BAIXO) 
[21:38:32] [FINE   ] Enxugador terminou de secar o prato #406 em 4ms. 
[21:38:32] [FINE   ] Lavador terminou de lavar o prato #417 
[21:38:32] [FINE   ] Escorredor CHEIO! Quantidade de pratos: 10 
[21:38:32] [FINE   ] Lavador colocou o prato #417 no escorredor. 
[21:38:32] [FINE   ] Lavador pegou o prato #418 (Sujeira: BAIXO) 
[21:38:32] [FINE   ] Enxugador pegou o prato #407 do escorredor. 
[21:38:32] [FINE   ] Enxugador terminou de secar o prato #407 em 3ms. 
[21:38:32] [FINE   ] Lavador terminou de lavar o prato #418 
[21:38:32] [FINE   ] Enxugador pegou o prato #408 do escorredor. 
[21:38:32] [FINE   ] Escorredor CHEIO! Quantidade de pratos: 10 
[21:38:32] [FINE   ] Lavador colocou o prato #418 no escorredor. 
[21:38:32] [FINE   ] Lavador pegou o prato #419 (Sujeira: MEDIO) 
[21:38:32] [FINE   ] Enxugador terminou de secar o prato #408 em 4ms. 
[21:38:32] [FINE   ] Enxugador pegou o prato #409 do escorredor. 
[21:38:32] [FINE   ] Lavador terminou de lavar o prato #419 
[21:38:32] [FINE   ] Escorredor CHEIO! Quantidade de pratos: 10 
[21:38:32] [FINE   ] Lavador colocou o prato #419 no escorredor. 
[21:38:32] [FINE   ] Lavador pegou o prato #420 (Sujeira: MEDIO) 
[21:38:32] [FINE   ] Lavador terminou de lavar o prato #420 
[21:38:32] [FINE   ] Enxugador terminou de secar o prato #409 em 10ms. 
[21:38:32] [FINE   ] Enxugador pegou o prato #410 do escorredor. 
[21:38:32] [FINE   ] Escorredor CHEIO! Quantidade de pratos: 10 
[21:38:32] [FINE   ] Lavador colocou o prato #420 no escorredor. 
[21:38:32] [FINE   ] Lavador pegou o prato #421 (Sujeira: MEDIO) 
[21:38:32] [FINE   ] Enxugador terminou de secar o prato #410 em 3ms. 
[21:38:32] [FINE   ] Enxugador pegou o prato #411 do escorredor. 
[21:38:32] [FINE   ] Lavador terminou de lavar o prato #421 
[21:38:32] [FINE   ] Escorredor CHEIO! Quantidade de pratos: 10 
[21:38:32] [FINE   ] Lavador colocou o prato #421 no escorredor. 
[21:38:32] [FINE   ] Lavador pegou o prato #422 (Sujeira: ENGORDURADO) 
[21:38:32] [FINE   ] Enxugador terminou de secar o prato #411 em 6ms. 
[21:38:32] [FINE   ] Enxugador pegou o prato #412 do escorredor. 
[21:38:32] [FINE   ] Enxugador terminou de secar o prato #412 em 4ms. 
[21:38:32] [FINE   ] Enxugador pegou o prato #413 do escorredor. 
[21:38:32] [FINE   ] Lavador terminou de lavar o prato #422 
[21:38:32] [FINE   ] Lavador colocou o prato #422 no escorredor. 
[21:38:32] [FINE   ] Lavador pegou o prato #423 (Sujeira: MEDIO) 
[21:38:32] [FINE   ] Lavador terminou de lavar o prato #423 
[21:38:32] [FINE   ] Enxugador terminou de secar o prato #413 em 7ms. 
[21:38:32] [FINE   ] Escorredor CHEIO! Quantidade de pratos: 10 
[21:38:32] [FINE   ] Lavador colocou o prato #423 no escorredor. 
[21:38:32] [FINE   ] Enxugador pegou o prato #414 do escorredor. 
[21:38:32] [FINE   ] Lavador pegou o prato #424 (Sujeira: MEDIO) 
[21:38:32] [FINE   ] Lavador terminou de lavar o prato #424 
[21:38:32] [FINE   ] Escorredor CHEIO! Quantidade de pratos: 10 
[21:38:32] [FINE   ] Lavador colocou o prato #424 no escorredor. 
[21:38:32] [FINE   ] Lavador pegou o prato #425 (Sujeira: ENGORDURADO) 
[21:38:32] [FINE   ] Enxugador terminou de secar o prato #414 em 7ms. 
[21:38:32] [FINE   ] Enxugador pegou o prato #415 do escorredor. 
[21:38:32] [FINE   ] Enxugador terminou de secar o prato #415 em 4ms. 
[21:38:32] [FINE   ] Enxugador pegou o prato #416 do escorredor. 
[21:38:32] [FINE   ] Lavador terminou de lavar o prato #425 
[21:38:32] [FINE   ] Lavador colocou o prato #425 no escorredor. 
[21:38:32] [FINE   ] Lavador pegou o prato #426 (Sujeira: MEDIO) 
[21:38:32] [FINE   ] Enxugador terminou de secar o prato #416 em 9ms. 
[21:38:32] [FINE   ] Enxugador pegou o prato #417 do escorredor. 
[21:38:32] [FINE   ] Lavador terminou de lavar o prato #426 
[21:38:32] [FINE   ] Lavador colocou o prato #426 no escorredor. 
[21:38:32] [FINE   ] Lavador pegou o prato #427 (Sujeira: BAIXO) 
[21:38:32] [FINE   ] Enxugador terminou de secar o prato #417 em 4ms. 
[21:38:32] [FINE   ] Enxugador pegou o prato #418 do escorredor. 
[21:38:32] [FINE   ] Lavador terminou de lavar o prato #427 
[21:38:32] [FINE   ] Lavador colocou o prato #427 no escorredor. 
[21:38:32] [FINE   ] Lavador pegou o prato #428 (Sujeira: MEDIO) 
[21:38:32] [FINE   ] Enxugador terminou de secar o prato #418 em 6ms. 
[21:38:32] [FINE   ] Lavador terminou de lavar o prato #428 
[21:38:32] [FINE   ] Enxugador pegou o prato #419 do escorredor. 
[21:38:32] [FINE   ] Lavador colocou o prato #428 no escorredor. 
[21:38:32] [FINE   ] Lavador pegou o prato #429 (Sujeira: BAIXO) 
[21:38:32] [FINE   ] Lavador terminou de lavar o prato #429 
[21:38:32] [FINE   ] Escorredor CHEIO! Quantidade de pratos: 10 
[21:38:32] [FINE   ] Lavador colocou o prato #429 no escorredor. 
[21:38:32] [FINE   ] Lavador pegou o prato #430 (Sujeira: MEDIO) 
[21:38:32] [FINE   ] Enxugador terminou de secar o prato #419 em 9ms. 
[21:38:32] [FINE   ] Enxugador pegou o prato #420 do escorredor. 
[21:38:32] [FINE   ] Lavador terminou de lavar o prato #430 
[21:38:32] [FINE   ] Escorredor CHEIO! Quantidade de pratos: 10 
[21:38:32] [FINE   ] Lavador colocou o prato #430 no escorredor. 
[21:38:32] [FINE   ] Lavador pegou o prato #431 (Sujeira: MEDIO) 
[21:38:32] [FINE   ] Lavador terminou de lavar o prato #431 
[21:38:32] [FINE   ] Enxugador terminou de secar o prato #420 em 8ms. 
[21:38:32] [FINE   ] Enxugador pegou o prato #421 do escorredor. 
[21:38:32] [FINE   ] Escorredor CHEIO! Quantidade de pratos: 10 
[21:38:32] [FINE   ] Lavador colocou o prato #431 no escorredor. 
[21:38:32] [FINE   ] Lavador pegou o prato #432 (Sujeira: MEDIO) 
[21:38:32] [FINE   ] Lavador terminou de lavar o prato #432 
[21:38:32] [FINE   ] Enxugador terminou de secar o prato #421 em 10ms. 
[21:38:32] [FINE   ] Escorredor CHEIO! Quantidade de pratos: 10 
[21:38:32] [FINE   ] Enxugador pegou o prato #422 do escorredor. 
[21:38:32] [FINE   ] Lavador colocou o prato #432 no escorredor. 
[21:38:32] [FINE   ] Lavador pegou o prato #433 (Sujeira: MEDIO) 
[21:38:32] [FINE   ] Lavador terminou de lavar o prato #433 
[21:38:32] [FINE   ] Enxugador terminou de secar o prato #422 em 10ms. 
[21:38:32] [FINE   ] Enxugador pegou o prato #423 do escorredor. 
[21:38:32] [FINE   ] Escorredor CHEIO! Quantidade de pratos: 10 
[21:38:32] [FINE   ] Lavador colocou o prato #433 no escorredor. 
[21:38:32] [FINE   ] Lavador pegou o prato #434 (Sujeira: MEDIO) 
[21:38:32] [FINE   ] Enxugador terminou de secar o prato #423 em 3ms. 
[21:38:32] [FINE   ] Enxugador pegou o prato #424 do escorredor. 
[21:38:32] [FINE   ] Lavador terminou de lavar o prato #434 
[21:38:32] [FINE   ] Escorredor CHEIO! Quantidade de pratos: 10 
[21:38:32] [FINE   ] Lavador colocou o prato #434 no escorredor. 
[21:38:32] [FINE   ] Lavador pegou o prato #435 (Sujeira: MEDIO) 
[21:38:32] [FINE   ] Lavador terminou de lavar o prato #435 
[21:38:32] [FINE   ] Enxugador terminou de secar o prato #424 em 6ms. 
[21:38:32] [FINE   ] Enxugador pegou o prato #425 do escorredor. 
[21:38:32] [FINE   ] Escorredor CHEIO! Quantidade de pratos: 10 
[21:38:32] [FINE   ] Lavador colocou o prato #435 no escorredor. 
[21:38:32] [FINE   ] Lavador pegou o prato #436 (Sujeira: BAIXO) 
[21:38:32] [FINE   ] Enxugador terminou de secar o prato #425 em 3ms. 
[21:38:32] [FINE   ] Enxugador pegou o prato #426 do escorredor. 
[21:38:32] [FINE   ] Lavador terminou de lavar o prato #436 
[21:38:32] [FINE   ] Escorredor CHEIO! Quantidade de pratos: 10 
[21:38:32] [FINE   ] Lavador colocou o prato #436 no escorredor. 
[21:38:32] [FINE   ] Lavador pegou o prato #437 (Sujeira: MEDIO) 
[21:38:32] [FINE   ] Enxugador terminou de secar o prato #426 em 3ms. 
[21:38:32] [FINE   ] Enxugador pegou o prato #427 do escorredor. 
[21:38:32] [FINE   ] Lavador terminou de lavar o prato #437 
[21:38:32] [FINE   ] Escorredor CHEIO! Quantidade de pratos: 10 
[21:38:32] [FINE   ] Lavador colocou o prato #437 no escorredor. 
[21:38:32] [FINE   ] Lavador pegou o prato #438 (Sujeira: MEDIO) 
[21:38:32] [FINE   ] Enxugador terminou de secar o prato #427 em 7ms. 
[21:38:32] [FINE   ] Enxugador pegou o prato #428 do escorredor. 
[21:38:32] [FINE   ] Lavador terminou de lavar o prato #438 
[21:38:32] [FINE   ] Escorredor CHEIO! Quantidade de pratos: 10 
[21:38:32] [FINE   ] Lavador colocou o prato #438 no escorredor. 
[21:38:32] [FINE   ] Lavador pegou o prato #439 (Sujeira: MEDIO) 
[21:38:32] [FINE   ] Enxugador terminou de secar o prato #428 em 4ms. 
[21:38:32] [FINE   ] Enxugador pegou o prato #429 do escorredor. 
[21:38:32] [FINE   ] Lavador terminou de lavar o prato #439 
[21:38:32] [FINE   ] Escorredor CHEIO! Quantidade de pratos: 10 
[21:38:32] [FINE   ] Lavador colocou o prato #439 no escorredor. 
[21:38:32] [FINE   ] Lavador pegou o prato #440 (Sujeira: BAIXO) 
[21:38:32] [FINE   ] Lavador terminou de lavar o prato #440 
[21:38:32] [FINE   ] Enxugador terminou de secar o prato #429 em 9ms. 
[21:38:32] [FINE   ] Enxugador pegou o prato #430 do escorredor. 
[21:38:32] [FINE   ] Escorredor CHEIO! Quantidade de pratos: 10 
[21:38:32] [FINE   ] Lavador colocou o prato #440 no escorredor. 
[21:38:32] [FINE   ] Lavador pegou o prato #441 (Sujeira: MEDIO) 
[21:38:32] [FINE   ] Enxugador terminou de secar o prato #430 em 3ms. 
[21:38:32] [FINE   ] Enxugador pegou o prato #431 do escorredor. 
[21:38:32] [FINE   ] Lavador terminou de lavar o prato #441 
[21:38:32] [FINE   ] Escorredor CHEIO! Quantidade de pratos: 10 
[21:38:32] [FINE   ] Lavador colocou o prato #441 no escorredor. 
[21:38:32] [FINE   ] Lavador pegou o prato #442 (Sujeira: ENGORDURADO) 
[21:38:32] [FINE   ] Enxugador terminou de secar o prato #431 em 9ms. 
[21:38:32] [FINE   ] Enxugador pegou o prato #432 do escorredor. 
[21:38:32] [FINE   ] Lavador terminou de lavar o prato #442 
[21:38:32] [FINE   ] Escorredor CHEIO! Quantidade de pratos: 10 
[21:38:32] [FINE   ] Lavador colocou o prato #442 no escorredor. 
[21:38:32] [FINE   ] Lavador pegou o prato #443 (Sujeira: MEDIO) 
[21:38:32] [FINE   ] Enxugador terminou de secar o prato #432 em 7ms. 
[21:38:32] [FINE   ] Enxugador pegou o prato #433 do escorredor. 
[21:38:32] [FINE   ] Lavador terminou de lavar o prato #443 
[21:38:32] [FINE   ] Escorredor CHEIO! Quantidade de pratos: 10 
[21:38:32] [FINE   ] Lavador colocou o prato #443 no escorredor. 
[21:38:32] [FINE   ] Lavador pegou o prato #444 (Sujeira: MEDIO) 
[21:38:32] [FINE   ] Enxugador terminou de secar o prato #433 em 5ms. 
[21:38:32] [FINE   ] Lavador terminou de lavar o prato #444 
[21:38:32] [FINE   ] Enxugador pegou o prato #434 do escorredor. 
[21:38:32] [FINE   ] Escorredor CHEIO! Quantidade de pratos: 10 
[21:38:32] [FINE   ] Lavador colocou o prato #444 no escorredor. 
[21:38:32] [FINE   ] Lavador pegou o prato #445 (Sujeira: MEDIO) 
[21:38:32] [FINE   ] Lavador terminou de lavar o prato #445 
[21:38:32] [FINE   ] Enxugador terminou de secar o prato #434 em 7ms. 
[21:38:32] [FINE   ] Enxugador pegou o prato #435 do escorredor. 
[21:38:32] [FINE   ] Escorredor CHEIO! Quantidade de pratos: 10 
[21:38:32] [FINE   ] Lavador colocou o prato #445 no escorredor. 
[21:38:32] [FINE   ] Lavador pegou o prato #446 (Sujeira: MEDIO) 
[21:38:32] [FINE   ] Lavador terminou de lavar o prato #446 
[21:38:32] [FINE   ] Enxugador terminou de secar o prato #435 em 6ms. 
[21:38:32] [FINE   ] Enxugador pegou o prato #436 do escorredor. 
[21:38:32] [FINE   ] Escorredor CHEIO! Quantidade de pratos: 10 
[21:38:32] [FINE   ] Lavador colocou o prato #446 no escorredor. 
[21:38:32] [FINE   ] Lavador pegou o prato #447 (Sujeira: MEDIO) 
[21:38:32] [FINE   ] Lavador terminou de lavar o prato #447 
[21:38:32] [FINE   ] Enxugador terminou de secar o prato #436 em 8ms. 
[21:38:32] [FINE   ] Enxugador pegou o prato #437 do escorredor. 
[21:38:32] [FINE   ] Escorredor CHEIO! Quantidade de pratos: 10 
[21:38:32] [FINE   ] Lavador colocou o prato #447 no escorredor. 
[21:38:32] [FINE   ] Lavador pegou o prato #448 (Sujeira: BAIXO) 
[21:38:32] [FINE   ] Lavador terminou de lavar o prato #448 
[21:38:32] [FINE   ] Enxugador terminou de secar o prato #437 em 8ms. 
[21:38:32] [FINE   ] Enxugador pegou o prato #438 do escorredor. 
[21:38:32] [FINE   ] Escorredor CHEIO! Quantidade de pratos: 10 
[21:38:32] [FINE   ] Lavador colocou o prato #448 no escorredor. 
[21:38:32] [FINE   ] Lavador pegou o prato #449 (Sujeira: ENGORDURADO) 
[21:38:32] [FINE   ] Enxugador terminou de secar o prato #438 em 10ms. 
[21:38:32] [FINE   ] Lavador terminou de lavar o prato #449 
[21:38:32] [FINE   ] Enxugador pegou o prato #439 do escorredor. 
[21:38:32] [FINE   ] Escorredor CHEIO! Quantidade de pratos: 10 
[21:38:32] [FINE   ] Lavador colocou o prato #449 no escorredor. 
[21:38:32] [FINE   ] Lavador pegou o prato #450 (Sujeira: MEDIO) 
[21:38:32] [FINE   ] Lavador terminou de lavar o prato #450 
[21:38:32] [FINE   ] Enxugador terminou de secar o prato #439 em 9ms. 
[21:38:32] [FINE   ] Enxugador pegou o prato #440 do escorredor. 
[21:38:32] [FINE   ] Escorredor CHEIO! Quantidade de pratos: 10 
[21:38:32] [FINE   ] Lavador colocou o prato #450 no escorredor. 
[21:38:32] [FINE   ] Lavador pegou o prato #451 (Sujeira: MEDIO) 
[21:38:32] [FINE   ] Lavador terminou de lavar o prato #451 
[21:38:32] [FINE   ] Enxugador terminou de secar o prato #440 em 9ms. 
[21:38:32] [FINE   ] Enxugador pegou o prato #441 do escorredor. 
[21:38:32] [FINE   ] Escorredor CHEIO! Quantidade de pratos: 10 
[21:38:32] [FINE   ] Lavador colocou o prato #451 no escorredor. 
[21:38:32] [FINE   ] Lavador pegou o prato #452 (Sujeira: BAIXO) 
[21:38:32] [FINE   ] Lavador terminou de lavar o prato #452 
[21:38:32] [FINE   ] Enxugador terminou de secar o prato #441 em 6ms. 
[21:38:32] [FINE   ] Enxugador pegou o prato #442 do escorredor. 
[21:38:32] [FINE   ] Escorredor CHEIO! Quantidade de pratos: 10 
[21:38:32] [FINE   ] Lavador colocou o prato #452 no escorredor. 
[21:38:32] [FINE   ] Lavador pegou o prato #453 (Sujeira: BAIXO) 
[21:38:32] [FINE   ] Lavador terminou de lavar o prato #453 
[21:38:32] [FINE   ] Enxugador terminou de secar o prato #442 em 9ms. 
[21:38:32] [FINE   ] Enxugador pegou o prato #443 do escorredor. 
[21:38:32] [FINE   ] Escorredor CHEIO! Quantidade de pratos: 10 
[21:38:32] [FINE   ] Lavador colocou o prato #453 no escorredor. 
[21:38:32] [FINE   ] Lavador pegou o prato #454 (Sujeira: MEDIO) 
[21:38:32] [FINE   ] Lavador terminou de lavar o prato #454 
[21:38:32] [FINE   ] Enxugador terminou de secar o prato #443 em 9ms. 
[21:38:32] [FINE   ] Enxugador pegou o prato #444 do escorredor. 
[21:38:32] [FINE   ] Escorredor CHEIO! Quantidade de pratos: 10 
[21:38:32] [FINE   ] Lavador colocou o prato #454 no escorredor. 
[21:38:32] [FINE   ] Lavador pegou o prato #455 (Sujeira: MEDIO) 
[21:38:32] [FINE   ] Lavador terminou de lavar o prato #455 
[21:38:32] [FINE   ] Enxugador terminou de secar o prato #444 em 6ms. 
[21:38:32] [FINE   ] Enxugador pegou o prato #445 do escorredor. 
[21:38:32] [FINE   ] Escorredor CHEIO! Quantidade de pratos: 10 
[21:38:32] [FINE   ] Lavador colocou o prato #455 no escorredor. 
[21:38:32] [FINE   ] Lavador pegou o prato #456 (Sujeira: MEDIO) 
[21:38:32] [FINE   ] Lavador terminou de lavar o prato #456 
[21:38:32] [FINE   ] Enxugador terminou de secar o prato #445 em 9ms. 
[21:38:32] [FINE   ] Enxugador pegou o prato #446 do escorredor. 
[21:38:32] [FINE   ] Escorredor CHEIO! Quantidade de pratos: 10 
[21:38:32] [FINE   ] Lavador colocou o prato #456 no escorredor. 
[21:38:32] [FINE   ] Lavador pegou o prato #457 (Sujeira: MEDIO) 
[21:38:32] [FINE   ] Lavador terminou de lavar o prato #457 
[21:38:32] [FINE   ] Enxugador terminou de secar o prato #446 em 10ms. 
[21:38:32] [FINE   ] Enxugador pegou o prato #447 do escorredor. 
[21:38:32] [FINE   ] Escorredor CHEIO! Quantidade de pratos: 10 
[21:38:32] [FINE   ] Lavador colocou o prato #457 no escorredor. 
[21:38:32] [FINE   ] Lavador pegou o prato #458 (Sujeira: MEDIO) 
[21:38:32] [FINE   ] Lavador terminou de lavar o prato #458 
[21:38:32] [FINE   ] Enxugador terminou de secar o prato #447 em 10ms. 
[21:38:32] [FINE   ] Enxugador pegou o prato #448 do escorredor. 
[21:38:32] [FINE   ] Escorredor CHEIO! Quantidade de pratos: 10 
[21:38:32] [FINE   ] Lavador colocou o prato #458 no escorredor. 
[21:38:32] [FINE   ] Lavador pegou o prato #459 (Sujeira: MEDIO) 
[21:38:32] [FINE   ] Lavador terminou de lavar o prato #459 
[21:38:32] [FINE   ] Enxugador terminou de secar o prato #448 em 7ms. 
[21:38:32] [FINE   ] Enxugador pegou o prato #449 do escorredor. 
[21:38:32] [FINE   ] Escorredor CHEIO! Quantidade de pratos: 10 
[21:38:32] [FINE   ] Lavador colocou o prato #459 no escorredor. 
[21:38:32] [FINE   ] Lavador pegou o prato #460 (Sujeira: MEDIO) 
[21:38:32] [FINE   ] Enxugador terminou de secar o prato #449 em 4ms. 
[21:38:32] [FINE   ] Enxugador pegou o prato #450 do escorredor. 
[21:38:32] [FINE   ] Lavador terminou de lavar o prato #460 
[21:38:32] [FINE   ] Escorredor CHEIO! Quantidade de pratos: 10 
[21:38:32] [FINE   ] Lavador colocou o prato #460 no escorredor. 
[21:38:32] [FINE   ] Lavador pegou o prato #461 (Sujeira: MEDIO) 
[21:38:32] [FINE   ] Enxugador terminou de secar o prato #450 em 5ms. 
[21:38:32] [FINE   ] Enxugador pegou o prato #451 do escorredor. 
[21:38:32] [FINE   ] Lavador terminou de lavar o prato #461 
[21:38:32] [FINE   ] Escorredor CHEIO! Quantidade de pratos: 10 
[21:38:32] [FINE   ] Lavador colocou o prato #461 no escorredor. 
[21:38:32] [FINE   ] Lavador pegou o prato #462 (Sujeira: MEDIO) 
[21:38:32] [FINE   ] Lavador terminou de lavar o prato #462 
[21:38:32] [FINE   ] Enxugador terminou de secar o prato #451 em 10ms. 
[21:38:32] [FINE   ] Enxugador pegou o prato #452 do escorredor. 
[21:38:32] [FINE   ] Escorredor CHEIO! Quantidade de pratos: 10 
[21:38:32] [FINE   ] Lavador colocou o prato #462 no escorredor. 
[21:38:32] [FINE   ] Lavador pegou o prato #463 (Sujeira: MEDIO) 
[21:38:32] [FINE   ] Lavador terminou de lavar o prato #463 
[21:38:32] [FINE   ] Enxugador terminou de secar o prato #452 em 10ms. 
[21:38:32] [FINE   ] Enxugador pegou o prato #453 do escorredor. 
[21:38:32] [FINE   ] Escorredor CHEIO! Quantidade de pratos: 10 
[21:38:32] [FINE   ] Lavador colocou o prato #463 no escorredor. 
[21:38:32] [FINE   ] Lavador pegou o prato #464 (Sujeira: BAIXO) 
[21:38:32] [FINE   ] Lavador terminou de lavar o prato #464 
[21:38:32] [FINE   ] Enxugador terminou de secar o prato #453 em 10ms. 
[21:38:32] [FINE   ] Enxugador pegou o prato #454 do escorredor. 
[21:38:32] [FINE   ] Escorredor CHEIO! Quantidade de pratos: 10 
[21:38:32] [FINE   ] Lavador colocou o prato #464 no escorredor. 
[21:38:32] [FINE   ] Lavador pegou o prato #465 (Sujeira: MEDIO) 
[21:38:32] [FINE   ] Lavador terminou de lavar o prato #465 
[21:38:32] [FINE   ] Enxugador terminou de secar o prato #454 em 6ms. 
[21:38:32] [FINE   ] Enxugador pegou o prato #455 do escorredor. 
[21:38:32] [FINE   ] Escorredor CHEIO! Quantidade de pratos: 10 
[21:38:32] [FINE   ] Lavador colocou o prato #465 no escorredor. 
[21:38:32] [FINE   ] Lavador pegou o prato #466 (Sujeira: BAIXO) 
[21:38:32] [FINE   ] Lavador terminou de lavar o prato #466 
[21:38:32] [FINE   ] Enxugador terminou de secar o prato #455 em 9ms. 
[21:38:32] [FINE   ] Enxugador pegou o prato #456 do escorredor. 
[21:38:32] [FINE   ] Escorredor CHEIO! Quantidade de pratos: 10 
[21:38:32] [FINE   ] Lavador colocou o prato #466 no escorredor. 
[21:38:32] [FINE   ] Lavador pegou o prato #467 (Sujeira: MEDIO) 
[21:38:32] [FINE   ] Lavador terminou de lavar o prato #467 
[21:38:32] [FINE   ] Enxugador terminou de secar o prato #456 em 6ms. 
[21:38:32] [FINE   ] Enxugador pegou o prato #457 do escorredor. 
[21:38:32] [FINE   ] Escorredor CHEIO! Quantidade de pratos: 10 
[21:38:32] [FINE   ] Lavador colocou o prato #467 no escorredor. 
[21:38:32] [FINE   ] Lavador pegou o prato #468 (Sujeira: BAIXO) 
[21:38:32] [FINE   ] Lavador terminou de lavar o prato #468 
[21:38:32] [FINE   ] Enxugador terminou de secar o prato #457 em 9ms. 
[21:38:32] [FINE   ] Enxugador pegou o prato #458 do escorredor. 
[21:38:32] [FINE   ] Escorredor CHEIO! Quantidade de pratos: 10 
[21:38:32] [FINE   ] Lavador colocou o prato #468 no escorredor. 
[21:38:32] [FINE   ] Lavador pegou o prato #469 (Sujeira: MEDIO) 
[21:38:32] [FINE   ] Lavador terminou de lavar o prato #469 
[21:38:32] [FINE   ] Enxugador terminou de secar o prato #458 em 7ms. 
[21:38:32] [FINE   ] Enxugador pegou o prato #459 do escorredor. 
[21:38:32] [FINE   ] Escorredor CHEIO! Quantidade de pratos: 10 
[21:38:32] [FINE   ] Lavador colocou o prato #469 no escorredor. 
[21:38:32] [FINE   ] Lavador pegou o prato #470 (Sujeira: MEDIO) 
[21:38:32] [FINE   ] Enxugador terminou de secar o prato #459 em 3ms. 
[21:38:32] [FINE   ] Enxugador pegou o prato #460 do escorredor. 
[21:38:32] [FINE   ] Lavador terminou de lavar o prato #470 
[21:38:32] [FINE   ] Escorredor CHEIO! Quantidade de pratos: 10 
[21:38:32] [FINE   ] Lavador colocou o prato #470 no escorredor. 
[21:38:32] [FINE   ] Lavador pegou o prato #471 (Sujeira: MEDIO) 
[21:38:32] [FINE   ] Enxugador terminou de secar o prato #460 em 4ms. 
[21:38:32] [FINE   ] Enxugador pegou o prato #461 do escorredor. 
[21:38:32] [FINE   ] Lavador terminou de lavar o prato #471 
[21:38:32] [FINE   ] Escorredor CHEIO! Quantidade de pratos: 10 
[21:38:32] [FINE   ] Lavador colocou o prato #471 no escorredor. 
[21:38:32] [FINE   ] Lavador pegou o prato #472 (Sujeira: BAIXO) 
[21:38:32] [FINE   ] Enxugador terminou de secar o prato #461 em 6ms. 
[21:38:32] [FINE   ] Enxugador pegou o prato #462 do escorredor. 
[21:38:32] [FINE   ] Lavador terminou de lavar o prato #472 
[21:38:32] [FINE   ] Escorredor CHEIO! Quantidade de pratos: 10 
[21:38:32] [FINE   ] Lavador colocou o prato #472 no escorredor. 
[21:38:32] [FINE   ] Lavador pegou o prato #473 (Sujeira: MEDIO) 
[21:38:32] [FINE   ] Lavador terminou de lavar o prato #473 
[21:38:32] [FINE   ] Enxugador terminou de secar o prato #462 em 7ms. 
[21:38:32] [FINE   ] Enxugador pegou o prato #463 do escorredor. 
[21:38:32] [FINE   ] Escorredor CHEIO! Quantidade de pratos: 10 
[21:38:32] [FINE   ] Lavador colocou o prato #473 no escorredor. 
[21:38:32] [FINE   ] Lavador pegou o prato #474 (Sujeira: MEDIO) 
[21:38:32] [FINE   ] Enxugador terminou de secar o prato #463 em 6ms. 
[21:38:32] [FINE   ] Lavador terminou de lavar o prato #474 
[21:38:32] [FINE   ] Enxugador pegou o prato #464 do escorredor. 
[21:38:32] [FINE   ] Escorredor CHEIO! Quantidade de pratos: 10 
[21:38:32] [FINE   ] Lavador colocou o prato #474 no escorredor. 
[21:38:32] [FINE   ] Lavador pegou o prato #475 (Sujeira: MEDIO) 
[21:38:32] [FINE   ] Lavador terminou de lavar o prato #475 
[21:38:32] [FINE   ] Enxugador terminou de secar o prato #464 em 7ms. 
[21:38:32] [FINE   ] Enxugador pegou o prato #465 do escorredor. 
[21:38:32] [FINE   ] Escorredor CHEIO! Quantidade de pratos: 10 
[21:38:32] [FINE   ] Lavador colocou o prato #475 no escorredor. 
[21:38:32] [FINE   ] Lavador pegou o prato #476 (Sujeira: MEDIO) 
[21:38:32] [FINE   ] Enxugador terminou de secar o prato #465 em 4ms. 
[21:38:32] [FINE   ] Enxugador pegou o prato #466 do escorredor. 
[21:38:32] [FINE   ] Lavador terminou de lavar o prato #476 
[21:38:32] [FINE   ] Escorredor CHEIO! Quantidade de pratos: 10 
[21:38:32] [FINE   ] Lavador colocou o prato #476 no escorredor. 
[21:38:32] [FINE   ] Lavador pegou o prato #477 (Sujeira: ENGORDURADO) 
[21:38:32] [FINE   ] Enxugador terminou de secar o prato #466 em 4ms. 
[21:38:32] [FINE   ] Enxugador pegou o prato #467 do escorredor. 
[21:38:32] [FINE   ] Enxugador terminou de secar o prato #467 em 4ms. 
[21:38:32] [FINE   ] Enxugador pegou o prato #468 do escorredor. 
[21:38:32] [FINE   ] Lavador terminou de lavar o prato #477 
[21:38:32] [FINE   ] Lavador colocou o prato #477 no escorredor. 
[21:38:32] [FINE   ] Lavador pegou o prato #478 (Sujeira: ENGORDURADO) 
[21:38:32] [FINE   ] Enxugador terminou de secar o prato #468 em 4ms. 
[21:38:32] [FINE   ] Enxugador pegou o prato #469 do escorredor. 
[21:38:32] [FINE   ] Enxugador terminou de secar o prato #469 em 8ms. 
[21:38:32] [FINE   ] Lavador terminou de lavar o prato #478 
[21:38:32] [FINE   ] Enxugador pegou o prato #470 do escorredor. 
[21:38:32] [FINE   ] Lavador colocou o prato #478 no escorredor. 
[21:38:32] [FINE   ] Lavador pegou o prato #479 (Sujeira: MEDIO) 
[21:38:32] [FINE   ] Enxugador terminou de secar o prato #470 em 5ms. 
[21:38:32] [FINE   ] Lavador terminou de lavar o prato #479 
[21:38:32] [FINE   ] Enxugador pegou o prato #471 do escorredor. 
[21:38:32] [FINE   ] Lavador colocou o prato #479 no escorredor. 
[21:38:32] [FINE   ] Lavador pegou o prato #480 (Sujeira: MEDIO) 
[21:38:32] [FINE   ] Enxugador terminou de secar o prato #471 em 6ms. 
[21:38:32] [FINE   ] Lavador terminou de lavar o prato #480 
[21:38:32] [FINE   ] Lavador colocou o prato #480 no escorredor. 
[21:38:32] [FINE   ] Enxugador pegou o prato #472 do escorredor. 
[21:38:32] [FINE   ] Lavador pegou o prato #481 (Sujeira: ENGORDURADO) 
[21:38:32] [FINE   ] Enxugador terminou de secar o prato #472 em 4ms. 
[21:38:32] [FINE   ] Enxugador pegou o prato #473 do escorredor. 
[21:38:32] [FINE   ] Lavador terminou de lavar o prato #481 
[21:38:32] [FINE   ] Lavador colocou o prato #481 no escorredor. 
[21:38:32] [FINE   ] Lavador pegou o prato #482 (Sujeira: BAIXO) 
[21:38:32] [FINE   ] Lavador terminou de lavar o prato #482 
[21:38:32] [FINE   ] Enxugador terminou de secar o prato #473 em 9ms. 
[21:38:32] [FINE   ] Lavador colocou o prato #482 no escorredor. 
[21:38:32] [FINE   ] Enxugador pegou o prato #474 do escorredor. 
[21:38:32] [FINE   ] Lavador pegou o prato #483 (Sujeira: MEDIO) 
[21:38:32] [FINE   ] Enxugador terminou de secar o prato #474 em 3ms. 
[21:38:32] [FINE   ] Enxugador pegou o prato #475 do escorredor. 
[21:38:32] [FINE   ] Lavador terminou de lavar o prato #483 
[21:38:32] [FINE   ] Lavador colocou o prato #483 no escorredor. 
[21:38:32] [FINE   ] Lavador pegou o prato #484 (Sujeira: MEDIO) 
[21:38:32] [FINE   ] Enxugador terminou de secar o prato #475 em 3ms. 
[21:38:32] [FINE   ] Enxugador pegou o prato #476 do escorredor. 
[21:38:32] [FINE   ] Lavador terminou de lavar o prato #484 
[21:38:32] [FINE   ] Lavador colocou o prato #484 no escorredor. 
[21:38:32] [FINE   ] Lavador pegou o prato #485 (Sujeira: BAIXO) 
[21:38:32] [FINE   ] Lavador terminou de lavar o prato #485 
[21:38:32] [FINE   ] Lavador colocou o prato #485 no escorredor. 
[21:38:32] [FINE   ] Lavador pegou o prato #486 (Sujeira: MEDIO) 
[21:38:32] [FINE   ] Enxugador terminou de secar o prato #476 em 9ms. 
[21:38:32] [FINE   ] Enxugador pegou o prato #477 do escorredor. 
[21:38:32] [FINE   ] Lavador terminou de lavar o prato #486 
[21:38:32] [FINE   ] Lavador colocou o prato #486 no escorredor. 
[21:38:32] [FINE   ] Lavador pegou o prato #487 (Sujeira: BAIXO) 
[21:38:32] [FINE   ] Enxugador terminou de secar o prato #477 em 6ms. 
[21:38:32] [FINE   ] Enxugador pegou o prato #478 do escorredor. 
[21:38:32] [FINE   ] Lavador terminou de lavar o prato #487 
[21:38:32] [FINE   ] Lavador colocou o prato #487 no escorredor. 
[21:38:32] [FINE   ] Lavador pegou o prato #488 (Sujeira: BAIXO) 
[21:38:32] [FINE   ] Lavador terminou de lavar o prato #488 
[21:38:32] [FINE   ] Escorredor CHEIO! Quantidade de pratos: 10 
[21:38:32] [FINE   ] Lavador colocou o prato #488 no escorredor. 
[21:38:32] [FINE   ] Lavador pegou o prato #489 (Sujeira: MEDIO) 
[21:38:32] [FINE   ] Lavador terminou de lavar o prato #489 
[21:38:32] [FINE   ] Enxugador terminou de secar o prato #478 em 10ms. 
[21:38:32] [FINE   ] Enxugador pegou o prato #479 do escorredor. 
[21:38:32] [FINE   ] Escorredor CHEIO! Quantidade de pratos: 10 
[21:38:32] [FINE   ] Lavador colocou o prato #489 no escorredor. 
[21:38:32] [FINE   ] Lavador pegou o prato #490 (Sujeira: MEDIO) 
[21:38:32] [FINE   ] Enxugador terminou de secar o prato #479 em 3ms. 
[21:38:32] [FINE   ] Enxugador pegou o prato #480 do escorredor. 
[21:38:32] [FINE   ] Lavador terminou de lavar o prato #490 
[21:38:32] [FINE   ] Escorredor CHEIO! Quantidade de pratos: 10 
[21:38:32] [FINE   ] Lavador colocou o prato #490 no escorredor. 
[21:38:32] [FINE   ] Lavador pegou o prato #491 (Sujeira: BAIXO) 
[21:38:32] [FINE   ] Lavador terminou de lavar o prato #491 
[21:38:32] [FINE   ] Enxugador terminou de secar o prato #480 em 10ms. 
[21:38:32] [FINE   ] Enxugador pegou o prato #481 do escorredor. 
[21:38:32] [FINE   ] Escorredor CHEIO! Quantidade de pratos: 10 
[21:38:32] [FINE   ] Lavador colocou o prato #491 no escorredor. 
[21:38:32] [FINE   ] Lavador pegou o prato #492 (Sujeira: BAIXO) 
[21:38:32] [FINE   ] Lavador terminou de lavar o prato #492 
[21:38:32] [FINE   ] Enxugador terminou de secar o prato #481 em 3ms. 
[21:38:32] [FINE   ] Enxugador pegou o prato #482 do escorredor. 
[21:38:32] [FINE   ] Escorredor CHEIO! Quantidade de pratos: 10 
[21:38:32] [FINE   ] Lavador colocou o prato #492 no escorredor. 
[21:38:32] [FINE   ] Lavador pegou o prato #493 (Sujeira: MEDIO) 
[21:38:32] [FINE   ] Lavador terminou de lavar o prato #493 
[21:38:32] [FINE   ] Enxugador terminou de secar o prato #482 em 6ms. 
[21:38:32] [FINE   ] Enxugador pegou o prato #483 do escorredor. 
[21:38:32] [FINE   ] Escorredor CHEIO! Quantidade de pratos: 10 
[21:38:32] [FINE   ] Lavador colocou o prato #493 no escorredor. 
[21:38:32] [FINE   ] Lavador pegou o prato #494 (Sujeira: MEDIO) 
[21:38:32] [FINE   ] Enxugador terminou de secar o prato #483 em 5ms. 
[21:38:32] [FINE   ] Lavador terminou de lavar o prato #494 
[21:38:32] [FINE   ] Escorredor CHEIO! Quantidade de pratos: 10 
[21:38:32] [FINE   ] Enxugador pegou o prato #484 do escorredor. 
[21:38:32] [FINE   ] Lavador colocou o prato #494 no escorredor. 
[21:38:32] [FINE   ] Lavador pegou o prato #495 (Sujeira: ENGORDURADO) 
[21:38:32] [FINE   ] Enxugador terminou de secar o prato #484 em 4ms. 
[21:38:32] [FINE   ] Enxugador pegou o prato #485 do escorredor. 
[21:38:32] [FINE   ] Lavador terminou de lavar o prato #495 
[21:38:32] [FINE   ] Escorredor CHEIO! Quantidade de pratos: 10 
[21:38:32] [FINE   ] Lavador colocou o prato #495 no escorredor. 
[21:38:32] [FINE   ] Lavador pegou o prato #496 (Sujeira: MEDIO) 
[21:38:32] [FINE   ] Enxugador terminou de secar o prato #485 em 8ms. 
[21:38:32] [FINE   ] Enxugador pegou o prato #486 do escorredor. 
[21:38:32] [FINE   ] Enxugador terminou de secar o prato #486 em 3ms. 
[21:38:32] [FINE   ] Lavador terminou de lavar o prato #496 
[21:38:32] [FINE   ] Lavador colocou o prato #496 no escorredor. 
[21:38:32] [FINE   ] Enxugador pegou o prato #487 do escorredor. 
[21:38:32] [FINE   ] Lavador pegou o prato #497 (Sujeira: BAIXO) 
[21:38:32] [FINE   ] Enxugador terminou de secar o prato #487 em 3ms. 
[21:38:32] [FINE   ] Lavador terminou de lavar o prato #497 
[21:38:32] [FINE   ] Enxugador pegou o prato #488 do escorredor. 
[21:38:32] [FINE   ] Lavador colocou o prato #497 no escorredor. 
[21:38:32] [FINE   ] Lavador pegou o prato #498 (Sujeira: MEDIO) 
[21:38:32] [FINE   ] Lavador terminou de lavar o prato #498 
[21:38:32] [FINE   ] Escorredor CHEIO! Quantidade de pratos: 10 
[21:38:32] [FINE   ] Lavador colocou o prato #498 no escorredor. 
[21:38:32] [FINE   ] Lavador pegou o prato #499 (Sujeira: MEDIO) 
[21:38:32] [FINE   ] Enxugador terminou de secar o prato #488 em 8ms. 
[21:38:32] [FINE   ] Enxugador pegou o prato #489 do escorredor. 
[21:38:32] [FINE   ] Lavador terminou de lavar o prato #499 
[21:38:32] [FINE   ] Escorredor CHEIO! Quantidade de pratos: 10 
[21:38:32] [FINE   ] Lavador colocou o prato #499 no escorredor. 
[21:38:32] [FINE   ] Lavador pegou o prato #500 (Sujeira: MEDIO) 
[21:38:32] [FINE   ] Enxugador terminou de secar o prato #489 em 6ms. 
[21:38:32] [FINE   ] Enxugador pegou o prato #490 do escorredor. 
[21:38:32] [FINE   ] Lavador terminou de lavar o prato #500 
[21:38:32] [FINE   ] Escorredor CHEIO! Quantidade de pratos: 10 
[21:38:32] [FINE   ] Lavador colocou o prato #500 no escorredor. 
[21:38:32] [FINE   ] Lavador pegou o prato #501 (Sujeira: ENGORDURADO) 
[21:38:32] [FINE   ] Enxugador terminou de secar o prato #490 em 6ms. 
[21:38:32] [FINE   ] Enxugador pegou o prato #491 do escorredor. 
[21:38:32] [FINE   ] Enxugador terminou de secar o prato #491 em 3ms. 
[21:38:32] [FINE   ] Enxugador pegou o prato #492 do escorredor. 
[21:38:32] [FINE   ] Lavador terminou de lavar o prato #501 
[21:38:32] [FINE   ] Lavador colocou o prato #501 no escorredor. 
[21:38:32] [FINE   ] Lavador pegou o prato #502 (Sujeira: MEDIO) 
[21:38:32] [FINE   ] Enxugador terminou de secar o prato #492 em 5ms. 
[21:38:32] [FINE   ] Enxugador pegou o prato #493 do escorredor. 
[21:38:32] [FINE   ] Lavador terminou de lavar o prato #502 
[21:38:32] [FINE   ] Lavador colocou o prato #502 no escorredor. 
[21:38:32] [FINE   ] Lavador pegou o prato #503 (Sujeira: MEDIO) 
[21:38:32] [FINE   ] Enxugador terminou de secar o prato #493 em 6ms. 
[21:38:32] [FINE   ] Enxugador pegou o prato #494 do escorredor. 
[21:38:32] [FINE   ] Lavador terminou de lavar o prato #503 
[21:38:32] [FINE   ] Lavador colocou o prato #503 no escorredor. 
[21:38:32] [FINE   ] Lavador pegou o prato #504 (Sujeira: BAIXO) 
[21:38:32] [FINE   ] Enxugador terminou de secar o prato #494 em 10ms. 
[21:38:32] [FINE   ] Lavador terminou de lavar o prato #504 
[21:38:32] [FINE   ] Enxugador pegou o prato #495 do escorredor. 
[21:38:32] [FINE   ] Lavador colocou o prato #504 no escorredor. 
[21:38:32] [FINE   ] Lavador pegou o prato #505 (Sujeira: BAIXO) 
[21:38:32] [FINE   ] Lavador terminou de lavar o prato #505 
[21:38:32] [FINE   ] Escorredor CHEIO! Quantidade de pratos: 10 
[21:38:32] [FINE   ] Lavador colocou o prato #505 no escorredor. 
[21:38:32] [FINE   ] Lavador pegou o prato #506 (Sujeira: MEDIO) 
[21:38:32] [FINE   ] Enxugador terminou de secar o prato #495 em 7ms. 
[21:38:32] [FINE   ] Enxugador pegou o prato #496 do escorredor. 
[21:38:32] [FINE   ] Lavador terminou de lavar o prato #506 
[21:38:32] [FINE   ] Escorredor CHEIO! Quantidade de pratos: 10 
[21:38:32] [FINE   ] Lavador colocou o prato #506 no escorredor. 
[21:38:32] [FINE   ] Lavador pegou o prato #507 (Sujeira: BAIXO) 
[21:38:32] [FINE   ] Enxugador terminou de secar o prato #496 em 4ms. 
[21:38:32] [FINE   ] Enxugador pegou o prato #497 do escorredor. 
[21:38:32] [FINE   ] Lavador terminou de lavar o prato #507 
[21:38:32] [FINE   ] Escorredor CHEIO! Quantidade de pratos: 10 
[21:38:32] [FINE   ] Lavador colocou o prato #507 no escorredor. 
[21:38:32] [FINE   ] Lavador pegou o prato #508 (Sujeira: BAIXO) 
[21:38:32] [FINE   ] Enxugador terminou de secar o prato #497 em 3ms. 
[21:38:32] [FINE   ] Enxugador pegou o prato #498 do escorredor. 
[21:38:32] [FINE   ] Lavador terminou de lavar o prato #508 
[21:38:32] [FINE   ] Escorredor CHEIO! Quantidade de pratos: 10 
[21:38:32] [FINE   ] Lavador colocou o prato #508 no escorredor. 
[21:38:32] [FINE   ] Lavador pegou o prato #509 (Sujeira: MEDIO) 
[21:38:32] [FINE   ] Enxugador terminou de secar o prato #498 em 3ms. 
[21:38:32] [FINE   ] Enxugador pegou o prato #499 do escorredor. 
[21:38:32] [FINE   ] Lavador terminou de lavar o prato #509 
[21:38:32] [FINE   ] Escorredor CHEIO! Quantidade de pratos: 10 
[21:38:32] [FINE   ] Lavador colocou o prato #509 no escorredor. 
[21:38:32] [FINE   ] Lavador pegou o prato #510 (Sujeira: MEDIO) 
[21:38:32] [FINE   ] Enxugador terminou de secar o prato #499 em 5ms. 
[21:38:32] [FINE   ] Enxugador pegou o prato #500 do escorredor. 
[21:38:32] [FINE   ] Enxugador terminou de secar o prato #500 em 3ms. 
[21:38:32] [FINE   ] Lavador terminou de lavar o prato #510 
[21:38:32] [FINE   ] Enxugador pegou o prato #501 do escorredor. 
[21:38:32] [FINE   ] Lavador colocou o prato #510 no escorredor. 
[21:38:32] [FINE   ] Lavador pegou o prato #511 (Sujeira: MEDIO) 
[21:38:32] [FINE   ] Enxugador terminou de secar o prato #501 em 3ms. 
[21:38:32] [FINE   ] Enxugador pegou o prato #502 do escorredor. 
[21:38:32] [FINE   ] Lavador terminou de lavar o prato #511 
[21:38:32] [FINE   ] Lavador colocou o prato #511 no escorredor. 
[21:38:32] [FINE   ] Lavador pegou o prato #512 (Sujeira: BAIXO) 
[21:38:32] [FINE   ] Enxugador terminou de secar o prato #502 em 4ms. 
[21:38:32] [FINE   ] Enxugador pegou o prato #503 do escorredor. 
[21:38:32] [FINE   ] Lavador terminou de lavar o prato #512 
[21:38:32] [FINE   ] Lavador colocou o prato #512 no escorredor. 
[21:38:32] [FINE   ] Lavador pegou o prato #513 (Sujeira: BAIXO) 
[21:38:32] [FINE   ] Enxugador terminou de secar o prato #503 em 4ms. 
[21:38:32] [FINE   ] Enxugador pegou o prato #504 do escorredor. 
[21:38:32] [FINE   ] Lavador terminou de lavar o prato #513 
[21:38:32] [FINE   ] Lavador colocou o prato #513 no escorredor. 
[21:38:32] [FINE   ] Lavador pegou o prato #514 (Sujeira: MEDIO) 
[21:38:32] [FINE   ] Enxugador terminou de secar o prato #504 em 6ms. 
[21:38:32] [FINE   ] Enxugador pegou o prato #505 do escorredor. 
[21:38:32] [FINE   ] Lavador terminou de lavar o prato #514 
[21:38:32] [FINE   ] Lavador colocou o prato #514 no escorredor. 
[21:38:32] [FINE   ] Lavador pegou o prato #515 (Sujeira: ENGORDURADO) 
[21:38:32] [FINE   ] Enxugador terminou de secar o prato #505 em 9ms. 
[21:38:32] [FINE   ] Enxugador pegou o prato #506 do escorredor. 
[21:38:32] [FINE   ] Lavador terminou de lavar o prato #515 
[21:38:32] [FINE   ] Lavador colocou o prato #515 no escorredor. 
[21:38:32] [FINE   ] Lavador pegou o prato #516 (Sujeira: BAIXO) 
[21:38:32] [FINE   ] Lavador terminou de lavar o prato #516 
[21:38:32] [FINE   ] Escorredor CHEIO! Quantidade de pratos: 10 
[21:38:32] [FINE   ] Lavador colocou o prato #516 no escorredor. 
[21:38:32] [FINE   ] Lavador pegou o prato #517 (Sujeira: MEDIO) 
[21:38:32] [FINE   ] Enxugador terminou de secar o prato #506 em 6ms. 
[21:38:32] [FINE   ] Enxugador pegou o prato #507 do escorredor. 
[21:38:32] [FINE   ] Enxugador terminou de secar o prato #507 em 3ms. 
[21:38:32] [FINE   ] Enxugador pegou o prato #508 do escorredor. 
[21:38:32] [FINE   ] Lavador terminou de lavar o prato #517 
[21:38:32] [FINE   ] Lavador colocou o prato #517 no escorredor. 
[21:38:32] [FINE   ] Lavador pegou o prato #518 (Sujeira: BAIXO) 
[21:38:32] [FINE   ] Enxugador terminou de secar o prato #508 em 4ms. 
[21:38:32] [FINE   ] Enxugador pegou o prato #509 do escorredor. 
[21:38:32] [FINE   ] Lavador terminou de lavar o prato #518 
[21:38:32] [FINE   ] Lavador colocou o prato #518 no escorredor. 
[21:38:32] [FINE   ] Lavador pegou o prato #519 (Sujeira: BAIXO) 
[21:38:32] [FINE   ] Lavador terminou de lavar o prato #519 
[21:38:32] [FINE   ] Enxugador terminou de secar o prato #509 em 6ms. 
[21:38:32] [FINE   ] Escorredor CHEIO! Quantidade de pratos: 10 
[21:38:32] [FINE   ] Lavador colocou o prato #519 no escorredor. 
[21:38:32] [FINE   ] Lavador pegou o prato #520 (Sujeira: BAIXO) 
[21:38:32] [FINE   ] Enxugador pegou o prato #510 do escorredor. 
[21:38:32] [FINE   ] Lavador terminou de lavar o prato #520 
[21:38:32] [FINE   ] Escorredor CHEIO! Quantidade de pratos: 10 
[21:38:32] [FINE   ] Lavador colocou o prato #520 no escorredor. 
[21:38:32] [FINE   ] Lavador pegou o prato #521 (Sujeira: MEDIO) 
[21:38:32] [FINE   ] Enxugador terminou de secar o prato #510 em 7ms. 
[21:38:32] [FINE   ] Enxugador pegou o prato #511 do escorredor. 
[21:38:32] [FINE   ] Lavador terminou de lavar o prato #521 
[21:38:32] [FINE   ] Escorredor CHEIO! Quantidade de pratos: 10 
[21:38:32] [FINE   ] Lavador colocou o prato #521 no escorredor. 
[21:38:32] [FINE   ] Lavador pegou o prato #522 (Sujeira: MEDIO) 
[21:38:32] [FINE   ] Enxugador terminou de secar o prato #511 em 8ms. 
[21:38:32] [FINE   ] Lavador terminou de lavar o prato #522 
[21:38:32] [FINE   ] Enxugador pegou o prato #512 do escorredor. 
[21:38:32] [FINE   ] Escorredor CHEIO! Quantidade de pratos: 10 
[21:38:32] [FINE   ] Lavador colocou o prato #522 no escorredor. 
[21:38:32] [FINE   ] Lavador pegou o prato #523 (Sujeira: BAIXO) 
[21:38:32] [FINE   ] Lavador terminou de lavar o prato #523 
[21:38:32] [FINE   ] Enxugador terminou de secar o prato #512 em 6ms. 
[21:38:32] [FINE   ] Enxugador pegou o prato #513 do escorredor. 
[21:38:32] [FINE   ] Escorredor CHEIO! Quantidade de pratos: 10 
[21:38:32] [FINE   ] Lavador colocou o prato #523 no escorredor. 
[21:38:32] [FINE   ] Lavador pegou o prato #524 (Sujeira: ENGORDURADO) 
[21:38:32] [FINE   ] Enxugador terminou de secar o prato #513 em 4ms. 
[21:38:32] [FINE   ] Enxugador pegou o prato #514 do escorredor. 
[21:38:32] [FINE   ] Enxugador terminou de secar o prato #514 em 3ms. 
[21:38:32] [FINE   ] Enxugador pegou o prato #515 do escorredor. 
[21:38:32] [FINE   ] Lavador terminou de lavar o prato #524 
[21:38:32] [FINE   ] Lavador colocou o prato #524 no escorredor. 
[21:38:32] [FINE   ] Lavador pegou o prato #525 (Sujeira: BAIXO) 
[21:38:32] [FINE   ] Enxugador terminou de secar o prato #515 em 5ms. 
[21:38:32] [FINE   ] Enxugador pegou o prato #516 do escorredor. 
[21:38:32] [FINE   ] Lavador terminou de lavar o prato #525 
[21:38:32] [FINE   ] Lavador colocou o prato #525 no escorredor. 
[21:38:32] [FINE   ] Lavador pegou o prato #526 (Sujeira: MEDIO) 
[21:38:32] [FINE   ] Lavador terminou de lavar o prato #526 
[21:38:32] [FINE   ] Escorredor CHEIO! Quantidade de pratos: 10 
[21:38:32] [FINE   ] Lavador colocou o prato #526 no escorredor. 
[21:38:32] [FINE   ] Lavador pegou o prato #527 (Sujeira: MEDIO) 
[21:38:32] [FINE   ] Enxugador terminou de secar o prato #516 em 9ms. 
[21:38:32] [FINE   ] Enxugador pegou o prato #517 do escorredor. 
[21:38:32] [FINE   ] Lavador terminou de lavar o prato #527 
[21:38:32] [FINE   ] Escorredor CHEIO! Quantidade de pratos: 10 
[21:38:32] [FINE   ] Lavador colocou o prato #527 no escorredor. 
[21:38:32] [FINE   ] Lavador pegou o prato #528 (Sujeira: MEDIO) 
[21:38:32] [FINE   ] Enxugador terminou de secar o prato #517 em 8ms. 
[21:38:32] [FINE   ] Enxugador pegou o prato #518 do escorredor. 
[21:38:32] [FINE   ] Lavador terminou de lavar o prato #528 
[21:38:32] [FINE   ] Escorredor CHEIO! Quantidade de pratos: 10 
[21:38:32] [FINE   ] Lavador colocou o prato #528 no escorredor. 
[21:38:32] [FINE   ] Lavador pegou o prato #529 (Sujeira: MEDIO) 
[21:38:32] [FINE   ] Enxugador terminou de secar o prato #518 em 4ms. 
[21:38:32] [FINE   ] Enxugador pegou o prato #519 do escorredor. 
[21:38:32] [FINE   ] Lavador terminou de lavar o prato #529 
[21:38:32] [FINE   ] Escorredor CHEIO! Quantidade de pratos: 10 
[21:38:32] [FINE   ] Lavador colocou o prato #529 no escorredor. 
[21:38:32] [FINE   ] Lavador pegou o prato #530 (Sujeira: BAIXO) 
[21:38:32] [FINE   ] Enxugador terminou de secar o prato #519 em 3ms. 
[21:38:32] [FINE   ] Enxugador pegou o prato #520 do escorredor. 
[21:38:32] [FINE   ] Lavador terminou de lavar o prato #530 
[21:38:32] [FINE   ] Escorredor CHEIO! Quantidade de pratos: 10 
[21:38:32] [FINE   ] Lavador colocou o prato #530 no escorredor. 
[21:38:32] [FINE   ] Lavador pegou o prato #531 (Sujeira: BAIXO) 
[21:38:32] [FINE   ] Lavador terminou de lavar o prato #531 
[21:38:32] [FINE   ] Enxugador terminou de secar o prato #520 em 7ms. 
[21:38:32] [FINE   ] Enxugador pegou o prato #521 do escorredor. 
[21:38:32] [FINE   ] Escorredor CHEIO! Quantidade de pratos: 10 
[21:38:32] [FINE   ] Lavador colocou o prato #531 no escorredor. 
[21:38:32] [FINE   ] Lavador pegou o prato #532 (Sujeira: BAIXO) 
[21:38:32] [FINE   ] Lavador terminou de lavar o prato #532 
[21:38:32] [FINE   ] Enxugador terminou de secar o prato #521 em 4ms. 
[21:38:32] [FINE   ] Enxugador pegou o prato #522 do escorredor. 
[21:38:32] [FINE   ] Escorredor CHEIO! Quantidade de pratos: 10 
[21:38:32] [FINE   ] Lavador colocou o prato #532 no escorredor. 
[21:38:32] [FINE   ] Lavador pegou o prato #533 (Sujeira: BAIXO) 
[21:38:32] [FINE   ] Lavador terminou de lavar o prato #533 
[21:38:32] [FINE   ] Enxugador terminou de secar o prato #522 em 4ms. 
[21:38:32] [FINE   ] Enxugador pegou o prato #523 do escorredor. 
[21:38:32] [FINE   ] Escorredor CHEIO! Quantidade de pratos: 10 
[21:38:32] [FINE   ] Lavador colocou o prato #533 no escorredor. 
[21:38:32] [FINE   ] Lavador pegou o prato #534 (Sujeira: BAIXO) 
[21:38:32] [FINE   ] Enxugador terminou de secar o prato #523 em 3ms. 
[21:38:32] [FINE   ] Lavador terminou de lavar o prato #534 
[21:38:32] [FINE   ] Enxugador pegou o prato #524 do escorredor. 
[21:38:32] [FINE   ] Escorredor CHEIO! Quantidade de pratos: 10 
[21:38:32] [FINE   ] Lavador colocou o prato #534 no escorredor. 
[21:38:32] [FINE   ] Lavador pegou o prato #535 (Sujeira: BAIXO) 
[21:38:32] [FINE   ] Lavador terminou de lavar o prato #535 
[21:38:32] [FINE   ] Enxugador terminou de secar o prato #524 em 10ms. 
[21:38:32] [FINE   ] Enxugador pegou o prato #525 do escorredor. 
[21:38:32] [FINE   ] Escorredor CHEIO! Quantidade de pratos: 10 
[21:38:32] [FINE   ] Lavador colocou o prato #535 no escorredor. 
[21:38:32] [FINE   ] Lavador pegou o prato #536 (Sujeira: MEDIO) 
[21:38:32] [FINE   ] Enxugador terminou de secar o prato #525 em 3ms. 
[21:38:32] [FINE   ] Enxugador pegou o prato #526 do escorredor. 
[21:38:32] [FINE   ] Lavador terminou de lavar o prato #536 
[21:38:32] [FINE   ] Escorredor CHEIO! Quantidade de pratos: 10 
[21:38:32] [FINE   ] Lavador colocou o prato #536 no escorredor. 
[21:38:32] [FINE   ] Lavador pegou o prato #537 (Sujeira: MEDIO) 
[21:38:32] [FINE   ] Enxugador terminou de secar o prato #526 em 3ms. 
[21:38:32] [FINE   ] Enxugador pegou o prato #527 do escorredor. 
[21:38:32] [FINE   ] Lavador terminou de lavar o prato #537 
[21:38:32] [FINE   ] Escorredor CHEIO! Quantidade de pratos: 10 
[21:38:32] [FINE   ] Lavador colocou o prato #537 no escorredor. 
[21:38:32] [FINE   ] Lavador pegou o prato #538 (Sujeira: MEDIO) 
[21:38:32] [FINE   ] Enxugador terminou de secar o prato #527 em 5ms. 
[21:38:32] [FINE   ] Enxugador pegou o prato #528 do escorredor. 
[21:38:32] [FINE   ] Lavador terminou de lavar o prato #538 
[21:38:32] [FINE   ] Escorredor CHEIO! Quantidade de pratos: 10 
[21:38:32] [FINE   ] Lavador colocou o prato #538 no escorredor. 
[21:38:32] [FINE   ] Lavador pegou o prato #539 (Sujeira: ENGORDURADO) 
[21:38:32] [FINE   ] Enxugador terminou de secar o prato #528 em 5ms. 
[21:38:32] [FINE   ] Enxugador pegou o prato #529 do escorredor. 
[21:38:32] [FINE   ] Enxugador terminou de secar o prato #529 em 5ms. 
[21:38:32] [FINE   ] Enxugador pegou o prato #530 do escorredor. 
[21:38:32] [FINE   ] Lavador terminou de lavar o prato #539 
[21:38:32] [FINE   ] Lavador colocou o prato #539 no escorredor. 
[21:38:32] [FINE   ] Lavador pegou o prato #540 (Sujeira: MEDIO) 
[21:38:32] [FINE   ] Enxugador terminou de secar o prato #530 em 6ms. 
[21:38:32] [FINE   ] Enxugador pegou o prato #531 do escorredor. 
[21:38:32] [FINE   ] Lavador terminou de lavar o prato #540 
[21:38:32] [FINE   ] Lavador colocou o prato #540 no escorredor. 
[21:38:32] [FINE   ] Lavador pegou o prato #541 (Sujeira: BAIXO) 
[21:38:32] [FINE   ] Enxugador terminou de secar o prato #531 em 3ms. 
[21:38:32] [FINE   ] Enxugador pegou o prato #532 do escorredor. 
[21:38:32] [FINE   ] Lavador terminou de lavar o prato #541 
[21:38:32] [FINE   ] Lavador colocou o prato #541 no escorredor. 
[21:38:32] [FINE   ] Lavador pegou o prato #542 (Sujeira: MEDIO) 
[21:38:33] [FINE   ] Enxugador terminou de secar o prato #532 em 6ms. 
[21:38:33] [FINE   ] Enxugador pegou o prato #533 do escorredor. 
[21:38:33] [FINE   ] Lavador terminou de lavar o prato #542 
[21:38:33] [FINE   ] Lavador colocou o prato #542 no escorredor. 
[21:38:33] [FINE   ] Lavador pegou o prato #543 (Sujeira: MEDIO) 
[21:38:33] [FINE   ] Enxugador terminou de secar o prato #533 em 4ms. 
[21:38:33] [FINE   ] Enxugador pegou o prato #534 do escorredor. 
[21:38:33] [FINE   ] Lavador terminou de lavar o prato #543 
[21:38:33] [FINE   ] Lavador colocou o prato #543 no escorredor. 
[21:38:33] [FINE   ] Lavador pegou o prato #544 (Sujeira: ENGORDURADO) 
[21:38:33] [FINE   ] Enxugador terminou de secar o prato #534 em 5ms. 
[21:38:33] [FINE   ] Enxugador pegou o prato #535 do escorredor. 
[21:38:33] [FINE   ] Lavador terminou de lavar o prato #544 
[21:38:33] [FINE   ] Lavador colocou o prato #544 no escorredor. 
[21:38:33] [FINE   ] Lavador pegou o prato #545 (Sujeira: MEDIO) 
[21:38:33] [FINE   ] Enxugador terminou de secar o prato #535 em 7ms. 
[21:38:33] [FINE   ] Enxugador pegou o prato #536 do escorredor. 
[21:38:33] [FINE   ] Lavador terminou de lavar o prato #545 
[21:38:33] [FINE   ] Lavador colocou o prato #545 no escorredor. 
[21:38:33] [FINE   ] Lavador pegou o prato #546 (Sujeira: MEDIO) 
[21:38:33] [FINE   ] Enxugador terminou de secar o prato #536 em 9ms. 
[21:38:33] [FINE   ] Enxugador pegou o prato #537 do escorredor. 
[21:38:33] [FINE   ] Lavador terminou de lavar o prato #546 
[21:38:33] [FINE   ] Lavador colocou o prato #546 no escorredor. 
[21:38:33] [FINE   ] Lavador pegou o prato #547 (Sujeira: ENGORDURADO) 
[21:38:33] [FINE   ] Enxugador terminou de secar o prato #537 em 6ms. 
[21:38:33] [FINE   ] Enxugador pegou o prato #538 do escorredor. 
[21:38:33] [FINE   ] Lavador terminou de lavar o prato #547 
[21:38:33] [FINE   ] Lavador colocou o prato #547 no escorredor. 
[21:38:33] [FINE   ] Lavador pegou o prato #548 (Sujeira: MEDIO) 
[21:38:33] [FINE   ] Enxugador terminou de secar o prato #538 em 8ms. 
[21:38:33] [FINE   ] Enxugador pegou o prato #539 do escorredor. 
[21:38:33] [FINE   ] Lavador terminou de lavar o prato #548 
[21:38:33] [FINE   ] Lavador colocou o prato #548 no escorredor. 
[21:38:33] [FINE   ] Lavador pegou o prato #549 (Sujeira: BAIXO) 
[21:38:33] [FINE   ] Enxugador terminou de secar o prato #539 em 4ms. 
[21:38:33] [FINE   ] Lavador terminou de lavar o prato #549 
[21:38:33] [FINE   ] Enxugador pegou o prato #540 do escorredor. 
[21:38:33] [FINE   ] Lavador colocou o prato #549 no escorredor. 
[21:38:33] [FINE   ] Lavador pegou o prato #550 (Sujeira: MEDIO) 
[21:38:33] [FINE   ] Enxugador terminou de secar o prato #540 em 5ms. 
[21:38:33] [FINE   ] Lavador terminou de lavar o prato #550 
[21:38:33] [FINE   ] Enxugador pegou o prato #541 do escorredor. 
[21:38:33] [FINE   ] Lavador colocou o prato #550 no escorredor. 
[21:38:33] [FINE   ] Lavador pegou o prato #551 (Sujeira: BAIXO) 
[21:38:33] [FINE   ] Lavador terminou de lavar o prato #551 
[21:38:33] [FINE   ] Escorredor CHEIO! Quantidade de pratos: 10 
[21:38:33] [FINE   ] Lavador colocou o prato #551 no escorredor. 
[21:38:33] [FINE   ] Lavador pegou o prato #552 (Sujeira: BAIXO) 
[21:38:33] [FINE   ] Lavador terminou de lavar o prato #552 
[21:38:33] [FINE   ] Enxugador terminou de secar o prato #541 em 9ms. 
[21:38:33] [FINE   ] Enxugador pegou o prato #542 do escorredor. 
[21:38:33] [FINE   ] Escorredor CHEIO! Quantidade de pratos: 10 
[21:38:33] [FINE   ] Lavador colocou o prato #552 no escorredor. 
[21:38:33] [FINE   ] Lavador pegou o prato #553 (Sujeira: BAIXO) 
[21:38:33] [FINE   ] Enxugador terminou de secar o prato #542 em 3ms. 
[21:38:33] [FINE   ] Lavador terminou de lavar o prato #553 
[21:38:33] [FINE   ] Enxugador pegou o prato #543 do escorredor. 
[21:38:33] [FINE   ] Escorredor CHEIO! Quantidade de pratos: 10 
[21:38:33] [FINE   ] Lavador colocou o prato #553 no escorredor. 
[21:38:33] [FINE   ] Lavador pegou o prato #554 (Sujeira: MEDIO) 
[21:38:33] [FINE   ] Enxugador terminou de secar o prato #543 em 4ms. 
[21:38:33] [FINE   ] Enxugador pegou o prato #544 do escorredor. 
[21:38:33] [FINE   ] Lavador terminou de lavar o prato #554 
[21:38:33] [FINE   ] Escorredor CHEIO! Quantidade de pratos: 10 
[21:38:33] [FINE   ] Lavador colocou o prato #554 no escorredor. 
[21:38:33] [FINE   ] Lavador pegou o prato #555 (Sujeira: BAIXO) 
[21:38:33] [FINE   ] Lavador terminou de lavar o prato #555 
[21:38:33] [FINE   ] Enxugador terminou de secar o prato #544 em 4ms. 
[21:38:33] [FINE   ] Escorredor CHEIO! Quantidade de pratos: 10 
[21:38:33] [FINE   ] Enxugador pegou o prato #545 do escorredor. 
[21:38:33] [FINE   ] Lavador colocou o prato #555 no escorredor. 
[21:38:33] [FINE   ] Lavador pegou o prato #556 (Sujeira: MEDIO) 
[21:38:33] [FINE   ] Lavador terminou de lavar o prato #556 
[21:38:33] [FINE   ] Enxugador terminou de secar o prato #545 em 10ms. 
[21:38:33] [FINE   ] Enxugador pegou o prato #546 do escorredor. 
[21:38:33] [FINE   ] Escorredor CHEIO! Quantidade de pratos: 10 
[21:38:33] [FINE   ] Lavador colocou o prato #556 no escorredor. 
[21:38:33] [FINE   ] Lavador pegou o prato #557 (Sujeira: MEDIO) 
[21:38:33] [FINE   ] Lavador terminou de lavar o prato #557 
[21:38:33] [FINE   ] Enxugador terminou de secar o prato #546 em 10ms. 
[21:38:33] [FINE   ] Enxugador pegou o prato #547 do escorredor. 
[21:38:33] [FINE   ] Escorredor CHEIO! Quantidade de pratos: 10 
[21:38:33] [FINE   ] Lavador colocou o prato #557 no escorredor. 
[21:38:33] [FINE   ] Lavador pegou o prato #558 (Sujeira: MEDIO) 
[21:38:33] [FINE   ] Enxugador terminou de secar o prato #547 em 3ms. 
[21:38:33] [FINE   ] Enxugador pegou o prato #548 do escorredor. 
[21:38:33] [FINE   ] Lavador terminou de lavar o prato #558 
[21:38:33] [FINE   ] Escorredor CHEIO! Quantidade de pratos: 10 
[21:38:33] [FINE   ] Lavador colocou o prato #558 no escorredor. 
[21:38:33] [FINE   ] Lavador pegou o prato #559 (Sujeira: MEDIO) 
[21:38:33] [FINE   ] Enxugador terminou de secar o prato #548 em 6ms. 
[21:38:33] [FINE   ] Enxugador pegou o prato #549 do escorredor. 
[21:38:33] [FINE   ] Lavador terminou de lavar o prato #559 
[21:38:33] [FINE   ] Escorredor CHEIO! Quantidade de pratos: 10 
[21:38:33] [FINE   ] Lavador colocou o prato #559 no escorredor. 
[21:38:33] [FINE   ] Lavador pegou o prato #560 (Sujeira: BAIXO) 
[21:38:33] [FINE   ] Lavador terminou de lavar o prato #560 
[21:38:33] [FINE   ] Enxugador terminou de secar o prato #549 em 6ms. 
[21:38:33] [FINE   ] Enxugador pegou o prato #550 do escorredor. 
[21:38:33] [FINE   ] Escorredor CHEIO! Quantidade de pratos: 10 
[21:38:33] [FINE   ] Lavador colocou o prato #560 no escorredor. 
[21:38:33] [FINE   ] Lavador pegou o prato #561 (Sujeira: MEDIO) 
[21:38:33] [FINE   ] Enxugador terminou de secar o prato #550 em 4ms. 
[21:38:33] [FINE   ] Enxugador pegou o prato #551 do escorredor. 
[21:38:33] [FINE   ] Lavador terminou de lavar o prato #561 
[21:38:33] [FINE   ] Escorredor CHEIO! Quantidade de pratos: 10 
[21:38:33] [FINE   ] Lavador colocou o prato #561 no escorredor. 
[21:38:33] [FINE   ] Lavador pegou o prato #562 (Sujeira: BAIXO) 
[21:38:33] [FINE   ] Lavador terminou de lavar o prato #562 
[21:38:33] [FINE   ] Enxugador terminou de secar o prato #551 em 9ms. 
[21:38:33] [FINE   ] Enxugador pegou o prato #552 do escorredor. 
[21:38:33] [FINE   ] Escorredor CHEIO! Quantidade de pratos: 10 
[21:38:33] [FINE   ] Lavador colocou o prato #562 no escorredor. 
[21:38:33] [FINE   ] Lavador pegou o prato #563 (Sujeira: MEDIO) 
[21:38:33] [FINE   ] Enxugador terminou de secar o prato #552 em 5ms. 
[21:38:33] [FINE   ] Lavador terminou de lavar o prato #563 
[21:38:33] [FINE   ] Enxugador pegou o prato #553 do escorredor. 
[21:38:33] [FINE   ] Escorredor CHEIO! Quantidade de pratos: 10 
[21:38:33] [FINE   ] Lavador colocou o prato #563 no escorredor. 
[21:38:33] [FINE   ] Lavador pegou o prato #564 (Sujeira: BAIXO) 
[21:38:33] [FINE   ] Lavador terminou de lavar o prato #564 
[21:38:33] [FINE   ] Enxugador terminou de secar o prato #553 em 6ms. 
[21:38:33] [FINE   ] Enxugador pegou o prato #554 do escorredor. 
[21:38:33] [FINE   ] Escorredor CHEIO! Quantidade de pratos: 10 
[21:38:33] [FINE   ] Lavador colocou o prato #564 no escorredor. 
[21:38:33] [FINE   ] Lavador pegou o prato #565 (Sujeira: MEDIO) 
[21:38:33] [FINE   ] Enxugador terminou de secar o prato #554 em 3ms. 
[21:38:33] [FINE   ] Enxugador pegou o prato #555 do escorredor. 
[21:38:33] [FINE   ] Lavador terminou de lavar o prato #565 
[21:38:33] [FINE   ] Escorredor CHEIO! Quantidade de pratos: 10 
[21:38:33] [FINE   ] Lavador colocou o prato #565 no escorredor. 
[21:38:33] [FINE   ] Lavador pegou o prato #566 (Sujeira: MEDIO) 
[21:38:33] [FINE   ] Enxugador terminou de secar o prato #555 em 4ms. 
[21:38:33] [FINE   ] Enxugador pegou o prato #556 do escorredor. 
[21:38:33] [FINE   ] Lavador terminou de lavar o prato #566 
[21:38:33] [FINE   ] Escorredor CHEIO! Quantidade de pratos: 10 
[21:38:33] [FINE   ] Lavador colocou o prato #566 no escorredor. 
[21:38:33] [FINE   ] Lavador pegou o prato #567 (Sujeira: ENGORDURADO) 
[21:38:33] [FINE   ] Enxugador terminou de secar o prato #556 em 9ms. 
[21:38:33] [FINE   ] Enxugador pegou o prato #557 do escorredor. 
[21:38:33] [FINE   ] Lavador terminou de lavar o prato #567 
[21:38:33] [FINE   ] Escorredor CHEIO! Quantidade de pratos: 10 
[21:38:33] [FINE   ] Lavador colocou o prato #567 no escorredor. 
[21:38:33] [FINE   ] Lavador pegou o prato #568 (Sujeira: BAIXO) 
[21:38:33] [FINE   ] Enxugador terminou de secar o prato #557 em 7ms. 
[21:38:33] [FINE   ] Enxugador pegou o prato #558 do escorredor. 
[21:38:33] [FINE   ] Lavador terminou de lavar o prato #568 
[21:38:33] [FINE   ] Escorredor CHEIO! Quantidade de pratos: 10 
[21:38:33] [FINE   ] Lavador colocou o prato #568 no escorredor. 
[21:38:33] [FINE   ] Lavador pegou o prato #569 (Sujeira: MEDIO) 
[21:38:33] [FINE   ] Lavador terminou de lavar o prato #569 
[21:38:33] [FINE   ] Enxugador terminou de secar o prato #558 em 8ms. 
[21:38:33] [FINE   ] Enxugador pegou o prato #559 do escorredor. 
[21:38:33] [FINE   ] Escorredor CHEIO! Quantidade de pratos: 10 
[21:38:33] [FINE   ] Lavador colocou o prato #569 no escorredor. 
[21:38:33] [FINE   ] Lavador pegou o prato #570 (Sujeira: BAIXO) 
[21:38:33] [FINE   ] Lavador terminou de lavar o prato #570 
[21:38:33] [FINE   ] Enxugador terminou de secar o prato #559 em 6ms. 
[21:38:33] [FINE   ] Enxugador pegou o prato #560 do escorredor. 
[21:38:33] [FINE   ] Escorredor CHEIO! Quantidade de pratos: 10 
[21:38:33] [FINE   ] Lavador colocou o prato #570 no escorredor. 
[21:38:33] [FINE   ] Lavador pegou o prato #571 (Sujeira: MEDIO) 
[21:38:33] [FINE   ] Lavador terminou de lavar o prato #571 
[21:38:33] [FINE   ] Enxugador terminou de secar o prato #560 em 10ms. 
[21:38:33] [FINE   ] Enxugador pegou o prato #561 do escorredor. 
[21:38:33] [FINE   ] Escorredor CHEIO! Quantidade de pratos: 10 
[21:38:33] [FINE   ] Lavador colocou o prato #571 no escorredor. 
[21:38:33] [FINE   ] Lavador pegou o prato #572 (Sujeira: BAIXO) 
[21:38:33] [FINE   ] Lavador terminou de lavar o prato #572 
[21:38:33] [FINE   ] Enxugador terminou de secar o prato #561 em 7ms. 
[21:38:33] [FINE   ] Enxugador pegou o prato #562 do escorredor. 
[21:38:33] [FINE   ] Escorredor CHEIO! Quantidade de pratos: 10 
[21:38:33] [FINE   ] Lavador colocou o prato #572 no escorredor. 
[21:38:33] [FINE   ] Lavador pegou o prato #573 (Sujeira: BAIXO) 
[21:38:33] [FINE   ] Lavador terminou de lavar o prato #573 
[21:38:33] [FINE   ] Enxugador terminou de secar o prato #562 em 9ms. 
[21:38:33] [FINE   ] Enxugador pegou o prato #563 do escorredor. 
[21:38:33] [FINE   ] Escorredor CHEIO! Quantidade de pratos: 10 
[21:38:33] [FINE   ] Lavador colocou o prato #573 no escorredor. 
[21:38:33] [FINE   ] Lavador pegou o prato #574 (Sujeira: MEDIO) 
[21:38:33] [FINE   ] Lavador terminou de lavar o prato #574 
[21:38:33] [FINE   ] Enxugador terminou de secar o prato #563 em 7ms. 
[21:38:33] [FINE   ] Enxugador pegou o prato #564 do escorredor. 
[21:38:33] [FINE   ] Escorredor CHEIO! Quantidade de pratos: 10 
[21:38:33] [FINE   ] Lavador colocou o prato #574 no escorredor. 
[21:38:33] [FINE   ] Lavador pegou o prato #575 (Sujeira: BAIXO) 
[21:38:33] [FINE   ] Lavador terminou de lavar o prato #575 
[21:38:33] [FINE   ] Enxugador terminou de secar o prato #564 em 10ms. 
[21:38:33] [FINE   ] Escorredor CHEIO! Quantidade de pratos: 10 
[21:38:33] [FINE   ] Enxugador pegou o prato #565 do escorredor. 
[21:38:33] [FINE   ] Lavador colocou o prato #575 no escorredor. 
[21:38:33] [FINE   ] Lavador pegou o prato #576 (Sujeira: BAIXO) 
[21:38:33] [FINE   ] Lavador terminou de lavar o prato #576 
[21:38:33] [FINE   ] Enxugador terminou de secar o prato #565 em 6ms. 
[21:38:33] [FINE   ] Enxugador pegou o prato #566 do escorredor. 
[21:38:33] [FINE   ] Escorredor CHEIO! Quantidade de pratos: 10 
[21:38:33] [FINE   ] Lavador colocou o prato #576 no escorredor. 
[21:38:33] [FINE   ] Lavador pegou o prato #577 (Sujeira: BAIXO) 
[21:38:33] [FINE   ] Lavador terminou de lavar o prato #577 
[21:38:33] [FINE   ] Enxugador terminou de secar o prato #566 em 5ms. 
[21:38:33] [FINE   ] Enxugador pegou o prato #567 do escorredor. 
[21:38:33] [FINE   ] Escorredor CHEIO! Quantidade de pratos: 10 
[21:38:33] [FINE   ] Lavador colocou o prato #577 no escorredor. 
[21:38:33] [FINE   ] Lavador pegou o prato #578 (Sujeira: BAIXO) 
[21:38:33] [FINE   ] Lavador terminou de lavar o prato #578 
[21:38:33] [FINE   ] Enxugador terminou de secar o prato #567 em 6ms. 
[21:38:33] [FINE   ] Enxugador pegou o prato #568 do escorredor. 
[21:38:33] [FINE   ] Escorredor CHEIO! Quantidade de pratos: 10 
[21:38:33] [FINE   ] Lavador colocou o prato #578 no escorredor. 
[21:38:33] [FINE   ] Lavador pegou o prato #579 (Sujeira: BAIXO) 
[21:38:33] [FINE   ] Lavador terminou de lavar o prato #579 
[21:38:33] [FINE   ] Enxugador terminou de secar o prato #568 em 3ms. 
[21:38:33] [FINE   ] Enxugador pegou o prato #569 do escorredor. 
[21:38:33] [FINE   ] Escorredor CHEIO! Quantidade de pratos: 10 
[21:38:33] [FINE   ] Lavador colocou o prato #579 no escorredor. 
[21:38:33] [FINE   ] Lavador pegou o prato #580 (Sujeira: MEDIO) 
[21:38:33] [FINE   ] Enxugador terminou de secar o prato #569 em 4ms. 
[21:38:33] [FINE   ] Enxugador pegou o prato #570 do escorredor. 
[21:38:33] [FINE   ] Lavador terminou de lavar o prato #580 
[21:38:33] [FINE   ] Escorredor CHEIO! Quantidade de pratos: 10 
[21:38:33] [FINE   ] Lavador colocou o prato #580 no escorredor. 
[21:38:33] [FINE   ] Lavador pegou o prato #581 (Sujeira: BAIXO) 
[21:38:33] [FINE   ] Lavador terminou de lavar o prato #581 
[21:38:33] [FINE   ] Enxugador terminou de secar o prato #570 em 5ms. 
[21:38:33] [FINE   ] Escorredor CHEIO! Quantidade de pratos: 10 
[21:38:33] [FINE   ] Enxugador pegou o prato #571 do escorredor. 
[21:38:33] [FINE   ] Lavador colocou o prato #581 no escorredor. 
[21:38:33] [FINE   ] Lavador pegou o prato #582 (Sujeira: BAIXO) 
[21:38:33] [FINE   ] Enxugador terminou de secar o prato #571 em 3ms. 
[21:38:33] [FINE   ] Lavador terminou de lavar o prato #582 
[21:38:33] [FINE   ] Enxugador pegou o prato #572 do escorredor. 
[21:38:33] [FINE   ] Escorredor CHEIO! Quantidade de pratos: 10 
[21:38:33] [FINE   ] Lavador colocou o prato #582 no escorredor. 
[21:38:33] [FINE   ] Lavador pegou o prato #583 (Sujeira: MEDIO) 
[21:38:33] [FINE   ] Enxugador terminou de secar o prato #572 em 3ms. 
[21:38:33] [FINE   ] Enxugador pegou o prato #573 do escorredor. 
[21:38:33] [FINE   ] Lavador terminou de lavar o prato #583 
[21:38:33] [FINE   ] Escorredor CHEIO! Quantidade de pratos: 10 
[21:38:33] [FINE   ] Lavador colocou o prato #583 no escorredor. 
[21:38:33] [FINE   ] Lavador pegou o prato #584 (Sujeira: ENGORDURADO) 
[21:38:33] [FINE   ] Enxugador terminou de secar o prato #573 em 10ms. 
[21:38:33] [FINE   ] Enxugador pegou o prato #574 do escorredor. 
[21:38:33] [FINE   ] Lavador terminou de lavar o prato #584 
[21:38:33] [FINE   ] Escorredor CHEIO! Quantidade de pratos: 10 
[21:38:33] [FINE   ] Lavador colocou o prato #584 no escorredor. 
[21:38:33] [FINE   ] Lavador pegou o prato #585 (Sujeira: MEDIO) 
[21:38:33] [FINE   ] Enxugador terminou de secar o prato #574 em 9ms. 
[21:38:33] [FINE   ] Enxugador pegou o prato #575 do escorredor. 
[21:38:33] [FINE   ] Lavador terminou de lavar o prato #585 
[21:38:33] [FINE   ] Escorredor CHEIO! Quantidade de pratos: 10 
[21:38:33] [FINE   ] Lavador colocou o prato #585 no escorredor. 
[21:38:33] [FINE   ] Lavador pegou o prato #586 (Sujeira: BAIXO) 
[21:38:33] [FINE   ] Lavador terminou de lavar o prato #586 
[21:38:33] [FINE   ] Enxugador terminou de secar o prato #575 em 7ms. 
[21:38:33] [FINE   ] Enxugador pegou o prato #576 do escorredor. 
[21:38:33] [FINE   ] Escorredor CHEIO! Quantidade de pratos: 10 
[21:38:33] [FINE   ] Lavador colocou o prato #586 no escorredor. 
[21:38:33] [FINE   ] Lavador pegou o prato #587 (Sujeira: ENGORDURADO) 
[21:38:33] [FINE   ] Enxugador terminou de secar o prato #576 em 3ms. 
[21:38:33] [FINE   ] Enxugador pegou o prato #577 do escorredor. 
[21:38:33] [FINE   ] Lavador terminou de lavar o prato #587 
[21:38:33] [FINE   ] Escorredor CHEIO! Quantidade de pratos: 10 
[21:38:33] [FINE   ] Lavador colocou o prato #587 no escorredor. 
[21:38:33] [FINE   ] Lavador pegou o prato #588 (Sujeira: MEDIO) 
[21:38:33] [FINE   ] Enxugador terminou de secar o prato #577 em 8ms. 
[21:38:33] [FINE   ] Enxugador pegou o prato #578 do escorredor. 
[21:38:33] [FINE   ] Lavador terminou de lavar o prato #588 
[21:38:33] [FINE   ] Escorredor CHEIO! Quantidade de pratos: 10 
[21:38:33] [FINE   ] Lavador colocou o prato #588 no escorredor. 
[21:38:33] [FINE   ] Lavador pegou o prato #589 (Sujeira: BAIXO) 
[21:38:33] [FINE   ] Lavador terminou de lavar o prato #589 
[21:38:33] [FINE   ] Enxugador terminou de secar o prato #578 em 8ms. 
[21:38:33] [FINE   ] Enxugador pegou o prato #579 do escorredor. 
[21:38:33] [FINE   ] Escorredor CHEIO! Quantidade de pratos: 10 
[21:38:33] [FINE   ] Lavador colocou o prato #589 no escorredor. 
[21:38:33] [FINE   ] Lavador pegou o prato #590 (Sujeira: MEDIO) 
[21:38:33] [FINE   ] Enxugador terminou de secar o prato #579 em 5ms. 
[21:38:33] [FINE   ] Lavador terminou de lavar o prato #590 
[21:38:33] [FINE   ] Enxugador pegou o prato #580 do escorredor. 
[21:38:33] [FINE   ] Escorredor CHEIO! Quantidade de pratos: 10 
[21:38:33] [FINE   ] Lavador colocou o prato #590 no escorredor. 
[21:38:33] [FINE   ] Lavador pegou o prato #591 (Sujeira: BAIXO) 
[21:38:33] [FINE   ] Lavador terminou de lavar o prato #591 
[21:38:33] [FINE   ] Enxugador terminou de secar o prato #580 em 5ms. 
[21:38:33] [FINE   ] Enxugador pegou o prato #581 do escorredor. 
[21:38:33] [FINE   ] Escorredor CHEIO! Quantidade de pratos: 10 
[21:38:33] [FINE   ] Lavador colocou o prato #591 no escorredor. 
[21:38:33] [FINE   ] Lavador pegou o prato #592 (Sujeira: BAIXO) 
[21:38:33] [FINE   ] Lavador terminou de lavar o prato #592 
[21:38:33] [FINE   ] Enxugador terminou de secar o prato #581 em 3ms. 
[21:38:33] [FINE   ] Enxugador pegou o prato #582 do escorredor. 
[21:38:33] [FINE   ] Escorredor CHEIO! Quantidade de pratos: 10 
[21:38:33] [FINE   ] Lavador colocou o prato #592 no escorredor. 
[21:38:33] [FINE   ] Lavador pegou o prato #593 (Sujeira: BAIXO) 
[21:38:33] [FINE   ] Lavador terminou de lavar o prato #593 
[21:38:33] [FINE   ] Enxugador terminou de secar o prato #582 em 7ms. 
[21:38:33] [FINE   ] Enxugador pegou o prato #583 do escorredor. 
[21:38:33] [FINE   ] Escorredor CHEIO! Quantidade de pratos: 10 
[21:38:33] [FINE   ] Lavador colocou o prato #593 no escorredor. 
[21:38:33] [FINE   ] Lavador pegou o prato #594 (Sujeira: MEDIO) 
[21:38:33] [FINE   ] Lavador terminou de lavar o prato #594 
[21:38:33] [FINE   ] Enxugador terminou de secar o prato #583 em 7ms. 
[21:38:33] [FINE   ] Enxugador pegou o prato #584 do escorredor. 
[21:38:33] [FINE   ] Escorredor CHEIO! Quantidade de pratos: 10 
[21:38:33] [FINE   ] Lavador colocou o prato #594 no escorredor. 
[21:38:33] [FINE   ] Lavador pegou o prato #595 (Sujeira: BAIXO) 
[21:38:33] [FINE   ] Lavador terminou de lavar o prato #595 
[21:38:33] [FINE   ] Enxugador terminou de secar o prato #584 em 6ms. 
[21:38:33] [FINE   ] Enxugador pegou o prato #585 do escorredor. 
[21:38:33] [FINE   ] Escorredor CHEIO! Quantidade de pratos: 10 
[21:38:33] [FINE   ] Lavador colocou o prato #595 no escorredor. 
[21:38:33] [FINE   ] Lavador pegou o prato #596 (Sujeira: BAIXO) 
[21:38:33] [FINE   ] Lavador terminou de lavar o prato #596 
[21:38:33] [FINE   ] Enxugador terminou de secar o prato #585 em 10ms. 
[21:38:33] [FINE   ] Enxugador pegou o prato #586 do escorredor. 
[21:38:33] [FINE   ] Escorredor CHEIO! Quantidade de pratos: 10 
[21:38:33] [FINE   ] Lavador colocou o prato #596 no escorredor. 
[21:38:33] [FINE   ] Lavador pegou o prato #597 (Sujeira: MEDIO) 
[21:38:33] [FINE   ] Enxugador terminou de secar o prato #586 em 5ms. 
[21:38:33] [FINE   ] Lavador terminou de lavar o prato #597 
[21:38:33] [FINE   ] Enxugador pegou o prato #587 do escorredor. 
[21:38:33] [FINE   ] Escorredor CHEIO! Quantidade de pratos: 10 
[21:38:33] [FINE   ] Lavador colocou o prato #597 no escorredor. 
[21:38:33] [FINE   ] Lavador pegou o prato #598 (Sujeira: ENGORDURADO) 
[21:38:33] [FINE   ] Lavador terminou de lavar o prato #598 
[21:38:33] [FINE   ] Enxugador terminou de secar o prato #587 em 10ms. 
[21:38:33] [FINE   ] Enxugador pegou o prato #588 do escorredor. 
[21:38:33] [FINE   ] Escorredor CHEIO! Quantidade de pratos: 10 
[21:38:33] [FINE   ] Lavador colocou o prato #598 no escorredor. 
[21:38:33] [FINE   ] Lavador pegou o prato #599 (Sujeira: MEDIO) 
[21:38:33] [FINE   ] Lavador terminou de lavar o prato #599 
[21:38:33] [FINE   ] Enxugador terminou de secar o prato #588 em 8ms. 
[21:38:33] [FINE   ] Enxugador pegou o prato #589 do escorredor. 
[21:38:33] [FINE   ] Escorredor CHEIO! Quantidade de pratos: 10 
[21:38:33] [FINE   ] Lavador colocou o prato #599 no escorredor. 
[21:38:33] [FINE   ] Lavador pegou o prato #600 (Sujeira: BAIXO) 
[21:38:33] [FINE   ] Lavador terminou de lavar o prato #600 
[21:38:33] [FINE   ] Enxugador terminou de secar o prato #589 em 8ms. 
[21:38:33] [FINE   ] Enxugador pegou o prato #590 do escorredor. 
[21:38:33] [FINE   ] Escorredor CHEIO! Quantidade de pratos: 10 
[21:38:33] [FINE   ] Lavador colocou o prato #600 no escorredor. 
[21:38:33] [FINE   ] Lavador pegou o prato #601 (Sujeira: MEDIO) 
[21:38:33] [FINE   ] Enxugador terminou de secar o prato #590 em 3ms. 
[21:38:33] [FINE   ] Enxugador pegou o prato #591 do escorredor. 
[21:38:33] [FINE   ] Lavador terminou de lavar o prato #601 
[21:38:33] [FINE   ] Escorredor CHEIO! Quantidade de pratos: 10 
[21:38:33] [FINE   ] Lavador colocou o prato #601 no escorredor. 
[21:38:33] [FINE   ] Lavador pegou o prato #602 (Sujeira: MEDIO) 
[21:38:33] [FINE   ] Lavador terminou de lavar o prato #602 
[21:38:33] [FINE   ] Enxugador terminou de secar o prato #591 em 10ms. 
[21:38:33] [FINE   ] Enxugador pegou o prato #592 do escorredor. 
[21:38:33] [FINE   ] Escorredor CHEIO! Quantidade de pratos: 10 
[21:38:33] [FINE   ] Lavador colocou o prato #602 no escorredor. 
[21:38:33] [FINE   ] Lavador pegou o prato #603 (Sujeira: MEDIO) 
[21:38:33] [FINE   ] Lavador terminou de lavar o prato #603 
[21:38:33] [FINE   ] Enxugador terminou de secar o prato #592 em 10ms. 
[21:38:33] [FINE   ] Enxugador pegou o prato #593 do escorredor. 
[21:38:33] [FINE   ] Escorredor CHEIO! Quantidade de pratos: 10 
[21:38:33] [FINE   ] Lavador colocou o prato #603 no escorredor. 
[21:38:33] [FINE   ] Lavador pegou o prato #604 (Sujeira: BAIXO) 
[21:38:33] [FINE   ] Lavador terminou de lavar o prato #604 
[21:38:33] [FINE   ] Enxugador terminou de secar o prato #593 em 10ms. 
[21:38:33] [FINE   ] Enxugador pegou o prato #594 do escorredor. 
[21:38:33] [FINE   ] Escorredor CHEIO! Quantidade de pratos: 10 
[21:38:33] [FINE   ] Lavador colocou o prato #604 no escorredor. 
[21:38:33] [FINE   ] Lavador pegou o prato #605 (Sujeira: MEDIO) 
[21:38:33] [FINE   ] Lavador terminou de lavar o prato #605 
[21:38:33] [FINE   ] Enxugador terminou de secar o prato #594 em 6ms. 
[21:38:33] [FINE   ] Enxugador pegou o prato #595 do escorredor. 
[21:38:33] [FINE   ] Escorredor CHEIO! Quantidade de pratos: 10 
[21:38:33] [FINE   ] Lavador colocou o prato #605 no escorredor. 
[21:38:33] [FINE   ] Lavador pegou o prato #606 (Sujeira: MEDIO) 
[21:38:33] [FINE   ] Lavador terminou de lavar o prato #606 
[21:38:33] [FINE   ] Enxugador terminou de secar o prato #595 em 8ms. 
[21:38:33] [FINE   ] Escorredor CHEIO! Quantidade de pratos: 10 
[21:38:33] [FINE   ] Enxugador pegou o prato #596 do escorredor. 
[21:38:33] [FINE   ] Lavador colocou o prato #606 no escorredor. 
[21:38:33] [FINE   ] Lavador pegou o prato #607 (Sujeira: MEDIO) 
[21:38:33] [FINE   ] Enxugador terminou de secar o prato #596 em 5ms. 
[21:38:33] [FINE   ] Lavador terminou de lavar o prato #607 
[21:38:33] [FINE   ] Enxugador pegou o prato #597 do escorredor. 
[21:38:33] [FINE   ] Escorredor CHEIO! Quantidade de pratos: 10 
[21:38:33] [FINE   ] Lavador colocou o prato #607 no escorredor. 
[21:38:33] [FINE   ] Lavador pegou o prato #608 (Sujeira: BAIXO) 
[21:38:33] [FINE   ] Lavador terminou de lavar o prato #608 
[21:38:33] [FINE   ] Enxugador terminou de secar o prato #597 em 5ms. 
[21:38:33] [FINE   ] Enxugador pegou o prato #598 do escorredor. 
[21:38:33] [FINE   ] Escorredor CHEIO! Quantidade de pratos: 10 
[21:38:33] [FINE   ] Lavador colocou o prato #608 no escorredor. 
[21:38:33] [FINE   ] Lavador pegou o prato #609 (Sujeira: BAIXO) 
[21:38:33] [FINE   ] Lavador terminou de lavar o prato #609 
[21:38:33] [FINE   ] Enxugador terminou de secar o prato #598 em 5ms. 
[21:38:33] [FINE   ] Enxugador pegou o prato #599 do escorredor. 
[21:38:33] [FINE   ] Escorredor CHEIO! Quantidade de pratos: 10 
[21:38:33] [FINE   ] Lavador colocou o prato #609 no escorredor. 
[21:38:33] [FINE   ] Lavador pegou o prato #610 (Sujeira: MEDIO) 
[21:38:33] [FINE   ] Enxugador terminou de secar o prato #599 em 4ms. 
[21:38:33] [FINE   ] Enxugador pegou o prato #600 do escorredor. 
[21:38:33] [FINE   ] Lavador terminou de lavar o prato #610 
[21:38:33] [FINE   ] Escorredor CHEIO! Quantidade de pratos: 10 
[21:38:33] [FINE   ] Lavador colocou o prato #610 no escorredor. 
[21:38:33] [FINE   ] Lavador pegou o prato #611 (Sujeira: MEDIO) 
[21:38:33] [FINE   ] Lavador terminou de lavar o prato #611 
[21:38:33] [FINE   ] Enxugador terminou de secar o prato #600 em 10ms. 
[21:38:33] [FINE   ] Enxugador pegou o prato #601 do escorredor. 
[21:38:33] [FINE   ] Escorredor CHEIO! Quantidade de pratos: 10 
[21:38:33] [FINE   ] Lavador colocou o prato #611 no escorredor. 
[21:38:33] [FINE   ] Lavador pegou o prato #612 (Sujeira: MEDIO) 
[21:38:33] [FINE   ] Enxugador terminou de secar o prato #601 em 3ms. 
[21:38:33] [FINE   ] Enxugador pegou o prato #602 do escorredor. 
[21:38:33] [FINE   ] Lavador terminou de lavar o prato #612 
[21:38:33] [FINE   ] Escorredor CHEIO! Quantidade de pratos: 10 
[21:38:33] [FINE   ] Lavador colocou o prato #612 no escorredor. 
[21:38:33] [FINE   ] Lavador pegou o prato #613 (Sujeira: BAIXO) 
[21:38:33] [FINE   ] Enxugador terminou de secar o prato #602 em 6ms. 
[21:38:33] [FINE   ] Enxugador pegou o prato #603 do escorredor. 
[21:38:33] [FINE   ] Lavador terminou de lavar o prato #613 
[21:38:33] [FINE   ] Escorredor CHEIO! Quantidade de pratos: 10 
[21:38:33] [FINE   ] Lavador colocou o prato #613 no escorredor. 
[21:38:33] [FINE   ] Lavador pegou o prato #614 (Sujeira: MEDIO) 
[21:38:33] [FINE   ] Lavador terminou de lavar o prato #614 
[21:38:33] [FINE   ] Enxugador terminou de secar o prato #603 em 7ms. 
[21:38:33] [FINE   ] Escorredor CHEIO! Quantidade de pratos: 10 
[21:38:33] [FINE   ] Enxugador pegou o prato #604 do escorredor. 
[21:38:33] [FINE   ] Lavador colocou o prato #614 no escorredor. 
[21:38:33] [FINE   ] Lavador pegou o prato #615 (Sujeira: MEDIO) 
[21:38:33] [FINE   ] Lavador terminou de lavar o prato #615 
[21:38:33] [FINE   ] Enxugador terminou de secar o prato #604 em 5ms. 
[21:38:33] [FINE   ] Enxugador pegou o prato #605 do escorredor. 
[21:38:33] [FINE   ] Escorredor CHEIO! Quantidade de pratos: 10 
[21:38:33] [FINE   ] Lavador colocou o prato #615 no escorredor. 
[21:38:33] [FINE   ] Lavador pegou o prato #616 (Sujeira: BAIXO) 
[21:38:33] [FINE   ] Lavador terminou de lavar o prato #616 
[21:38:33] [FINE   ] Enxugador terminou de secar o prato #605 em 7ms. 
[21:38:33] [FINE   ] Enxugador pegou o prato #606 do escorredor. 
[21:38:33] [FINE   ] Escorredor CHEIO! Quantidade de pratos: 10 
[21:38:33] [FINE   ] Lavador colocou o prato #616 no escorredor. 
[21:38:33] [FINE   ] Lavador pegou o prato #617 (Sujeira: BAIXO) 
[21:38:33] [FINE   ] Lavador terminou de lavar o prato #617 
[21:38:33] [FINE   ] Enxugador terminou de secar o prato #606 em 10ms. 
[21:38:33] [FINE   ] Enxugador pegou o prato #607 do escorredor. 
[21:38:33] [FINE   ] Escorredor CHEIO! Quantidade de pratos: 10 
[21:38:33] [FINE   ] Lavador colocou o prato #617 no escorredor. 
[21:38:33] [FINE   ] Lavador pegou o prato #618 (Sujeira: BAIXO) 
[21:38:33] [FINE   ] Lavador terminou de lavar o prato #618 
[21:38:33] [FINE   ] Enxugador terminou de secar o prato #607 em 9ms. 
[21:38:33] [FINE   ] Enxugador pegou o prato #608 do escorredor. 
[21:38:33] [FINE   ] Escorredor CHEIO! Quantidade de pratos: 10 
[21:38:33] [FINE   ] Lavador colocou o prato #618 no escorredor. 
[21:38:33] [FINE   ] Lavador pegou o prato #619 (Sujeira: MEDIO) 
[21:38:33] [FINE   ] Enxugador terminou de secar o prato #608 em 5ms. 
[21:38:33] [FINE   ] Lavador terminou de lavar o prato #619 
[21:38:33] [FINE   ] Enxugador pegou o prato #609 do escorredor. 
[21:38:33] [FINE   ] Escorredor CHEIO! Quantidade de pratos: 10 
[21:38:33] [FINE   ] Lavador colocou o prato #619 no escorredor. 
[21:38:33] [FINE   ] Lavador pegou o prato #620 (Sujeira: BAIXO) 
[21:38:33] [FINE   ] Enxugador terminou de secar o prato #609 em 3ms. 
[21:38:33] [FINE   ] Enxugador pegou o prato #610 do escorredor. 
[21:38:33] [FINE   ] Lavador terminou de lavar o prato #620 
[21:38:33] [FINE   ] Escorredor CHEIO! Quantidade de pratos: 10 
[21:38:33] [FINE   ] Lavador colocou o prato #620 no escorredor. 
[21:38:33] [FINE   ] Lavador pegou o prato #621 (Sujeira: BAIXO) 
[21:38:33] [FINE   ] Lavador terminou de lavar o prato #621 
[21:38:33] [FINE   ] Enxugador terminou de secar o prato #610 em 10ms. 
[21:38:33] [FINE   ] Enxugador pegou o prato #611 do escorredor. 
[21:38:33] [FINE   ] Escorredor CHEIO! Quantidade de pratos: 10 
[21:38:33] [FINE   ] Lavador colocou o prato #621 no escorredor. 
[21:38:33] [FINE   ] Lavador pegou o prato #622 (Sujeira: BAIXO) 
[21:38:33] [FINE   ] Lavador terminou de lavar o prato #622 
[21:38:33] [FINE   ] Enxugador terminou de secar o prato #611 em 4ms. 
[21:38:33] [FINE   ] Enxugador pegou o prato #612 do escorredor. 
[21:38:33] [FINE   ] Escorredor CHEIO! Quantidade de pratos: 10 
[21:38:33] [FINE   ] Lavador colocou o prato #622 no escorredor. 
[21:38:33] [FINE   ] Lavador pegou o prato #623 (Sujeira: BAIXO) 
[21:38:33] [FINE   ] Lavador terminou de lavar o prato #623 
[21:38:33] [FINE   ] Enxugador terminou de secar o prato #612 em 7ms. 
[21:38:33] [FINE   ] Enxugador pegou o prato #613 do escorredor. 
[21:38:33] [FINE   ] Escorredor CHEIO! Quantidade de pratos: 10 
[21:38:33] [FINE   ] Lavador colocou o prato #623 no escorredor. 
[21:38:33] [FINE   ] Lavador pegou o prato #624 (Sujeira: BAIXO) 
[21:38:33] [FINE   ] Lavador terminou de lavar o prato #624 
[21:38:33] [FINE   ] Enxugador terminou de secar o prato #613 em 7ms. 
[21:38:33] [FINE   ] Enxugador pegou o prato #614 do escorredor. 
[21:38:33] [FINE   ] Escorredor CHEIO! Quantidade de pratos: 10 
[21:38:33] [FINE   ] Lavador colocou o prato #624 no escorredor. 
[21:38:33] [FINE   ] Lavador pegou o prato #625 (Sujeira: MEDIO) 
[21:38:33] [FINE   ] Lavador terminou de lavar o prato #625 
[21:38:33] [FINE   ] Enxugador terminou de secar o prato #614 em 10ms. 
[21:38:33] [FINE   ] Enxugador pegou o prato #615 do escorredor. 
[21:38:33] [FINE   ] Escorredor CHEIO! Quantidade de pratos: 10 
[21:38:33] [FINE   ] Lavador colocou o prato #625 no escorredor. 
[21:38:33] [FINE   ] Lavador pegou o prato #626 (Sujeira: BAIXO) 
[21:38:33] [FINE   ] Lavador terminou de lavar o prato #626 
[21:38:33] [FINE   ] Enxugador terminou de secar o prato #615 em 7ms. 
[21:38:33] [FINE   ] Enxugador pegou o prato #616 do escorredor. 
[21:38:33] [FINE   ] Escorredor CHEIO! Quantidade de pratos: 10 
[21:38:33] [FINE   ] Lavador colocou o prato #626 no escorredor. 
[21:38:33] [FINE   ] Lavador pegou o prato #627 (Sujeira: BAIXO) 
[21:38:33] [FINE   ] Lavador terminou de lavar o prato #627 
[21:38:33] [FINE   ] Enxugador terminou de secar o prato #616 em 7ms. 
[21:38:33] [FINE   ] Enxugador pegou o prato #617 do escorredor. 
[21:38:33] [FINE   ] Escorredor CHEIO! Quantidade de pratos: 10 
[21:38:33] [FINE   ] Lavador colocou o prato #627 no escorredor. 
[21:38:33] [FINE   ] Lavador pegou o prato #628 (Sujeira: BAIXO) 
[21:38:33] [FINE   ] Enxugador terminou de secar o prato #617 em 3ms. 
[21:38:33] [FINE   ] Lavador terminou de lavar o prato #628 
[21:38:33] [FINE   ] Enxugador pegou o prato #618 do escorredor. 
[21:38:33] [FINE   ] Escorredor CHEIO! Quantidade de pratos: 10 
[21:38:33] [FINE   ] Lavador colocou o prato #628 no escorredor. 
[21:38:33] [FINE   ] Lavador pegou o prato #629 (Sujeira: ENGORDURADO) 
[21:38:33] [FINE   ] Enxugador terminou de secar o prato #618 em 8ms. 
[21:38:33] [FINE   ] Enxugador pegou o prato #619 do escorredor. 
[21:38:33] [FINE   ] Lavador terminou de lavar o prato #629 
[21:38:33] [FINE   ] Escorredor CHEIO! Quantidade de pratos: 10 
[21:38:33] [FINE   ] Lavador colocou o prato #629 no escorredor. 
[21:38:33] [FINE   ] Lavador pegou o prato #630 (Sujeira: BAIXO) 
[21:38:33] [FINE   ] Enxugador terminou de secar o prato #619 em 3ms. 
[21:38:33] [FINE   ] Enxugador pegou o prato #620 do escorredor. 
[21:38:33] [FINE   ] Lavador terminou de lavar o prato #630 
[21:38:33] [FINE   ] Escorredor CHEIO! Quantidade de pratos: 10 
[21:38:33] [FINE   ] Lavador colocou o prato #630 no escorredor. 
[21:38:33] [FINE   ] Lavador pegou o prato #631 (Sujeira: MEDIO) 
[21:38:33] [FINE   ] Lavador terminou de lavar o prato #631 
[21:38:33] [FINE   ] Enxugador terminou de secar o prato #620 em 9ms. 
[21:38:33] [FINE   ] Enxugador pegou o prato #621 do escorredor. 
[21:38:33] [FINE   ] Escorredor CHEIO! Quantidade de pratos: 10 
[21:38:33] [FINE   ] Lavador colocou o prato #631 no escorredor. 
[21:38:33] [FINE   ] Lavador pegou o prato #632 (Sujeira: MEDIO) 
[21:38:33] [FINE   ] Lavador terminou de lavar o prato #632 
[21:38:33] [FINE   ] Enxugador terminou de secar o prato #621 em 8ms. 
[21:38:33] [FINE   ] Enxugador pegou o prato #622 do escorredor. 
[21:38:33] [FINE   ] Escorredor CHEIO! Quantidade de pratos: 10 
[21:38:33] [FINE   ] Lavador colocou o prato #632 no escorredor. 
[21:38:33] [FINE   ] Lavador pegou o prato #633 (Sujeira: MEDIO) 
[21:38:33] [FINE   ] Lavador terminou de lavar o prato #633 
[21:38:33] [FINE   ] Enxugador terminou de secar o prato #622 em 10ms. 
[21:38:33] [FINE   ] Enxugador pegou o prato #623 do escorredor. 
[21:38:33] [FINE   ] Escorredor CHEIO! Quantidade de pratos: 10 
[21:38:33] [FINE   ] Lavador colocou o prato #633 no escorredor. 
[21:38:33] [FINE   ] Lavador pegou o prato #634 (Sujeira: BAIXO) 
[21:38:33] [FINE   ] Lavador terminou de lavar o prato #634 
[21:38:33] [FINE   ] Enxugador terminou de secar o prato #623 em 10ms. 
[21:38:33] [FINE   ] Enxugador pegou o prato #624 do escorredor. 
[21:38:33] [FINE   ] Escorredor CHEIO! Quantidade de pratos: 10 
[21:38:33] [FINE   ] Lavador colocou o prato #634 no escorredor. 
[21:38:33] [FINE   ] Lavador pegou o prato #635 (Sujeira: MEDIO) 
[21:38:33] [FINE   ] Enxugador terminou de secar o prato #624 em 4ms. 
[21:38:33] [FINE   ] Enxugador pegou o prato #625 do escorredor. 
[21:38:33] [FINE   ] Lavador terminou de lavar o prato #635 
[21:38:33] [FINE   ] Escorredor CHEIO! Quantidade de pratos: 10 
[21:38:33] [FINE   ] Lavador colocou o prato #635 no escorredor. 
[21:38:33] [FINE   ] Lavador pegou o prato #636 (Sujeira: MEDIO) 
[21:38:33] [FINE   ] Lavador terminou de lavar o prato #636 
[21:38:33] [FINE   ] Enxugador terminou de secar o prato #625 em 9ms. 
[21:38:33] [FINE   ] Enxugador pegou o prato #626 do escorredor. 
[21:38:33] [FINE   ] Escorredor CHEIO! Quantidade de pratos: 10 
[21:38:33] [FINE   ] Lavador colocou o prato #636 no escorredor. 
[21:38:33] [FINE   ] Lavador pegou o prato #637 (Sujeira: MEDIO) 
[21:38:33] [FINE   ] Lavador terminou de lavar o prato #637 
[21:38:33] [FINE   ] Enxugador terminou de secar o prato #626 em 10ms. 
[21:38:33] [FINE   ] Enxugador pegou o prato #627 do escorredor. 
[21:38:33] [FINE   ] Escorredor CHEIO! Quantidade de pratos: 10 
[21:38:33] [FINE   ] Lavador colocou o prato #637 no escorredor. 
[21:38:33] [FINE   ] Lavador pegou o prato #638 (Sujeira: MEDIO) 
[21:38:33] [FINE   ] Enxugador terminou de secar o prato #627 em 3ms. 
[21:38:33] [FINE   ] Enxugador pegou o prato #628 do escorredor. 
[21:38:33] [FINE   ] Lavador terminou de lavar o prato #638 
[21:38:33] [FINE   ] Escorredor CHEIO! Quantidade de pratos: 10 
[21:38:33] [FINE   ] Lavador colocou o prato #638 no escorredor. 
[21:38:33] [FINE   ] Lavador pegou o prato #639 (Sujeira: BAIXO) 
[21:38:33] [FINE   ] Lavador terminou de lavar o prato #639 
[21:38:33] [FINE   ] Enxugador terminou de secar o prato #628 em 9ms. 
[21:38:33] [FINE   ] Enxugador pegou o prato #629 do escorredor. 
[21:38:33] [FINE   ] Escorredor CHEIO! Quantidade de pratos: 10 
[21:38:33] [FINE   ] Lavador colocou o prato #639 no escorredor. 
[21:38:33] [FINE   ] Lavador pegou o prato #640 (Sujeira: MEDIO) 
[21:38:33] [FINE   ] Lavador terminou de lavar o prato #640 
[21:38:33] [FINE   ] Enxugador terminou de secar o prato #629 em 9ms. 
[21:38:33] [FINE   ] Enxugador pegou o prato #630 do escorredor. 
[21:38:33] [FINE   ] Escorredor CHEIO! Quantidade de pratos: 10 
[21:38:33] [FINE   ] Lavador colocou o prato #640 no escorredor. 
[21:38:33] [FINE   ] Lavador pegou o prato #641 (Sujeira: MEDIO) 
[21:38:33] [FINE   ] Lavador terminou de lavar o prato #641 
[21:38:33] [FINE   ] Enxugador terminou de secar o prato #630 em 9ms. 
[21:38:33] [FINE   ] Enxugador pegou o prato #631 do escorredor. 
[21:38:33] [FINE   ] Escorredor CHEIO! Quantidade de pratos: 10 
[21:38:33] [FINE   ] Lavador colocou o prato #641 no escorredor. 
[21:38:33] [FINE   ] Lavador pegou o prato #642 (Sujeira: MEDIO) 
[21:38:33] [FINE   ] Lavador terminou de lavar o prato #642 
[21:38:33] [FINE   ] Enxugador terminou de secar o prato #631 em 7ms. 
[21:38:33] [FINE   ] Enxugador pegou o prato #632 do escorredor. 
[21:38:33] [FINE   ] Escorredor CHEIO! Quantidade de pratos: 10 
[21:38:33] [FINE   ] Lavador colocou o prato #642 no escorredor. 
[21:38:33] [FINE   ] Lavador pegou o prato #643 (Sujeira: MEDIO) 
[21:38:33] [FINE   ] Lavador terminou de lavar o prato #643 
[21:38:33] [FINE   ] Enxugador terminou de secar o prato #632 em 6ms. 
[21:38:33] [FINE   ] Enxugador pegou o prato #633 do escorredor. 
[21:38:33] [FINE   ] Escorredor CHEIO! Quantidade de pratos: 10 
[21:38:33] [FINE   ] Lavador colocou o prato #643 no escorredor. 
[21:38:33] [FINE   ] Lavador pegou o prato #644 (Sujeira: BAIXO) 
[21:38:33] [FINE   ] Lavador terminou de lavar o prato #644 
[21:38:33] [FINE   ] Enxugador terminou de secar o prato #633 em 6ms. 
[21:38:33] [FINE   ] Enxugador pegou o prato #634 do escorredor. 
[21:38:33] [FINE   ] Escorredor CHEIO! Quantidade de pratos: 10 
[21:38:33] [FINE   ] Lavador colocou o prato #644 no escorredor. 
[21:38:33] [FINE   ] Lavador pegou o prato #645 (Sujeira: MEDIO) 
[21:38:33] [FINE   ] Lavador terminou de lavar o prato #645 
[21:38:33] [FINE   ] Enxugador terminou de secar o prato #634 em 10ms. 
[21:38:33] [FINE   ] Enxugador pegou o prato #635 do escorredor. 
[21:38:33] [FINE   ] Escorredor CHEIO! Quantidade de pratos: 10 
[21:38:33] [FINE   ] Lavador colocou o prato #645 no escorredor. 
[21:38:33] [FINE   ] Lavador pegou o prato #646 (Sujeira: MEDIO) 
[21:38:33] [FINE   ] Lavador terminou de lavar o prato #646 
[21:38:33] [FINE   ] Enxugador terminou de secar o prato #635 em 7ms. 
[21:38:33] [FINE   ] Enxugador pegou o prato #636 do escorredor. 
[21:38:33] [FINE   ] Escorredor CHEIO! Quantidade de pratos: 10 
[21:38:33] [FINE   ] Lavador colocou o prato #646 no escorredor. 
[21:38:33] [FINE   ] Lavador pegou o prato #647 (Sujeira: BAIXO) 
[21:38:33] [FINE   ] Lavador terminou de lavar o prato #647 
[21:38:33] [FINE   ] Enxugador terminou de secar o prato #636 em 8ms. 
[21:38:33] [FINE   ] Enxugador pegou o prato #637 do escorredor. 
[21:38:33] [FINE   ] Escorredor CHEIO! Quantidade de pratos: 10 
[21:38:33] [FINE   ] Lavador colocou o prato #647 no escorredor. 
[21:38:33] [FINE   ] Lavador pegou o prato #648 (Sujeira: BAIXO) 
[21:38:33] [FINE   ] Lavador terminou de lavar o prato #648 
[21:38:33] [FINE   ] Enxugador terminou de secar o prato #637 em 7ms. 
[21:38:33] [FINE   ] Enxugador pegou o prato #638 do escorredor. 
[21:38:33] [FINE   ] Escorredor CHEIO! Quantidade de pratos: 10 
[21:38:33] [FINE   ] Lavador colocou o prato #648 no escorredor. 
[21:38:33] [FINE   ] Lavador pegou o prato #649 (Sujeira: BAIXO) 
[21:38:33] [FINE   ] Lavador terminou de lavar o prato #649 
[21:38:33] [FINE   ] Enxugador terminou de secar o prato #638 em 7ms. 
[21:38:33] [FINE   ] Enxugador pegou o prato #639 do escorredor. 
[21:38:33] [FINE   ] Escorredor CHEIO! Quantidade de pratos: 10 
[21:38:33] [FINE   ] Lavador colocou o prato #649 no escorredor. 
[21:38:33] [FINE   ] Lavador pegou o prato #650 (Sujeira: MEDIO) 
[21:38:33] [FINE   ] Lavador terminou de lavar o prato #650 
[21:38:33] [FINE   ] Enxugador terminou de secar o prato #639 em 9ms. 
[21:38:33] [FINE   ] Enxugador pegou o prato #640 do escorredor. 
[21:38:33] [FINE   ] Escorredor CHEIO! Quantidade de pratos: 10 
[21:38:33] [FINE   ] Lavador colocou o prato #650 no escorredor. 
[21:38:33] [FINE   ] Lavador pegou o prato #651 (Sujeira: MEDIO) 
[21:38:33] [FINE   ] Lavador terminou de lavar o prato #651 
[21:38:33] [FINE   ] Enxugador terminou de secar o prato #640 em 7ms. 
[21:38:33] [FINE   ] Escorredor CHEIO! Quantidade de pratos: 10 
[21:38:33] [FINE   ] Enxugador pegou o prato #641 do escorredor. 
[21:38:33] [FINE   ] Lavador colocou o prato #651 no escorredor. 
[21:38:33] [FINE   ] Lavador pegou o prato #652 (Sujeira: BAIXO) 
[21:38:33] [FINE   ] Lavador terminou de lavar o prato #652 
[21:38:33] [FINE   ] Enxugador terminou de secar o prato #641 em 6ms. 
[21:38:33] [FINE   ] Enxugador pegou o prato #642 do escorredor. 
[21:38:33] [FINE   ] Escorredor CHEIO! Quantidade de pratos: 10 
[21:38:33] [FINE   ] Lavador colocou o prato #652 no escorredor. 
[21:38:33] [FINE   ] Lavador pegou o prato #653 (Sujeira: MEDIO) 
[21:38:33] [FINE   ] Lavador terminou de lavar o prato #653 
[21:38:33] [FINE   ] Enxugador terminou de secar o prato #642 em 8ms. 
[21:38:33] [FINE   ] Enxugador pegou o prato #643 do escorredor. 
[21:38:33] [FINE   ] Escorredor CHEIO! Quantidade de pratos: 10 
[21:38:33] [FINE   ] Lavador colocou o prato #653 no escorredor. 
[21:38:33] [FINE   ] Lavador pegou o prato #654 (Sujeira: MEDIO) 
[21:38:33] [FINE   ] Lavador terminou de lavar o prato #654 
[21:38:33] [FINE   ] Enxugador terminou de secar o prato #643 em 7ms. 
[21:38:33] [FINE   ] Enxugador pegou o prato #644 do escorredor. 
[21:38:33] [FINE   ] Escorredor CHEIO! Quantidade de pratos: 10 
[21:38:33] [FINE   ] Lavador colocou o prato #654 no escorredor. 
[21:38:33] [FINE   ] Lavador pegou o prato #655 (Sujeira: MEDIO) 
[21:38:33] [FINE   ] Lavador terminou de lavar o prato #655 
[21:38:33] [FINE   ] Enxugador terminou de secar o prato #644 em 8ms. 
[21:38:33] [FINE   ] Enxugador pegou o prato #645 do escorredor. 
[21:38:33] [FINE   ] Escorredor CHEIO! Quantidade de pratos: 10 
[21:38:33] [FINE   ] Lavador colocou o prato #655 no escorredor. 
[21:38:33] [FINE   ] Lavador pegou o prato #656 (Sujeira: BAIXO) 
[21:38:33] [FINE   ] Lavador terminou de lavar o prato #656 
[21:38:34] [FINE   ] Enxugador terminou de secar o prato #645 em 8ms. 
[21:38:34] [FINE   ] Enxugador pegou o prato #646 do escorredor. 
[21:38:34] [FINE   ] Escorredor CHEIO! Quantidade de pratos: 10 
[21:38:34] [FINE   ] Lavador colocou o prato #656 no escorredor. 
[21:38:34] [FINE   ] Lavador pegou o prato #657 (Sujeira: BAIXO) 
[21:38:34] [FINE   ] Lavador terminou de lavar o prato #657 
[21:38:34] [FINE   ] Enxugador terminou de secar o prato #646 em 9ms. 
[21:38:34] [FINE   ] Enxugador pegou o prato #647 do escorredor. 
[21:38:34] [FINE   ] Escorredor CHEIO! Quantidade de pratos: 10 
[21:38:34] [FINE   ] Lavador colocou o prato #657 no escorredor. 
[21:38:34] [FINE   ] Lavador pegou o prato #658 (Sujeira: MEDIO) 
[21:38:34] [FINE   ] Enxugador terminou de secar o prato #647 em 4ms. 
[21:38:34] [FINE   ] Enxugador pegou o prato #648 do escorredor. 
[21:38:34] [FINE   ] Lavador terminou de lavar o prato #658 
[21:38:34] [FINE   ] Escorredor CHEIO! Quantidade de pratos: 10 
[21:38:34] [FINE   ] Lavador colocou o prato #658 no escorredor. 
[21:38:34] [FINE   ] Lavador pegou o prato #659 (Sujeira: MEDIO) 
[21:38:34] [FINE   ] Lavador terminou de lavar o prato #659 
[21:38:34] [FINE   ] Enxugador terminou de secar o prato #648 em 5ms. 
[21:38:34] [FINE   ] Enxugador pegou o prato #649 do escorredor. 
[21:38:34] [FINE   ] Escorredor CHEIO! Quantidade de pratos: 10 
[21:38:34] [FINE   ] Lavador colocou o prato #659 no escorredor. 
[21:38:34] [FINE   ] Lavador pegou o prato #660 (Sujeira: MEDIO) 
[21:38:34] [FINE   ] Enxugador terminou de secar o prato #649 em 7ms. 
[21:38:34] [FINE   ] Lavador terminou de lavar o prato #660 
[21:38:34] [FINE   ] Enxugador pegou o prato #650 do escorredor. 
[21:38:34] [FINE   ] Escorredor CHEIO! Quantidade de pratos: 10 
[21:38:34] [FINE   ] Lavador colocou o prato #660 no escorredor. 
[21:38:34] [FINE   ] Lavador pegou o prato #661 (Sujeira: MEDIO) 
[21:38:34] [FINE   ] Lavador terminou de lavar o prato #661 
[21:38:34] [FINE   ] Enxugador terminou de secar o prato #650 em 6ms. 
[21:38:34] [FINE   ] Enxugador pegou o prato #651 do escorredor. 
[21:38:34] [FINE   ] Escorredor CHEIO! Quantidade de pratos: 10 
[21:38:34] [FINE   ] Lavador colocou o prato #661 no escorredor. 
[21:38:34] [FINE   ] Lavador pegou o prato #662 (Sujeira: MEDIO) 
[21:38:34] [FINE   ] Lavador terminou de lavar o prato #662 
[21:38:34] [FINE   ] Enxugador terminou de secar o prato #651 em 10ms. 
[21:38:34] [FINE   ] Enxugador pegou o prato #652 do escorredor. 
[21:38:34] [FINE   ] Escorredor CHEIO! Quantidade de pratos: 10 
[21:38:34] [FINE   ] Lavador colocou o prato #662 no escorredor. 
[21:38:34] [FINE   ] Lavador pegou o prato #663 (Sujeira: MEDIO) 
[21:38:34] [FINE   ] Lavador terminou de lavar o prato #663 
[21:38:34] [FINE   ] Enxugador terminou de secar o prato #652 em 5ms. 
[21:38:34] [FINE   ] Enxugador pegou o prato #653 do escorredor. 
[21:38:34] [FINE   ] Escorredor CHEIO! Quantidade de pratos: 10 
[21:38:34] [FINE   ] Lavador colocou o prato #663 no escorredor. 
[21:38:34] [FINE   ] Lavador pegou o prato #664 (Sujeira: MEDIO) 
[21:38:34] [FINE   ] Lavador terminou de lavar o prato #664 
[21:38:34] [FINE   ] Enxugador terminou de secar o prato #653 em 10ms. 
[21:38:34] [FINE   ] Enxugador pegou o prato #654 do escorredor. 
[21:38:34] [FINE   ] Escorredor CHEIO! Quantidade de pratos: 10 
[21:38:34] [FINE   ] Lavador colocou o prato #664 no escorredor. 
[21:38:34] [FINE   ] Lavador pegou o prato #665 (Sujeira: MEDIO) 
[21:38:34] [FINE   ] Enxugador terminou de secar o prato #654 em 3ms. 
[21:38:34] [FINE   ] Enxugador pegou o prato #655 do escorredor. 
[21:38:34] [FINE   ] Lavador terminou de lavar o prato #665 
[21:38:34] [FINE   ] Escorredor CHEIO! Quantidade de pratos: 10 
[21:38:34] [FINE   ] Lavador colocou o prato #665 no escorredor. 
[21:38:34] [FINE   ] Lavador pegou o prato #666 (Sujeira: BAIXO) 
[21:38:34] [FINE   ] Lavador terminou de lavar o prato #666 
[21:38:34] [FINE   ] Enxugador terminou de secar o prato #655 em 8ms. 
[21:38:34] [FINE   ] Enxugador pegou o prato #656 do escorredor. 
[21:38:34] [FINE   ] Escorredor CHEIO! Quantidade de pratos: 10 
[21:38:34] [FINE   ] Lavador colocou o prato #666 no escorredor. 
[21:38:34] [FINE   ] Lavador pegou o prato #667 (Sujeira: MEDIO) 
[21:38:34] [FINE   ] Lavador terminou de lavar o prato #667 
[21:38:34] [FINE   ] Enxugador terminou de secar o prato #656 em 7ms. 
[21:38:34] [FINE   ] Enxugador pegou o prato #657 do escorredor. 
[21:38:34] [FINE   ] Escorredor CHEIO! Quantidade de pratos: 10 
[21:38:34] [FINE   ] Lavador colocou o prato #667 no escorredor. 
[21:38:34] [FINE   ] Lavador pegou o prato #668 (Sujeira: BAIXO) 
[21:38:34] [FINE   ] Lavador terminou de lavar o prato #668 
[21:38:34] [FINE   ] Enxugador terminou de secar o prato #657 em 9ms. 
[21:38:34] [FINE   ] Enxugador pegou o prato #658 do escorredor. 
[21:38:34] [FINE   ] Escorredor CHEIO! Quantidade de pratos: 10 
[21:38:34] [FINE   ] Lavador colocou o prato #668 no escorredor. 
[21:38:34] [FINE   ] Lavador pegou o prato #669 (Sujeira: MEDIO) 
[21:38:34] [FINE   ] Lavador terminou de lavar o prato #669 
[21:38:34] [FINE   ] Enxugador terminou de secar o prato #658 em 9ms. 
[21:38:34] [FINE   ] Enxugador pegou o prato #659 do escorredor. 
[21:38:34] [FINE   ] Escorredor CHEIO! Quantidade de pratos: 10 
[21:38:34] [FINE   ] Lavador colocou o prato #669 no escorredor. 
[21:38:34] [FINE   ] Lavador pegou o prato #670 (Sujeira: MEDIO) 
[21:38:34] [FINE   ] Lavador terminou de lavar o prato #670 
[21:38:34] [FINE   ] Enxugador terminou de secar o prato #659 em 7ms. 
[21:38:34] [FINE   ] Enxugador pegou o prato #660 do escorredor. 
[21:38:34] [FINE   ] Escorredor CHEIO! Quantidade de pratos: 10 
[21:38:34] [FINE   ] Lavador colocou o prato #670 no escorredor. 
[21:38:34] [FINE   ] Lavador pegou o prato #671 (Sujeira: MEDIO) 
[21:38:34] [FINE   ] Lavador terminou de lavar o prato #671 
[21:38:34] [FINE   ] Enxugador terminou de secar o prato #660 em 7ms. 
[21:38:34] [FINE   ] Enxugador pegou o prato #661 do escorredor. 
[21:38:34] [FINE   ] Escorredor CHEIO! Quantidade de pratos: 10 
[21:38:34] [FINE   ] Lavador colocou o prato #671 no escorredor. 
[21:38:34] [FINE   ] Lavador pegou o prato #672 (Sujeira: MEDIO) 
[21:38:34] [FINE   ] Enxugador terminou de secar o prato #661 em 6ms. 
[21:38:34] [FINE   ] Lavador terminou de lavar o prato #672 
[21:38:34] [FINE   ] Enxugador pegou o prato #662 do escorredor. 
[21:38:34] [FINE   ] Escorredor CHEIO! Quantidade de pratos: 10 
[21:38:34] [FINE   ] Lavador colocou o prato #672 no escorredor. 
[21:38:34] [FINE   ] Lavador pegou o prato #673 (Sujeira: BAIXO) 
[21:38:34] [FINE   ] Lavador terminou de lavar o prato #673 
[21:38:34] [FINE   ] Enxugador terminou de secar o prato #662 em 9ms. 
[21:38:34] [FINE   ] Enxugador pegou o prato #663 do escorredor. 
[21:38:34] [FINE   ] Escorredor CHEIO! Quantidade de pratos: 10 
[21:38:34] [FINE   ] Lavador colocou o prato #673 no escorredor. 
[21:38:34] [FINE   ] Lavador pegou o prato #674 (Sujeira: MEDIO) 
[21:38:34] [FINE   ] Enxugador terminou de secar o prato #663 em 3ms. 
[21:38:34] [FINE   ] Enxugador pegou o prato #664 do escorredor. 
[21:38:34] [FINE   ] Lavador terminou de lavar o prato #674 
[21:38:34] [FINE   ] Escorredor CHEIO! Quantidade de pratos: 10 
[21:38:34] [FINE   ] Lavador colocou o prato #674 no escorredor. 
[21:38:34] [FINE   ] Enxugador terminou de secar o prato #664 em 3ms. 
[21:38:34] [FINE   ] Lavador pegou o prato #675 (Sujeira: MEDIO) 
[21:38:34] [FINE   ] Enxugador pegou o prato #665 do escorredor. 
[21:38:34] [FINE   ] Enxugador terminou de secar o prato #665 em 3ms. 
[21:38:34] [FINE   ] Enxugador pegou o prato #666 do escorredor. 
[21:38:34] [FINE   ] Lavador terminou de lavar o prato #675 
[21:38:34] [FINE   ] Lavador colocou o prato #675 no escorredor. 
[21:38:34] [FINE   ] Lavador pegou o prato #676 (Sujeira: ENGORDURADO) 
[21:38:34] [FINE   ] Enxugador terminou de secar o prato #666 em 9ms. 
[21:38:34] [FINE   ] Enxugador pegou o prato #667 do escorredor. 
[21:38:34] [FINE   ] Enxugador terminou de secar o prato #667 em 3ms. 
[21:38:34] [FINE   ] Lavador terminou de lavar o prato #676 
[21:38:34] [FINE   ] Enxugador pegou o prato #668 do escorredor. 
[21:38:34] [FINE   ] Lavador colocou o prato #676 no escorredor. 
[21:38:34] [FINE   ] Lavador pegou o prato #677 (Sujeira: BAIXO) 
[21:38:34] [FINE   ] Enxugador terminou de secar o prato #668 em 3ms. 
[21:38:34] [FINE   ] Enxugador pegou o prato #669 do escorredor. 
[21:38:34] [FINE   ] Lavador terminou de lavar o prato #677 
[21:38:34] [FINE   ] Lavador colocou o prato #677 no escorredor. 
[21:38:34] [FINE   ] Lavador pegou o prato #678 (Sujeira: MEDIO) 
[21:38:34] [FINE   ] Lavador terminou de lavar o prato #678 
[21:38:34] [FINE   ] Lavador colocou o prato #678 no escorredor. 
[21:38:34] [FINE   ] Lavador pegou o prato #679 (Sujeira: MEDIO) 
[21:38:34] [FINE   ] Enxugador terminou de secar o prato #669 em 10ms. 
[21:38:34] [FINE   ] Enxugador pegou o prato #670 do escorredor. 
[21:38:34] [FINE   ] Lavador terminou de lavar o prato #679 
[21:38:34] [FINE   ] Lavador colocou o prato #679 no escorredor. 
[21:38:34] [FINE   ] Lavador pegou o prato #680 (Sujeira: BAIXO) 
[21:38:34] [FINE   ] Lavador terminou de lavar o prato #680 
[21:38:34] [FINE   ] Enxugador terminou de secar o prato #670 em 6ms. 
[21:38:34] [FINE   ] Escorredor CHEIO! Quantidade de pratos: 10 
[21:38:34] [FINE   ] Lavador colocou o prato #680 no escorredor. 
[21:38:34] [FINE   ] Enxugador pegou o prato #671 do escorredor. 
[21:38:34] [FINE   ] Lavador pegou o prato #681 (Sujeira: MEDIO) 
[21:38:34] [FINE   ] Lavador terminou de lavar o prato #681 
[21:38:34] [FINE   ] Escorredor CHEIO! Quantidade de pratos: 10 
[21:38:34] [FINE   ] Lavador colocou o prato #681 no escorredor. 
[21:38:34] [FINE   ] Lavador pegou o prato #682 (Sujeira: BAIXO) 
[21:38:34] [FINE   ] Enxugador terminou de secar o prato #671 em 6ms. 
[21:38:34] [FINE   ] Enxugador pegou o prato #672 do escorredor. 
[21:38:34] [FINE   ] Lavador terminou de lavar o prato #682 
[21:38:34] [FINE   ] Escorredor CHEIO! Quantidade de pratos: 10 
[21:38:34] [FINE   ] Lavador colocou o prato #682 no escorredor. 
[21:38:34] [FINE   ] Lavador pegou o prato #683 (Sujeira: MEDIO) 
[21:38:34] [FINE   ] Lavador terminou de lavar o prato #683 
[21:38:34] [FINE   ] Enxugador terminou de secar o prato #672 em 9ms. 
[21:38:34] [FINE   ] Enxugador pegou o prato #673 do escorredor. 
[21:38:34] [FINE   ] Escorredor CHEIO! Quantidade de pratos: 10 
[21:38:34] [FINE   ] Lavador colocou o prato #683 no escorredor. 
[21:38:34] [FINE   ] Lavador pegou o prato #684 (Sujeira: MEDIO) 
[21:38:34] [FINE   ] Enxugador terminou de secar o prato #673 em 5ms. 
[21:38:34] [FINE   ] Enxugador pegou o prato #674 do escorredor. 
[21:38:34] [FINE   ] Lavador terminou de lavar o prato #684 
[21:38:34] [FINE   ] Escorredor CHEIO! Quantidade de pratos: 10 
[21:38:34] [FINE   ] Lavador colocou o prato #684 no escorredor. 
[21:38:34] [FINE   ] Lavador pegou o prato #685 (Sujeira: BAIXO) 
[21:38:34] [FINE   ] Enxugador terminou de secar o prato #674 em 4ms. 
[21:38:34] [FINE   ] Enxugador pegou o prato #675 do escorredor. 
[21:38:34] [FINE   ] Lavador terminou de lavar o prato #685 
[21:38:34] [FINE   ] Escorredor CHEIO! Quantidade de pratos: 10 
[21:38:34] [FINE   ] Lavador colocou o prato #685 no escorredor. 
[21:38:34] [FINE   ] Lavador pegou o prato #686 (Sujeira: BAIXO) 
[21:38:34] [FINE   ] Lavador terminou de lavar o prato #686 
[21:38:34] [FINE   ] Enxugador terminou de secar o prato #675 em 7ms. 
[21:38:34] [FINE   ] Enxugador pegou o prato #676 do escorredor. 
[21:38:34] [FINE   ] Escorredor CHEIO! Quantidade de pratos: 10 
[21:38:34] [FINE   ] Lavador colocou o prato #686 no escorredor. 
[21:38:34] [FINE   ] Lavador pegou o prato #687 (Sujeira: MEDIO) 
[21:38:34] [FINE   ] Enxugador terminou de secar o prato #676 em 5ms. 
[21:38:34] [FINE   ] Lavador terminou de lavar o prato #687 
[21:38:34] [FINE   ] Enxugador pegou o prato #677 do escorredor. 
[21:38:34] [FINE   ] Escorredor CHEIO! Quantidade de pratos: 10 
[21:38:34] [FINE   ] Lavador colocou o prato #687 no escorredor. 
[21:38:34] [FINE   ] Lavador pegou o prato #688 (Sujeira: MEDIO) 
[21:38:34] [FINE   ] Lavador terminou de lavar o prato #688 
[21:38:34] [FINE   ] Enxugador terminou de secar o prato #677 em 8ms. 
[21:38:34] [FINE   ] Enxugador pegou o prato #678 do escorredor. 
[21:38:34] [FINE   ] Escorredor CHEIO! Quantidade de pratos: 10 
[21:38:34] [FINE   ] Lavador colocou o prato #688 no escorredor. 
[21:38:34] [FINE   ] Lavador pegou o prato #689 (Sujeira: MEDIO) 
[21:38:34] [FINE   ] Lavador terminou de lavar o prato #689 
[21:38:34] [FINE   ] Enxugador terminou de secar o prato #678 em 6ms. 
[21:38:34] [FINE   ] Enxugador pegou o prato #679 do escorredor. 
[21:38:34] [FINE   ] Escorredor CHEIO! Quantidade de pratos: 10 
[21:38:34] [FINE   ] Lavador colocou o prato #689 no escorredor. 
[21:38:34] [FINE   ] Lavador pegou o prato #690 (Sujeira: MEDIO) 
[21:38:34] [FINE   ] Lavador terminou de lavar o prato #690 
[21:38:34] [FINE   ] Enxugador terminou de secar o prato #679 em 5ms. 
[21:38:34] [FINE   ] Enxugador pegou o prato #680 do escorredor. 
[21:38:34] [FINE   ] Escorredor CHEIO! Quantidade de pratos: 10 
[21:38:34] [FINE   ] Lavador colocou o prato #690 no escorredor. 
[21:38:34] [FINE   ] Lavador pegou o prato #691 (Sujeira: MEDIO) 
[21:38:34] [FINE   ] Lavador terminou de lavar o prato #691 
[21:38:34] [FINE   ] Enxugador terminou de secar o prato #680 em 6ms. 
[21:38:34] [FINE   ] Enxugador pegou o prato #681 do escorredor. 
[21:38:34] [FINE   ] Escorredor CHEIO! Quantidade de pratos: 10 
[21:38:34] [FINE   ] Lavador colocou o prato #691 no escorredor. 
[21:38:34] [FINE   ] Lavador pegou o prato #692 (Sujeira: MEDIO) 
[21:38:34] [FINE   ] Lavador terminou de lavar o prato #692 
[21:38:34] [FINE   ] Enxugador terminou de secar o prato #681 em 5ms. 
[21:38:34] [FINE   ] Enxugador pegou o prato #682 do escorredor. 
[21:38:34] [FINE   ] Escorredor CHEIO! Quantidade de pratos: 10 
[21:38:34] [FINE   ] Lavador colocou o prato #692 no escorredor. 
[21:38:34] [FINE   ] Lavador pegou o prato #693 (Sujeira: BAIXO) 
[21:38:34] [FINE   ] Lavador terminou de lavar o prato #693 
[21:38:34] [FINE   ] Enxugador terminou de secar o prato #682 em 8ms. 
[21:38:34] [FINE   ] Enxugador pegou o prato #683 do escorredor. 
[21:38:34] [FINE   ] Escorredor CHEIO! Quantidade de pratos: 10 
[21:38:34] [FINE   ] Lavador colocou o prato #693 no escorredor. 
[21:38:34] [FINE   ] Lavador pegou o prato #694 (Sujeira: MEDIO) 
[21:38:34] [FINE   ] Lavador terminou de lavar o prato #694 
[21:38:34] [FINE   ] Enxugador terminou de secar o prato #683 em 8ms. 
[21:38:34] [FINE   ] Enxugador pegou o prato #684 do escorredor. 
[21:38:34] [FINE   ] Escorredor CHEIO! Quantidade de pratos: 10 
[21:38:34] [FINE   ] Lavador colocou o prato #694 no escorredor. 
[21:38:34] [FINE   ] Lavador pegou o prato #695 (Sujeira: MEDIO) 
[21:38:34] [FINE   ] Lavador terminou de lavar o prato #695 
[21:38:34] [FINE   ] Enxugador terminou de secar o prato #684 em 9ms. 
[21:38:34] [FINE   ] Enxugador pegou o prato #685 do escorredor. 
[21:38:34] [FINE   ] Escorredor CHEIO! Quantidade de pratos: 10 
[21:38:34] [FINE   ] Lavador colocou o prato #695 no escorredor. 
[21:38:34] [FINE   ] Lavador pegou o prato #696 (Sujeira: BAIXO) 
[21:38:34] [FINE   ] Lavador terminou de lavar o prato #696 
[21:38:34] [FINE   ] Enxugador terminou de secar o prato #685 em 6ms. 
[21:38:34] [FINE   ] Enxugador pegou o prato #686 do escorredor. 
[21:38:34] [FINE   ] Escorredor CHEIO! Quantidade de pratos: 10 
[21:38:34] [FINE   ] Lavador colocou o prato #696 no escorredor. 
[21:38:34] [FINE   ] Lavador pegou o prato #697 (Sujeira: MEDIO) 
[21:38:34] [FINE   ] Lavador terminou de lavar o prato #697 
[21:38:34] [FINE   ] Enxugador terminou de secar o prato #686 em 9ms. 
[21:38:34] [FINE   ] Enxugador pegou o prato #687 do escorredor. 
[21:38:34] [FINE   ] Escorredor CHEIO! Quantidade de pratos: 10 
[21:38:34] [FINE   ] Lavador colocou o prato #697 no escorredor. 
[21:38:34] [FINE   ] Lavador pegou o prato #698 (Sujeira: MEDIO) 
[21:38:34] [FINE   ] Enxugador terminou de secar o prato #687 em 4ms. 
[21:38:34] [FINE   ] Enxugador pegou o prato #688 do escorredor. 
[21:38:34] [FINE   ] Lavador terminou de lavar o prato #698 
[21:38:34] [FINE   ] Escorredor CHEIO! Quantidade de pratos: 10 
[21:38:34] [FINE   ] Lavador colocou o prato #698 no escorredor. 
[21:38:34] [FINE   ] Lavador pegou o prato #699 (Sujeira: BAIXO) 
[21:38:34] [FINE   ] Lavador terminou de lavar o prato #699 
[21:38:34] [FINE   ] Enxugador terminou de secar o prato #688 em 8ms. 
[21:38:34] [FINE   ] Enxugador pegou o prato #689 do escorredor. 
[21:38:34] [FINE   ] Escorredor CHEIO! Quantidade de pratos: 10 
[21:38:34] [FINE   ] Lavador colocou o prato #699 no escorredor. 
[21:38:34] [FINE   ] Lavador pegou o prato #700 (Sujeira: MEDIO) 
[21:38:34] [FINE   ] Lavador terminou de lavar o prato #700 
[21:38:34] [FINE   ] Enxugador terminou de secar o prato #689 em 6ms. 
[21:38:34] [FINE   ] Enxugador pegou o prato #690 do escorredor. 
[21:38:34] [FINE   ] Escorredor CHEIO! Quantidade de pratos: 10 
[21:38:34] [FINE   ] Lavador colocou o prato #700 no escorredor. 
[21:38:34] [FINE   ] Lavador pegou o prato #701 (Sujeira: MEDIO) 
[21:38:34] [FINE   ] Enxugador terminou de secar o prato #690 em 5ms. 
[21:38:34] [FINE   ] Enxugador pegou o prato #691 do escorredor. 
[21:38:34] [FINE   ] Lavador terminou de lavar o prato #701 
[21:38:34] [FINE   ] Escorredor CHEIO! Quantidade de pratos: 10 
[21:38:34] [FINE   ] Lavador colocou o prato #701 no escorredor. 
[21:38:34] [FINE   ] Lavador pegou o prato #702 (Sujeira: MEDIO) 
[21:38:34] [FINE   ] Enxugador terminou de secar o prato #691 em 5ms. 
[21:38:34] [FINE   ] Enxugador pegou o prato #692 do escorredor. 
[21:38:34] [FINE   ] Lavador terminou de lavar o prato #702 
[21:38:34] [FINE   ] Escorredor CHEIO! Quantidade de pratos: 10 
[21:38:34] [FINE   ] Lavador colocou o prato #702 no escorredor. 
[21:38:34] [FINE   ] Lavador pegou o prato #703 (Sujeira: MEDIO) 
[21:38:34] [FINE   ] Enxugador terminou de secar o prato #692 em 5ms. 
[21:38:34] [FINE   ] Enxugador pegou o prato #693 do escorredor. 
[21:38:34] [FINE   ] Lavador terminou de lavar o prato #703 
[21:38:34] [FINE   ] Escorredor CHEIO! Quantidade de pratos: 10 
[21:38:34] [FINE   ] Lavador colocou o prato #703 no escorredor. 
[21:38:34] [FINE   ] Lavador pegou o prato #704 (Sujeira: ENGORDURADO) 
[21:38:34] [FINE   ] Enxugador terminou de secar o prato #693 em 6ms. 
[21:38:34] [FINE   ] Enxugador pegou o prato #694 do escorredor. 
[21:38:34] [FINE   ] Enxugador terminou de secar o prato #694 em 4ms. 
[21:38:34] [FINE   ] Enxugador pegou o prato #695 do escorredor. 
[21:38:34] [FINE   ] Lavador terminou de lavar o prato #704 
[21:38:34] [FINE   ] Lavador colocou o prato #704 no escorredor. 
[21:38:34] [FINE   ] Lavador pegou o prato #705 (Sujeira: ENGORDURADO) 
[21:38:34] [FINE   ] Enxugador terminou de secar o prato #695 em 9ms. 
[21:38:34] [FINE   ] Enxugador pegou o prato #696 do escorredor. 
[21:38:34] [FINE   ] Lavador terminou de lavar o prato #705 
[21:38:34] [FINE   ] Lavador colocou o prato #705 no escorredor. 
[21:38:34] [FINE   ] Lavador pegou o prato #706 (Sujeira: BAIXO) 
[21:38:34] [FINE   ] Lavador terminou de lavar o prato #706 
[21:38:34] [FINE   ] Escorredor CHEIO! Quantidade de pratos: 10 
[21:38:34] [FINE   ] Lavador colocou o prato #706 no escorredor. 
[21:38:34] [FINE   ] Lavador pegou o prato #707 (Sujeira: BAIXO) 
[21:38:34] [FINE   ] Enxugador terminou de secar o prato #696 em 6ms. 
[21:38:34] [FINE   ] Enxugador pegou o prato #697 do escorredor. 
[21:38:34] [FINE   ] Lavador terminou de lavar o prato #707 
[21:38:34] [FINE   ] Escorredor CHEIO! Quantidade de pratos: 10 
[21:38:34] [FINE   ] Lavador colocou o prato #707 no escorredor. 
[21:38:34] [FINE   ] Lavador pegou o prato #708 (Sujeira: BAIXO) 
[21:38:34] [FINE   ] Lavador terminou de lavar o prato #708 
[21:38:34] [FINE   ] Enxugador terminou de secar o prato #697 em 9ms. 
[21:38:34] [FINE   ] Enxugador pegou o prato #698 do escorredor. 
[21:38:34] [FINE   ] Escorredor CHEIO! Quantidade de pratos: 10 
[21:38:34] [FINE   ] Lavador colocou o prato #708 no escorredor. 
[21:38:34] [FINE   ] Lavador pegou o prato #709 (Sujeira: MEDIO) 
[21:38:34] [FINE   ] Lavador terminou de lavar o prato #709 
[21:38:34] [FINE   ] Enxugador terminou de secar o prato #698 em 6ms. 
[21:38:34] [FINE   ] Enxugador pegou o prato #699 do escorredor. 
[21:38:34] [FINE   ] Escorredor CHEIO! Quantidade de pratos: 10 
[21:38:34] [FINE   ] Lavador colocou o prato #709 no escorredor. 
[21:38:34] [FINE   ] Lavador pegou o prato #710 (Sujeira: MEDIO) 
[21:38:34] [FINE   ] Lavador terminou de lavar o prato #710 
[21:38:34] [FINE   ] Enxugador terminou de secar o prato #699 em 6ms. 
[21:38:34] [FINE   ] Enxugador pegou o prato #700 do escorredor. 
[21:38:34] [FINE   ] Escorredor CHEIO! Quantidade de pratos: 10 
[21:38:34] [FINE   ] Lavador colocou o prato #710 no escorredor. 
[21:38:34] [FINE   ] Lavador pegou o prato #711 (Sujeira: BAIXO) 
[21:38:34] [FINE   ] Lavador terminou de lavar o prato #711 
[21:38:34] [FINE   ] Enxugador terminou de secar o prato #700 em 9ms. 
[21:38:34] [FINE   ] Enxugador pegou o prato #701 do escorredor. 
[21:38:34] [FINE   ] Escorredor CHEIO! Quantidade de pratos: 10 
[21:38:34] [FINE   ] Lavador colocou o prato #711 no escorredor. 
[21:38:34] [FINE   ] Lavador pegou o prato #712 (Sujeira: BAIXO) 
[21:38:34] [FINE   ] Lavador terminou de lavar o prato #712 
[21:38:34] [FINE   ] Enxugador terminou de secar o prato #701 em 6ms. 
[21:38:34] [FINE   ] Enxugador pegou o prato #702 do escorredor. 
[21:38:34] [FINE   ] Escorredor CHEIO! Quantidade de pratos: 10 
[21:38:34] [FINE   ] Lavador colocou o prato #712 no escorredor. 
[21:38:34] [FINE   ] Lavador pegou o prato #713 (Sujeira: MEDIO) 
[21:38:34] [FINE   ] Enxugador terminou de secar o prato #702 em 3ms. 
[21:38:34] [FINE   ] Enxugador pegou o prato #703 do escorredor. 
[21:38:34] [FINE   ] Lavador terminou de lavar o prato #713 
[21:38:34] [FINE   ] Enxugador terminou de secar o prato #703 em 4ms. 
[21:38:34] [FINE   ] Escorredor CHEIO! Quantidade de pratos: 10 
[21:38:34] [FINE   ] Lavador colocou o prato #713 no escorredor. 
[21:38:34] [FINE   ] Enxugador pegou o prato #704 do escorredor. 
[21:38:34] [FINE   ] Lavador pegou o prato #714 (Sujeira: BAIXO) 
[21:38:34] [FINE   ] Lavador terminou de lavar o prato #714 
[21:38:34] [FINE   ] Escorredor CHEIO! Quantidade de pratos: 10 
[21:38:34] [FINE   ] Lavador colocou o prato #714 no escorredor. 
[21:38:34] [FINE   ] Lavador pegou o prato #715 (Sujeira: BAIXO) 
[21:38:34] [FINE   ] Lavador terminou de lavar o prato #715 
[21:38:34] [FINE   ] Enxugador terminou de secar o prato #704 em 7ms. 
[21:38:34] [FINE   ] Enxugador pegou o prato #705 do escorredor. 
[21:38:34] [FINE   ] Escorredor CHEIO! Quantidade de pratos: 10 
[21:38:34] [FINE   ] Lavador colocou o prato #715 no escorredor. 
[21:38:34] [FINE   ] Lavador pegou o prato #716 (Sujeira: MEDIO) 
[21:38:34] [FINE   ] Lavador terminou de lavar o prato #716 
[21:38:34] [FINE   ] Enxugador terminou de secar o prato #705 em 8ms. 
[21:38:34] [FINE   ] Enxugador pegou o prato #706 do escorredor. 
[21:38:34] [FINE   ] Escorredor CHEIO! Quantidade de pratos: 10 
[21:38:34] [FINE   ] Lavador colocou o prato #716 no escorredor. 
[21:38:34] [FINE   ] Lavador pegou o prato #717 (Sujeira: BAIXO) 
[21:38:34] [FINE   ] Lavador terminou de lavar o prato #717 
[21:38:34] [FINE   ] Enxugador terminou de secar o prato #706 em 7ms. 
[21:38:34] [FINE   ] Enxugador pegou o prato #707 do escorredor. 
[21:38:34] [FINE   ] Escorredor CHEIO! Quantidade de pratos: 10 
[21:38:34] [FINE   ] Lavador colocou o prato #717 no escorredor. 
[21:38:34] [FINE   ] Lavador pegou o prato #718 (Sujeira: MEDIO) 
[21:38:34] [FINE   ] Lavador terminou de lavar o prato #718 
[21:38:34] [FINE   ] Enxugador terminou de secar o prato #707 em 5ms. 
[21:38:34] [FINE   ] Enxugador pegou o prato #708 do escorredor. 
[21:38:34] [FINE   ] Escorredor CHEIO! Quantidade de pratos: 10 
[21:38:34] [FINE   ] Lavador colocou o prato #718 no escorredor. 
[21:38:34] [FINE   ] Lavador pegou o prato #719 (Sujeira: MEDIO) 
[21:38:34] [FINE   ] Enxugador terminou de secar o prato #708 em 4ms. 
[21:38:34] [FINE   ] Enxugador pegou o prato #709 do escorredor. 
[21:38:34] [FINE   ] Lavador terminou de lavar o prato #719 
[21:38:34] [FINE   ] Escorredor CHEIO! Quantidade de pratos: 10 
[21:38:34] [FINE   ] Lavador colocou o prato #719 no escorredor. 
[21:38:34] [FINE   ] Lavador pegou o prato #720 (Sujeira: MEDIO) 
[21:38:34] [FINE   ] Lavador terminou de lavar o prato #720 
[21:38:34] [FINE   ] Enxugador terminou de secar o prato #709 em 6ms. 
[21:38:34] [FINE   ] Enxugador pegou o prato #710 do escorredor. 
[21:38:34] [FINE   ] Escorredor CHEIO! Quantidade de pratos: 10 
[21:38:34] [FINE   ] Lavador colocou o prato #720 no escorredor. 
[21:38:34] [FINE   ] Lavador pegou o prato #721 (Sujeira: BAIXO) 
[21:38:34] [FINE   ] Lavador terminou de lavar o prato #721 
[21:38:34] [FINE   ] Enxugador terminou de secar o prato #710 em 9ms. 
[21:38:34] [FINE   ] Enxugador pegou o prato #711 do escorredor. 
[21:38:34] [FINE   ] Escorredor CHEIO! Quantidade de pratos: 10 
[21:38:34] [FINE   ] Lavador colocou o prato #721 no escorredor. 
[21:38:34] [FINE   ] Lavador pegou o prato #722 (Sujeira: MEDIO) 
[21:38:34] [FINE   ] Enxugador terminou de secar o prato #711 em 3ms. 
[21:38:34] [FINE   ] Enxugador pegou o prato #712 do escorredor. 
[21:38:34] [FINE   ] Lavador terminou de lavar o prato #722 
[21:38:34] [FINE   ] Escorredor CHEIO! Quantidade de pratos: 10 
[21:38:34] [FINE   ] Lavador colocou o prato #722 no escorredor. 
[21:38:34] [FINE   ] Lavador pegou o prato #723 (Sujeira: MEDIO) 
[21:38:34] [FINE   ] Enxugador terminou de secar o prato #712 em 3ms. 
[21:38:34] [FINE   ] Enxugador pegou o prato #713 do escorredor. 
[21:38:34] [FINE   ] Lavador terminou de lavar o prato #723 
[21:38:34] [FINE   ] Escorredor CHEIO! Quantidade de pratos: 10 
[21:38:34] [FINE   ] Lavador colocou o prato #723 no escorredor. 
[21:38:34] [FINE   ] Lavador pegou o prato #724 (Sujeira: BAIXO) 
[21:38:34] [FINE   ] Enxugador terminou de secar o prato #713 em 5ms. 
[21:38:34] [FINE   ] Enxugador pegou o prato #714 do escorredor. 
[21:38:34] [FINE   ] Lavador terminou de lavar o prato #724 
[21:38:34] [FINE   ] Escorredor CHEIO! Quantidade de pratos: 10 
[21:38:34] [FINE   ] Lavador colocou o prato #724 no escorredor. 
[21:38:34] [FINE   ] Lavador pegou o prato #725 (Sujeira: BAIXO) 
[21:38:34] [FINE   ] Lavador terminou de lavar o prato #725 
[21:38:34] [FINE   ] Enxugador terminou de secar o prato #714 em 6ms. 
[21:38:34] [FINE   ] Escorredor CHEIO! Quantidade de pratos: 10 
[21:38:34] [FINE   ] Enxugador pegou o prato #715 do escorredor. 
[21:38:34] [FINE   ] Lavador colocou o prato #725 no escorredor. 
[21:38:34] [FINE   ] Lavador pegou o prato #726 (Sujeira: BAIXO) 
[21:38:34] [FINE   ] Lavador terminou de lavar o prato #726 
[21:38:34] [FINE   ] Enxugador terminou de secar o prato #715 em 7ms. 
[21:38:34] [FINE   ] Enxugador pegou o prato #716 do escorredor. 
[21:38:34] [FINE   ] Escorredor CHEIO! Quantidade de pratos: 10 
[21:38:34] [FINE   ] Lavador colocou o prato #726 no escorredor. 
[21:38:34] [FINE   ] Lavador pegou o prato #727 (Sujeira: BAIXO) 
[21:38:34] [FINE   ] Lavador terminou de lavar o prato #727 
[21:38:34] [FINE   ] Enxugador terminou de secar o prato #716 em 8ms. 
[21:38:34] [FINE   ] Enxugador pegou o prato #717 do escorredor. 
[21:38:34] [FINE   ] Escorredor CHEIO! Quantidade de pratos: 10 
[21:38:34] [FINE   ] Lavador colocou o prato #727 no escorredor. 
[21:38:34] [FINE   ] Lavador pegou o prato #728 (Sujeira: MEDIO) 
[21:38:34] [FINE   ] Enxugador terminou de secar o prato #717 em 4ms. 
[21:38:34] [FINE   ] Enxugador pegou o prato #718 do escorredor. 
[21:38:34] [FINE   ] Lavador terminou de lavar o prato #728 
[21:38:34] [FINE   ] Escorredor CHEIO! Quantidade de pratos: 10 
[21:38:34] [FINE   ] Lavador colocou o prato #728 no escorredor. 
[21:38:34] [FINE   ] Lavador pegou o prato #729 (Sujeira: MEDIO) 
[21:38:34] [FINE   ] Lavador terminou de lavar o prato #729 
[21:38:34] [FINE   ] Enxugador terminou de secar o prato #718 em 9ms. 
[21:38:34] [FINE   ] Enxugador pegou o prato #719 do escorredor. 
[21:38:34] [FINE   ] Escorredor CHEIO! Quantidade de pratos: 10 
[21:38:34] [FINE   ] Lavador colocou o prato #729 no escorredor. 
[21:38:34] [FINE   ] Lavador pegou o prato #730 (Sujeira: MEDIO) 
[21:38:34] [FINE   ] Lavador terminou de lavar o prato #730 
[21:38:34] [FINE   ] Enxugador terminou de secar o prato #719 em 8ms. 
[21:38:34] [FINE   ] Enxugador pegou o prato #720 do escorredor. 
[21:38:34] [FINE   ] Escorredor CHEIO! Quantidade de pratos: 10 
[21:38:34] [FINE   ] Lavador colocou o prato #730 no escorredor. 
[21:38:34] [FINE   ] Lavador pegou o prato #731 (Sujeira: MEDIO) 
[21:38:34] [FINE   ] Lavador terminou de lavar o prato #731 
[21:38:34] [FINE   ] Enxugador terminou de secar o prato #720 em 7ms. 
[21:38:34] [FINE   ] Enxugador pegou o prato #721 do escorredor. 
[21:38:34] [FINE   ] Escorredor CHEIO! Quantidade de pratos: 10 
[21:38:34] [FINE   ] Lavador colocou o prato #731 no escorredor. 
[21:38:34] [FINE   ] Lavador pegou o prato #732 (Sujeira: BAIXO) 
[21:38:34] [FINE   ] Lavador terminou de lavar o prato #732 
[21:38:34] [FINE   ] Enxugador terminou de secar o prato #721 em 7ms. 
[21:38:34] [FINE   ] Enxugador pegou o prato #722 do escorredor. 
[21:38:34] [FINE   ] Escorredor CHEIO! Quantidade de pratos: 10 
[21:38:34] [FINE   ] Lavador colocou o prato #732 no escorredor. 
[21:38:34] [FINE   ] Lavador pegou o prato #733 (Sujeira: MEDIO) 
[21:38:34] [FINE   ] Lavador terminou de lavar o prato #733 
[21:38:34] [FINE   ] Enxugador terminou de secar o prato #722 em 7ms. 
[21:38:34] [FINE   ] Enxugador pegou o prato #723 do escorredor. 
[21:38:34] [FINE   ] Escorredor CHEIO! Quantidade de pratos: 10 
[21:38:34] [FINE   ] Lavador colocou o prato #733 no escorredor. 
[21:38:34] [FINE   ] Lavador pegou o prato #734 (Sujeira: BAIXO) 
[21:38:34] [FINE   ] Lavador terminou de lavar o prato #734 
[21:38:34] [FINE   ] Enxugador terminou de secar o prato #723 em 8ms. 
[21:38:34] [FINE   ] Enxugador pegou o prato #724 do escorredor. 
[21:38:34] [FINE   ] Escorredor CHEIO! Quantidade de pratos: 10 
[21:38:34] [FINE   ] Lavador colocou o prato #734 no escorredor. 
[21:38:34] [FINE   ] Lavador pegou o prato #735 (Sujeira: BAIXO) 
[21:38:34] [FINE   ] Lavador terminou de lavar o prato #735 
[21:38:34] [FINE   ] Enxugador terminou de secar o prato #724 em 8ms. 
[21:38:34] [FINE   ] Enxugador pegou o prato #725 do escorredor. 
[21:38:34] [FINE   ] Escorredor CHEIO! Quantidade de pratos: 10 
[21:38:34] [FINE   ] Lavador colocou o prato #735 no escorredor. 
[21:38:34] [FINE   ] Lavador pegou o prato #736 (Sujeira: ENGORDURADO) 
[21:38:34] [FINE   ] Enxugador terminou de secar o prato #725 em 3ms. 
[21:38:34] [FINE   ] Enxugador pegou o prato #726 do escorredor. 
[21:38:34] [FINE   ] Lavador terminou de lavar o prato #736 
[21:38:34] [FINE   ] Escorredor CHEIO! Quantidade de pratos: 10 
[21:38:34] [FINE   ] Lavador colocou o prato #736 no escorredor. 
[21:38:34] [FINE   ] Lavador pegou o prato #737 (Sujeira: MEDIO) 
[21:38:34] [FINE   ] Enxugador terminou de secar o prato #726 em 6ms. 
[21:38:34] [FINE   ] Enxugador pegou o prato #727 do escorredor. 
[21:38:34] [FINE   ] Lavador terminou de lavar o prato #737 
[21:38:34] [FINE   ] Escorredor CHEIO! Quantidade de pratos: 10 
[21:38:34] [FINE   ] Lavador colocou o prato #737 no escorredor. 
[21:38:34] [FINE   ] Lavador pegou o prato #738 (Sujeira: MEDIO) 
[21:38:34] [FINE   ] Enxugador terminou de secar o prato #727 em 8ms. 
[21:38:34] [FINE   ] Enxugador pegou o prato #728 do escorredor. 
[21:38:34] [FINE   ] Lavador terminou de lavar o prato #738 
[21:38:34] [FINE   ] Escorredor CHEIO! Quantidade de pratos: 10 
[21:38:34] [FINE   ] Lavador colocou o prato #738 no escorredor. 
[21:38:34] [FINE   ] Lavador pegou o prato #739 (Sujeira: MEDIO) 
[21:38:34] [FINE   ] Lavador terminou de lavar o prato #739 
[21:38:34] [FINE   ] Enxugador terminou de secar o prato #728 em 9ms. 
[21:38:34] [FINE   ] Enxugador pegou o prato #729 do escorredor. 
[21:38:34] [FINE   ] Escorredor CHEIO! Quantidade de pratos: 10 
[21:38:34] [FINE   ] Lavador colocou o prato #739 no escorredor. 
[21:38:34] [FINE   ] Lavador pegou o prato #740 (Sujeira: BAIXO) 
[21:38:34] [FINE   ] Lavador terminou de lavar o prato #740 
[21:38:34] [FINE   ] Enxugador terminou de secar o prato #729 em 10ms. 
[21:38:34] [FINE   ] Enxugador pegou o prato #730 do escorredor. 
[21:38:34] [FINE   ] Escorredor CHEIO! Quantidade de pratos: 10 
[21:38:34] [FINE   ] Lavador colocou o prato #740 no escorredor. 
[21:38:34] [FINE   ] Lavador pegou o prato #741 (Sujeira: MEDIO) 
[21:38:34] [FINE   ] Enxugador terminou de secar o prato #730 em 3ms. 
[21:38:34] [FINE   ] Enxugador pegou o prato #731 do escorredor. 
[21:38:34] [FINE   ] Lavador terminou de lavar o prato #741 
[21:38:34] [FINE   ] Escorredor CHEIO! Quantidade de pratos: 10 
[21:38:34] [FINE   ] Lavador colocou o prato #741 no escorredor. 
[21:38:34] [FINE   ] Lavador pegou o prato #742 (Sujeira: ENGORDURADO) 
[21:38:34] [FINE   ] Enxugador terminou de secar o prato #731 em 6ms. 
[21:38:34] [FINE   ] Enxugador pegou o prato #732 do escorredor. 
[21:38:34] [FINE   ] Lavador terminou de lavar o prato #742 
[21:38:34] [FINE   ] Escorredor CHEIO! Quantidade de pratos: 10 
[21:38:34] [FINE   ] Lavador colocou o prato #742 no escorredor. 
[21:38:34] [FINE   ] Lavador pegou o prato #743 (Sujeira: BAIXO) 
[21:38:34] [FINE   ] Enxugador terminou de secar o prato #732 em 7ms. 
[21:38:34] [FINE   ] Enxugador pegou o prato #733 do escorredor. 
[21:38:34] [FINE   ] Lavador terminou de lavar o prato #743 
[21:38:34] [FINE   ] Escorredor CHEIO! Quantidade de pratos: 10 
[21:38:34] [FINE   ] Lavador colocou o prato #743 no escorredor. 
[21:38:34] [FINE   ] Lavador pegou o prato #744 (Sujeira: MEDIO) 
[21:38:34] [FINE   ] Lavador terminou de lavar o prato #744 
[21:38:34] [FINE   ] Enxugador terminou de secar o prato #733 em 10ms. 
[21:38:34] [FINE   ] Enxugador pegou o prato #734 do escorredor. 
[21:38:34] [FINE   ] Escorredor CHEIO! Quantidade de pratos: 10 
[21:38:34] [FINE   ] Lavador colocou o prato #744 no escorredor. 
[21:38:34] [FINE   ] Lavador pegou o prato #745 (Sujeira: ENGORDURADO) 
[21:38:34] [FINE   ] Lavador terminou de lavar o prato #745 
[21:38:34] [FINE   ] Enxugador terminou de secar o prato #734 em 9ms. 
[21:38:34] [FINE   ] Enxugador pegou o prato #735 do escorredor. 
[21:38:34] [FINE   ] Escorredor CHEIO! Quantidade de pratos: 10 
[21:38:34] [FINE   ] Lavador colocou o prato #745 no escorredor. 
[21:38:34] [FINE   ] Lavador pegou o prato #746 (Sujeira: MEDIO) 
[21:38:34] [FINE   ] Lavador terminou de lavar o prato #746 
[21:38:34] [FINE   ] Enxugador terminou de secar o prato #735 em 8ms. 
[21:38:34] [FINE   ] Enxugador pegou o prato #736 do escorredor. 
[21:38:34] [FINE   ] Escorredor CHEIO! Quantidade de pratos: 10 
[21:38:34] [FINE   ] Lavador colocou o prato #746 no escorredor. 
[21:38:34] [FINE   ] Lavador pegou o prato #747 (Sujeira: BAIXO) 
[21:38:34] [FINE   ] Lavador terminou de lavar o prato #747 
[21:38:34] [FINE   ] Enxugador terminou de secar o prato #736 em 4ms. 
[21:38:34] [FINE   ] Enxugador pegou o prato #737 do escorredor. 
[21:38:34] [FINE   ] Escorredor CHEIO! Quantidade de pratos: 10 
[21:38:34] [FINE   ] Lavador colocou o prato #747 no escorredor. 
[21:38:34] [FINE   ] Lavador pegou o prato #748 (Sujeira: MEDIO) 
[21:38:34] [FINE   ] Lavador terminou de lavar o prato #748 
[21:38:34] [FINE   ] Enxugador terminou de secar o prato #737 em 8ms. 
[21:38:34] [FINE   ] Enxugador pegou o prato #738 do escorredor. 
[21:38:34] [FINE   ] Escorredor CHEIO! Quantidade de pratos: 10 
[21:38:34] [FINE   ] Lavador colocou o prato #748 no escorredor. 
[21:38:34] [FINE   ] Lavador pegou o prato #749 (Sujeira: ENGORDURADO) 
[21:38:34] [FINE   ] Enxugador terminou de secar o prato #738 em 4ms. 
[21:38:34] [FINE   ] Enxugador pegou o prato #739 do escorredor. 
[21:38:34] [FINE   ] Enxugador terminou de secar o prato #739 em 6ms. 
[21:38:34] [FINE   ] Lavador terminou de lavar o prato #749 
[21:38:34] [FINE   ] Enxugador pegou o prato #740 do escorredor. 
[21:38:34] [FINE   ] Lavador colocou o prato #749 no escorredor. 
[21:38:34] [FINE   ] Lavador pegou o prato #750 (Sujeira: MEDIO) 
[21:38:34] [FINE   ] Lavador terminou de lavar o prato #750 
[21:38:34] [FINE   ] Escorredor CHEIO! Quantidade de pratos: 10 
[21:38:34] [FINE   ] Lavador colocou o prato #750 no escorredor. 
[21:38:34] [FINE   ] Lavador pegou o prato #751 (Sujeira: MEDIO) 
[21:38:34] [FINE   ] Lavador terminou de lavar o prato #751 
[21:38:34] [FINE   ] Enxugador terminou de secar o prato #740 em 10ms. 
[21:38:34] [FINE   ] Enxugador pegou o prato #741 do escorredor. 
[21:38:34] [FINE   ] Escorredor CHEIO! Quantidade de pratos: 10 
[21:38:34] [FINE   ] Lavador colocou o prato #751 no escorredor. 
[21:38:34] [FINE   ] Lavador pegou o prato #752 (Sujeira: MEDIO) 
[21:38:34] [FINE   ] Enxugador terminou de secar o prato #741 em 5ms. 
[21:38:34] [FINE   ] Enxugador pegou o prato #742 do escorredor. 
[21:38:34] [FINE   ] Lavador terminou de lavar o prato #752 
[21:38:34] [FINE   ] Escorredor CHEIO! Quantidade de pratos: 10 
[21:38:34] [FINE   ] Lavador colocou o prato #752 no escorredor. 
[21:38:34] [FINE   ] Lavador pegou o prato #753 (Sujeira: MEDIO) 
[21:38:34] [FINE   ] Enxugador terminou de secar o prato #742 em 6ms. 
[21:38:34] [FINE   ] Enxugador pegou o prato #743 do escorredor. 
[21:38:34] [FINE   ] Lavador terminou de lavar o prato #753 
[21:38:34] [FINE   ] Escorredor CHEIO! Quantidade de pratos: 10 
[21:38:34] [FINE   ] Lavador colocou o prato #753 no escorredor. 
[21:38:34] [FINE   ] Lavador pegou o prato #754 (Sujeira: MEDIO) 
[21:38:34] [FINE   ] Lavador terminou de lavar o prato #754 
[21:38:34] [FINE   ] Enxugador terminou de secar o prato #743 em 10ms. 
[21:38:34] [FINE   ] Enxugador pegou o prato #744 do escorredor. 
[21:38:34] [FINE   ] Escorredor CHEIO! Quantidade de pratos: 10 
[21:38:34] [FINE   ] Lavador colocou o prato #754 no escorredor. 
[21:38:34] [FINE   ] Lavador pegou o prato #755 (Sujeira: BAIXO) 
[21:38:34] [FINE   ] Lavador terminou de lavar o prato #755 
[21:38:34] [FINE   ] Enxugador terminou de secar o prato #744 em 4ms. 
[21:38:34] [FINE   ] Enxugador pegou o prato #745 do escorredor. 
[21:38:34] [FINE   ] Escorredor CHEIO! Quantidade de pratos: 10 
[21:38:34] [FINE   ] Lavador colocou o prato #755 no escorredor. 
[21:38:34] [FINE   ] Lavador pegou o prato #756 (Sujeira: MEDIO) 
[21:38:34] [FINE   ] Lavador terminou de lavar o prato #756 
[21:38:34] [FINE   ] Enxugador terminou de secar o prato #745 em 7ms. 
[21:38:34] [FINE   ] Enxugador pegou o prato #746 do escorredor. 
[21:38:34] [FINE   ] Escorredor CHEIO! Quantidade de pratos: 10 
[21:38:34] [FINE   ] Lavador colocou o prato #756 no escorredor. 
[21:38:34] [FINE   ] Lavador pegou o prato #757 (Sujeira: BAIXO) 
[21:38:34] [FINE   ] Lavador terminou de lavar o prato #757 
[21:38:34] [FINE   ] Enxugador terminou de secar o prato #746 em 3ms. 
[21:38:34] [FINE   ] Enxugador pegou o prato #747 do escorredor. 
[21:38:34] [FINE   ] Escorredor CHEIO! Quantidade de pratos: 10 
[21:38:34] [FINE   ] Lavador colocou o prato #757 no escorredor. 
[21:38:34] [FINE   ] Lavador pegou o prato #758 (Sujeira: BAIXO) 
[21:38:34] [FINE   ] Lavador terminou de lavar o prato #758 
[21:38:34] [FINE   ] Enxugador terminou de secar o prato #747 em 6ms. 
[21:38:34] [FINE   ] Enxugador pegou o prato #748 do escorredor. 
[21:38:34] [FINE   ] Escorredor CHEIO! Quantidade de pratos: 10 
[21:38:34] [FINE   ] Lavador colocou o prato #758 no escorredor. 
[21:38:34] [FINE   ] Lavador pegou o prato #759 (Sujeira: MEDIO) 
[21:38:34] [FINE   ] Lavador terminou de lavar o prato #759 
[21:38:34] [FINE   ] Enxugador terminou de secar o prato #748 em 10ms. 
[21:38:34] [FINE   ] Enxugador pegou o prato #749 do escorredor. 
[21:38:34] [FINE   ] Escorredor CHEIO! Quantidade de pratos: 10 
[21:38:34] [FINE   ] Lavador colocou o prato #759 no escorredor. 
[21:38:34] [FINE   ] Lavador pegou o prato #760 (Sujeira: BAIXO) 
[21:38:34] [FINE   ] Enxugador terminou de secar o prato #749 em 3ms. 
[21:38:34] [FINE   ] Lavador terminou de lavar o prato #760 
[21:38:34] [FINE   ] Enxugador pegou o prato #750 do escorredor. 
[21:38:34] [FINE   ] Escorredor CHEIO! Quantidade de pratos: 10 
[21:38:34] [FINE   ] Lavador colocou o prato #760 no escorredor. 
[21:38:34] [FINE   ] Lavador pegou o prato #761 (Sujeira: BAIXO) 
[21:38:34] [FINE   ] Lavador terminou de lavar o prato #761 
[21:38:34] [FINE   ] Enxugador terminou de secar o prato #750 em 4ms. 
[21:38:34] [FINE   ] Enxugador pegou o prato #751 do escorredor. 
[21:38:34] [FINE   ] Escorredor CHEIO! Quantidade de pratos: 10 
[21:38:34] [FINE   ] Lavador colocou o prato #761 no escorredor. 
[21:38:34] [FINE   ] Lavador pegou o prato #762 (Sujeira: BAIXO) 
[21:38:34] [FINE   ] Lavador terminou de lavar o prato #762 
[21:38:34] [FINE   ] Enxugador terminou de secar o prato #751 em 10ms. 
[21:38:34] [FINE   ] Enxugador pegou o prato #752 do escorredor. 
[21:38:34] [FINE   ] Escorredor CHEIO! Quantidade de pratos: 10 
[21:38:34] [FINE   ] Lavador colocou o prato #762 no escorredor. 
[21:38:34] [FINE   ] Lavador pegou o prato #763 (Sujeira: MEDIO) 
[21:38:34] [FINE   ] Enxugador terminou de secar o prato #752 em 6ms. 
[21:38:34] [FINE   ] Enxugador pegou o prato #753 do escorredor. 
[21:38:34] [FINE   ] Lavador terminou de lavar o prato #763 
[21:38:34] [FINE   ] Escorredor CHEIO! Quantidade de pratos: 10 
[21:38:34] [FINE   ] Lavador colocou o prato #763 no escorredor. 
[21:38:34] [FINE   ] Lavador pegou o prato #764 (Sujeira: MEDIO) 
[21:38:34] [FINE   ] Lavador terminou de lavar o prato #764 
[21:38:34] [FINE   ] Enxugador terminou de secar o prato #753 em 10ms. 
[21:38:34] [FINE   ] Enxugador pegou o prato #754 do escorredor. 
[21:38:34] [FINE   ] Escorredor CHEIO! Quantidade de pratos: 10 
[21:38:34] [FINE   ] Lavador colocou o prato #764 no escorredor. 
[21:38:34] [FINE   ] Lavador pegou o prato #765 (Sujeira: ENGORDURADO) 
[21:38:34] [FINE   ] Enxugador terminou de secar o prato #754 em 9ms. 
[21:38:34] [FINE   ] Enxugador pegou o prato #755 do escorredor. 
[21:38:34] [FINE   ] Lavador terminou de lavar o prato #765 
[21:38:34] [FINE   ] Escorredor CHEIO! Quantidade de pratos: 10 
[21:38:34] [FINE   ] Lavador colocou o prato #765 no escorredor. 
[21:38:34] [FINE   ] Lavador pegou o prato #766 (Sujeira: MEDIO) 
[21:38:34] [FINE   ] Enxugador terminou de secar o prato #755 em 6ms. 
[21:38:34] [FINE   ] Enxugador pegou o prato #756 do escorredor. 
[21:38:34] [FINE   ] Lavador terminou de lavar o prato #766 
[21:38:34] [FINE   ] Escorredor CHEIO! Quantidade de pratos: 10 
[21:38:34] [FINE   ] Lavador colocou o prato #766 no escorredor. 
[21:38:34] [FINE   ] Lavador pegou o prato #767 (Sujeira: BAIXO) 
[21:38:34] [FINE   ] Lavador terminou de lavar o prato #767 
[21:38:34] [FINE   ] Enxugador terminou de secar o prato #756 em 10ms. 
[21:38:34] [FINE   ] Enxugador pegou o prato #757 do escorredor. 
[21:38:34] [FINE   ] Escorredor CHEIO! Quantidade de pratos: 10 
[21:38:34] [FINE   ] Lavador colocou o prato #767 no escorredor. 
[21:38:34] [FINE   ] Lavador pegou o prato #768 (Sujeira: MEDIO) 
[21:38:34] [FINE   ] Lavador terminou de lavar o prato #768 
[21:38:34] [FINE   ] Enxugador terminou de secar o prato #757 em 8ms. 
[21:38:34] [FINE   ] Enxugador pegou o prato #758 do escorredor. 
[21:38:34] [FINE   ] Escorredor CHEIO! Quantidade de pratos: 10 
[21:38:34] [FINE   ] Lavador colocou o prato #768 no escorredor. 
[21:38:34] [FINE   ] Lavador pegou o prato #769 (Sujeira: BAIXO) 
[21:38:34] [FINE   ] Lavador terminou de lavar o prato #769 
[21:38:34] [FINE   ] Enxugador terminou de secar o prato #758 em 8ms. 
[21:38:34] [FINE   ] Enxugador pegou o prato #759 do escorredor. 
[21:38:34] [FINE   ] Escorredor CHEIO! Quantidade de pratos: 10 
[21:38:34] [FINE   ] Lavador colocou o prato #769 no escorredor. 
[21:38:34] [FINE   ] Lavador pegou o prato #770 (Sujeira: MEDIO) 
[21:38:34] [FINE   ] Lavador terminou de lavar o prato #770 
[21:38:34] [FINE   ] Enxugador terminou de secar o prato #759 em 6ms. 
[21:38:34] [FINE   ] Enxugador pegou o prato #760 do escorredor. 
[21:38:34] [FINE   ] Escorredor CHEIO! Quantidade de pratos: 10 
[21:38:34] [FINE   ] Lavador colocou o prato #770 no escorredor. 
[21:38:34] [FINE   ] Lavador pegou o prato #771 (Sujeira: MEDIO) 
[21:38:34] [FINE   ] Lavador terminou de lavar o prato #771 
[21:38:34] [FINE   ] Enxugador terminou de secar o prato #760 em 10ms. 
[21:38:34] [FINE   ] Enxugador pegou o prato #761 do escorredor. 
[21:38:34] [FINE   ] Escorredor CHEIO! Quantidade de pratos: 10 
[21:38:34] [FINE   ] Lavador colocou o prato #771 no escorredor. 
[21:38:34] [FINE   ] Lavador pegou o prato #772 (Sujeira: MEDIO) 
[21:38:34] [FINE   ] Enxugador terminou de secar o prato #761 em 3ms. 
[21:38:34] [FINE   ] Enxugador pegou o prato #762 do escorredor. 
[21:38:34] [FINE   ] Lavador terminou de lavar o prato #772 
[21:38:34] [FINE   ] Escorredor CHEIO! Quantidade de pratos: 10 
[21:38:34] [FINE   ] Lavador colocou o prato #772 no escorredor. 
[21:38:34] [FINE   ] Lavador pegou o prato #773 (Sujeira: BAIXO) 
[21:38:34] [FINE   ] Lavador terminou de lavar o prato #773 
[21:38:35] [FINE   ] Enxugador terminou de secar o prato #762 em 10ms. 
[21:38:35] [FINE   ] Escorredor CHEIO! Quantidade de pratos: 10 
[21:38:35] [FINE   ] Lavador colocou o prato #773 no escorredor. 
[21:38:35] [FINE   ] Lavador pegou o prato #774 (Sujeira: BAIXO) 
[21:38:35] [FINE   ] Enxugador pegou o prato #763 do escorredor. 
[21:38:35] [FINE   ] Lavador terminou de lavar o prato #774 
[21:38:35] [FINE   ] Enxugador terminou de secar o prato #763 em 5ms. 
[21:38:35] [FINE   ] Enxugador pegou o prato #764 do escorredor. 
[21:38:35] [FINE   ] Escorredor CHEIO! Quantidade de pratos: 10 
[21:38:35] [FINE   ] Lavador colocou o prato #774 no escorredor. 
[21:38:35] [FINE   ] Lavador pegou o prato #775 (Sujeira: MEDIO) 
[21:38:35] [FINE   ] Enxugador terminou de secar o prato #764 em 4ms. 
[21:38:35] [FINE   ] Enxugador pegou o prato #765 do escorredor. 
[21:38:35] [FINE   ] Lavador terminou de lavar o prato #775 
[21:38:35] [FINE   ] Escorredor CHEIO! Quantidade de pratos: 10 
[21:38:35] [FINE   ] Lavador colocou o prato #775 no escorredor. 
[21:38:35] [FINE   ] Lavador pegou o prato #776 (Sujeira: MEDIO) 
[21:38:35] [FINE   ] Lavador terminou de lavar o prato #776 
[21:38:35] [FINE   ] Enxugador terminou de secar o prato #765 em 10ms. 
[21:38:35] [FINE   ] Enxugador pegou o prato #766 do escorredor. 
[21:38:35] [FINE   ] Escorredor CHEIO! Quantidade de pratos: 10 
[21:38:35] [FINE   ] Lavador colocou o prato #776 no escorredor. 
[21:38:35] [FINE   ] Lavador pegou o prato #777 (Sujeira: BAIXO) 
[21:38:35] [FINE   ] Lavador terminou de lavar o prato #777 
[21:38:35] [FINE   ] Enxugador terminou de secar o prato #766 em 8ms. 
[21:38:35] [FINE   ] Enxugador pegou o prato #767 do escorredor. 
[21:38:35] [FINE   ] Escorredor CHEIO! Quantidade de pratos: 10 
[21:38:35] [FINE   ] Lavador colocou o prato #777 no escorredor. 
[21:38:35] [FINE   ] Lavador pegou o prato #778 (Sujeira: MEDIO) 
[21:38:35] [FINE   ] Lavador terminou de lavar o prato #778 
[21:38:35] [FINE   ] Enxugador terminou de secar o prato #767 em 5ms. 
[21:38:35] [FINE   ] Enxugador pegou o prato #768 do escorredor. 
[21:38:35] [FINE   ] Escorredor CHEIO! Quantidade de pratos: 10 
[21:38:35] [FINE   ] Lavador colocou o prato #778 no escorredor. 
[21:38:35] [FINE   ] Lavador pegou o prato #779 (Sujeira: BAIXO) 
[21:38:35] [FINE   ] Enxugador terminou de secar o prato #768 em 3ms. 
[21:38:35] [FINE   ] Enxugador pegou o prato #769 do escorredor. 
[21:38:35] [FINE   ] Lavador terminou de lavar o prato #779 
[21:38:35] [FINE   ] Escorredor CHEIO! Quantidade de pratos: 10 
[21:38:35] [FINE   ] Lavador colocou o prato #779 no escorredor. 
[21:38:35] [FINE   ] Lavador pegou o prato #780 (Sujeira: MEDIO) 
[21:38:35] [FINE   ] Lavador terminou de lavar o prato #780 
[21:38:35] [FINE   ] Enxugador terminou de secar o prato #769 em 7ms. 
[21:38:35] [FINE   ] Enxugador pegou o prato #770 do escorredor. 
[21:38:35] [FINE   ] Escorredor CHEIO! Quantidade de pratos: 10 
[21:38:35] [FINE   ] Lavador colocou o prato #780 no escorredor. 
[21:38:35] [FINE   ] Lavador pegou o prato #781 (Sujeira: BAIXO) 
[21:38:35] [FINE   ] Lavador terminou de lavar o prato #781 
[21:38:35] [FINE   ] Enxugador terminou de secar o prato #770 em 9ms. 
[21:38:35] [FINE   ] Enxugador pegou o prato #771 do escorredor. 
[21:38:35] [FINE   ] Escorredor CHEIO! Quantidade de pratos: 10 
[21:38:35] [FINE   ] Lavador colocou o prato #781 no escorredor. 
[21:38:35] [FINE   ] Lavador pegou o prato #782 (Sujeira: MEDIO) 
[21:38:35] [FINE   ] Lavador terminou de lavar o prato #782 
[21:38:35] [FINE   ] Enxugador terminou de secar o prato #771 em 6ms. 
[21:38:35] [FINE   ] Enxugador pegou o prato #772 do escorredor. 
[21:38:35] [FINE   ] Escorredor CHEIO! Quantidade de pratos: 10 
[21:38:35] [FINE   ] Lavador colocou o prato #782 no escorredor. 
[21:38:35] [FINE   ] Lavador pegou o prato #783 (Sujeira: MEDIO) 
[21:38:35] [FINE   ] Enxugador terminou de secar o prato #772 em 4ms. 
[21:38:35] [FINE   ] Enxugador pegou o prato #773 do escorredor. 
[21:38:35] [FINE   ] Lavador terminou de lavar o prato #783 
[21:38:35] [FINE   ] Escorredor CHEIO! Quantidade de pratos: 10 
[21:38:35] [FINE   ] Lavador colocou o prato #783 no escorredor. 
[21:38:35] [FINE   ] Lavador pegou o prato #784 (Sujeira: BAIXO) 
[21:38:35] [FINE   ] Lavador terminou de lavar o prato #784 
[21:38:35] [FINE   ] Enxugador terminou de secar o prato #773 em 7ms. 
[21:38:35] [FINE   ] Enxugador pegou o prato #774 do escorredor. 
[21:38:35] [FINE   ] Escorredor CHEIO! Quantidade de pratos: 10 
[21:38:35] [FINE   ] Lavador colocou o prato #784 no escorredor. 
[21:38:35] [FINE   ] Lavador pegou o prato #785 (Sujeira: MEDIO) 
[21:38:35] [FINE   ] Lavador terminou de lavar o prato #785 
[21:38:35] [FINE   ] Enxugador terminou de secar o prato #774 em 7ms. 
[21:38:35] [FINE   ] Enxugador pegou o prato #775 do escorredor. 
[21:38:35] [FINE   ] Escorredor CHEIO! Quantidade de pratos: 10 
[21:38:35] [FINE   ] Lavador colocou o prato #785 no escorredor. 
[21:38:35] [FINE   ] Lavador pegou o prato #786 (Sujeira: MEDIO) 
[21:38:35] [FINE   ] Lavador terminou de lavar o prato #786 
[21:38:35] [FINE   ] Enxugador terminou de secar o prato #775 em 9ms. 
[21:38:35] [FINE   ] Enxugador pegou o prato #776 do escorredor. 
[21:38:35] [FINE   ] Escorredor CHEIO! Quantidade de pratos: 10 
[21:38:35] [FINE   ] Lavador colocou o prato #786 no escorredor. 
[21:38:35] [FINE   ] Lavador pegou o prato #787 (Sujeira: MEDIO) 
[21:38:35] [FINE   ] Lavador terminou de lavar o prato #787 
[21:38:35] [FINE   ] Enxugador terminou de secar o prato #776 em 10ms. 
[21:38:35] [FINE   ] Enxugador pegou o prato #777 do escorredor. 
[21:38:35] [FINE   ] Escorredor CHEIO! Quantidade de pratos: 10 
[21:38:35] [FINE   ] Lavador colocou o prato #787 no escorredor. 
[21:38:35] [FINE   ] Lavador pegou o prato #788 (Sujeira: ENGORDURADO) 
[21:38:35] [FINE   ] Enxugador terminou de secar o prato #777 em 10ms. 
[21:38:35] [FINE   ] Lavador terminou de lavar o prato #788 
[21:38:35] [FINE   ] Enxugador pegou o prato #778 do escorredor. 
[21:38:35] [FINE   ] Escorredor CHEIO! Quantidade de pratos: 10 
[21:38:35] [FINE   ] Lavador colocou o prato #788 no escorredor. 
[21:38:35] [FINE   ] Lavador pegou o prato #789 (Sujeira: BAIXO) 
[21:38:35] [FINE   ] Lavador terminou de lavar o prato #789 
[21:38:35] [FINE   ] Enxugador terminou de secar o prato #778 em 8ms. 
[21:38:35] [FINE   ] Enxugador pegou o prato #779 do escorredor. 
[21:38:35] [FINE   ] Escorredor CHEIO! Quantidade de pratos: 10 
[21:38:35] [FINE   ] Lavador colocou o prato #789 no escorredor. 
[21:38:35] [FINE   ] Lavador pegou o prato #790 (Sujeira: MEDIO) 
[21:38:35] [FINE   ] Lavador terminou de lavar o prato #790 
[21:38:35] [FINE   ] Enxugador terminou de secar o prato #779 em 6ms. 
[21:38:35] [FINE   ] Enxugador pegou o prato #780 do escorredor. 
[21:38:35] [FINE   ] Escorredor CHEIO! Quantidade de pratos: 10 
[21:38:35] [FINE   ] Lavador colocou o prato #790 no escorredor. 
[21:38:35] [FINE   ] Lavador pegou o prato #791 (Sujeira: ENGORDURADO) 
[21:38:35] [FINE   ] Enxugador terminou de secar o prato #780 em 9ms. 
[21:38:35] [FINE   ] Enxugador pegou o prato #781 do escorredor. 
[21:38:35] [FINE   ] Lavador terminou de lavar o prato #791 
[21:38:35] [FINE   ] Escorredor CHEIO! Quantidade de pratos: 10 
[21:38:35] [FINE   ] Lavador colocou o prato #791 no escorredor. 
[21:38:35] [FINE   ] Lavador pegou o prato #792 (Sujeira: MEDIO) 
[21:38:35] [FINE   ] Lavador terminou de lavar o prato #792 
[21:38:35] [FINE   ] Enxugador terminou de secar o prato #781 em 6ms. 
[21:38:35] [FINE   ] Enxugador pegou o prato #782 do escorredor. 
[21:38:35] [FINE   ] Escorredor CHEIO! Quantidade de pratos: 10 
[21:38:35] [FINE   ] Lavador colocou o prato #792 no escorredor. 
[21:38:35] [FINE   ] Lavador pegou o prato #793 (Sujeira: MEDIO) 
[21:38:35] [FINE   ] Lavador terminou de lavar o prato #793 
[21:38:35] [FINE   ] Enxugador terminou de secar o prato #782 em 8ms. 
[21:38:35] [FINE   ] Enxugador pegou o prato #783 do escorredor. 
[21:38:35] [FINE   ] Escorredor CHEIO! Quantidade de pratos: 10 
[21:38:35] [FINE   ] Lavador colocou o prato #793 no escorredor. 
[21:38:35] [FINE   ] Lavador pegou o prato #794 (Sujeira: MEDIO) 
[21:38:35] [FINE   ] Lavador terminou de lavar o prato #794 
[21:38:35] [FINE   ] Enxugador terminou de secar o prato #783 em 8ms. 
[21:38:35] [FINE   ] Enxugador pegou o prato #784 do escorredor. 
[21:38:35] [FINE   ] Escorredor CHEIO! Quantidade de pratos: 10 
[21:38:35] [FINE   ] Lavador colocou o prato #794 no escorredor. 
[21:38:35] [FINE   ] Lavador pegou o prato #795 (Sujeira: BAIXO) 
[21:38:35] [FINE   ] Lavador terminou de lavar o prato #795 
[21:38:35] [FINE   ] Enxugador terminou de secar o prato #784 em 7ms. 
[21:38:35] [FINE   ] Enxugador pegou o prato #785 do escorredor. 
[21:38:35] [FINE   ] Escorredor CHEIO! Quantidade de pratos: 10 
[21:38:35] [FINE   ] Lavador colocou o prato #795 no escorredor. 
[21:38:35] [FINE   ] Lavador pegou o prato #796 (Sujeira: BAIXO) 
[21:38:35] [FINE   ] Lavador terminou de lavar o prato #796 
[21:38:35] [FINE   ] Enxugador terminou de secar o prato #785 em 9ms. 
[21:38:35] [FINE   ] Enxugador pegou o prato #786 do escorredor. 
[21:38:35] [FINE   ] Escorredor CHEIO! Quantidade de pratos: 10 
[21:38:35] [FINE   ] Lavador colocou o prato #796 no escorredor. 
[21:38:35] [FINE   ] Lavador pegou o prato #797 (Sujeira: ENGORDURADO) 
[21:38:35] [FINE   ] Enxugador terminou de secar o prato #786 em 10ms. 
[21:38:35] [FINE   ] Lavador terminou de lavar o prato #797 
[21:38:35] [FINE   ] Enxugador pegou o prato #787 do escorredor. 
[21:38:35] [FINE   ] Escorredor CHEIO! Quantidade de pratos: 10 
[21:38:35] [FINE   ] Lavador colocou o prato #797 no escorredor. 
[21:38:35] [FINE   ] Lavador pegou o prato #798 (Sujeira: MEDIO) 
[21:38:35] [FINE   ] Enxugador terminou de secar o prato #787 em 4ms. 
[21:38:35] [FINE   ] Enxugador pegou o prato #788 do escorredor. 
[21:38:35] [FINE   ] Lavador terminou de lavar o prato #798 
[21:38:35] [FINE   ] Escorredor CHEIO! Quantidade de pratos: 10 
[21:38:35] [FINE   ] Lavador colocou o prato #798 no escorredor. 
[21:38:35] [FINE   ] Lavador pegou o prato #799 (Sujeira: ENGORDURADO) 
[21:38:35] [FINE   ] Enxugador terminou de secar o prato #788 em 7ms. 
[21:38:35] [FINE   ] Enxugador pegou o prato #789 do escorredor. 
[21:38:35] [FINE   ] Lavador terminou de lavar o prato #799 
[21:38:35] [FINE   ] Escorredor CHEIO! Quantidade de pratos: 10 
[21:38:35] [FINE   ] Lavador colocou o prato #799 no escorredor. 
[21:38:35] [FINE   ] Lavador pegou o prato #800 (Sujeira: ENGORDURADO) 
[21:38:35] [FINE   ] Enxugador terminou de secar o prato #789 em 4ms. 
[21:38:35] [FINE   ] Enxugador pegou o prato #790 do escorredor. 
[21:38:35] [FINE   ] Lavador terminou de lavar o prato #800 
[21:38:35] [FINE   ] Enxugador terminou de secar o prato #790 em 7ms. 
[21:38:35] [FINE   ] Escorredor CHEIO! Quantidade de pratos: 10 
[21:38:35] [FINE   ] Lavador colocou o prato #800 no escorredor. 
[21:38:35] [FINE   ] Lavador pegou o prato #801 (Sujeira: MEDIO) 
[21:38:35] [FINE   ] Enxugador pegou o prato #791 do escorredor. 
[21:38:35] [FINE   ] Lavador terminou de lavar o prato #801 
[21:38:35] [FINE   ] Escorredor CHEIO! Quantidade de pratos: 10 
[21:38:35] [FINE   ] Lavador colocou o prato #801 no escorredor. 
[21:38:35] [FINE   ] Lavador pegou o prato #802 (Sujeira: MEDIO) 
[21:38:35] [FINE   ] Enxugador terminou de secar o prato #791 em 10ms. 
[21:38:35] [FINE   ] Enxugador pegou o prato #792 do escorredor. 
[21:38:35] [FINE   ] Lavador terminou de lavar o prato #802 
[21:38:35] [FINE   ] Escorredor CHEIO! Quantidade de pratos: 10 
[21:38:35] [FINE   ] Lavador colocou o prato #802 no escorredor. 
[21:38:35] [FINE   ] Lavador pegou o prato #803 (Sujeira: BAIXO) 
[21:38:35] [FINE   ] Lavador terminou de lavar o prato #803 
[21:38:35] [FINE   ] Enxugador terminou de secar o prato #792 em 10ms. 
[21:38:35] [FINE   ] Enxugador pegou o prato #793 do escorredor. 
[21:38:35] [FINE   ] Escorredor CHEIO! Quantidade de pratos: 10 
[21:38:35] [FINE   ] Lavador colocou o prato #803 no escorredor. 
[21:38:35] [FINE   ] Lavador pegou o prato #804 (Sujeira: BAIXO) 
[21:38:35] [FINE   ] Lavador terminou de lavar o prato #804 
[21:38:35] [FINE   ] Enxugador terminou de secar o prato #793 em 9ms. 
[21:38:35] [FINE   ] Enxugador pegou o prato #794 do escorredor. 
[21:38:35] [FINE   ] Escorredor CHEIO! Quantidade de pratos: 10 
[21:38:35] [FINE   ] Lavador colocou o prato #804 no escorredor. 
[21:38:35] [FINE   ] Lavador pegou o prato #805 (Sujeira: BAIXO) 
[21:38:35] [FINE   ] Lavador terminou de lavar o prato #805 
[21:38:35] [FINE   ] Enxugador terminou de secar o prato #794 em 8ms. 
[21:38:35] [FINE   ] Enxugador pegou o prato #795 do escorredor. 
[21:38:35] [FINE   ] Escorredor CHEIO! Quantidade de pratos: 10 
[21:38:35] [FINE   ] Lavador colocou o prato #805 no escorredor. 
[21:38:35] [FINE   ] Lavador pegou o prato #806 (Sujeira: BAIXO) 
[21:38:35] [FINE   ] Lavador terminou de lavar o prato #806 
[21:38:35] [FINE   ] Enxugador terminou de secar o prato #795 em 7ms. 
[21:38:35] [FINE   ] Enxugador pegou o prato #796 do escorredor. 
[21:38:35] [FINE   ] Escorredor CHEIO! Quantidade de pratos: 10 
[21:38:35] [FINE   ] Lavador colocou o prato #806 no escorredor. 
[21:38:35] [FINE   ] Lavador pegou o prato #807 (Sujeira: BAIXO) 
[21:38:35] [FINE   ] Enxugador terminou de secar o prato #796 em 3ms. 
[21:38:35] [FINE   ] Enxugador pegou o prato #797 do escorredor. 
[21:38:35] [FINE   ] Lavador terminou de lavar o prato #807 
[21:38:35] [FINE   ] Escorredor CHEIO! Quantidade de pratos: 10 
[21:38:35] [FINE   ] Lavador colocou o prato #807 no escorredor. 
[21:38:35] [FINE   ] Lavador pegou o prato #808 (Sujeira: MEDIO) 
[21:38:35] [FINE   ] Lavador terminou de lavar o prato #808 
[21:38:35] [FINE   ] Enxugador terminou de secar o prato #797 em 8ms. 
[21:38:35] [FINE   ] Enxugador pegou o prato #798 do escorredor. 
[21:38:35] [FINE   ] Escorredor CHEIO! Quantidade de pratos: 10 
[21:38:35] [FINE   ] Lavador colocou o prato #808 no escorredor. 
[21:38:35] [FINE   ] Lavador pegou o prato #809 (Sujeira: MEDIO) 
[21:38:35] [FINE   ] Enxugador terminou de secar o prato #798 em 3ms. 
[21:38:35] [FINE   ] Enxugador pegou o prato #799 do escorredor. 
[21:38:35] [FINE   ] Lavador terminou de lavar o prato #809 
[21:38:35] [FINE   ] Escorredor CHEIO! Quantidade de pratos: 10 
[21:38:35] [FINE   ] Lavador colocou o prato #809 no escorredor. 
[21:38:35] [FINE   ] Lavador pegou o prato #810 (Sujeira: BAIXO) 
[21:38:35] [FINE   ] Enxugador terminou de secar o prato #799 em 4ms. 
[21:38:35] [FINE   ] Enxugador pegou o prato #800 do escorredor. 
[21:38:35] [FINE   ] Lavador terminou de lavar o prato #810 
[21:38:35] [FINE   ] Escorredor CHEIO! Quantidade de pratos: 10 
[21:38:35] [FINE   ] Lavador colocou o prato #810 no escorredor. 
[21:38:35] [FINE   ] Lavador pegou o prato #811 (Sujeira: MEDIO) 
[21:38:35] [FINE   ] Enxugador terminou de secar o prato #800 em 4ms. 
[21:38:35] [FINE   ] Enxugador pegou o prato #801 do escorredor. 
[21:38:35] [FINE   ] Lavador terminou de lavar o prato #811 
[21:38:35] [FINE   ] Escorredor CHEIO! Quantidade de pratos: 10 
[21:38:35] [FINE   ] Lavador colocou o prato #811 no escorredor. 
[21:38:35] [FINE   ] Lavador pegou o prato #812 (Sujeira: BAIXO) 
[21:38:35] [FINE   ] Lavador terminou de lavar o prato #812 
[21:38:35] [FINE   ] Enxugador terminou de secar o prato #801 em 5ms. 
[21:38:35] [FINE   ] Enxugador pegou o prato #802 do escorredor. 
[21:38:35] [FINE   ] Escorredor CHEIO! Quantidade de pratos: 10 
[21:38:35] [FINE   ] Lavador colocou o prato #812 no escorredor. 
[21:38:35] [FINE   ] Lavador pegou o prato #813 (Sujeira: BAIXO) 
[21:38:35] [FINE   ] Lavador terminou de lavar o prato #813 
[21:38:35] [FINE   ] Enxugador terminou de secar o prato #802 em 6ms. 
[21:38:35] [FINE   ] Enxugador pegou o prato #803 do escorredor. 
[21:38:35] [FINE   ] Escorredor CHEIO! Quantidade de pratos: 10 
[21:38:35] [FINE   ] Lavador colocou o prato #813 no escorredor. 
[21:38:35] [FINE   ] Lavador pegou o prato #814 (Sujeira: MEDIO) 
[21:38:35] [FINE   ] Lavador terminou de lavar o prato #814 
[21:38:35] [FINE   ] Enxugador terminou de secar o prato #803 em 8ms. 
[21:38:35] [FINE   ] Enxugador pegou o prato #804 do escorredor. 
[21:38:35] [FINE   ] Escorredor CHEIO! Quantidade de pratos: 10 
[21:38:35] [FINE   ] Lavador colocou o prato #814 no escorredor. 
[21:38:35] [FINE   ] Lavador pegou o prato #815 (Sujeira: BAIXO) 
[21:38:35] [FINE   ] Lavador terminou de lavar o prato #815 
[21:38:35] [FINE   ] Enxugador terminou de secar o prato #804 em 10ms. 
[21:38:35] [FINE   ] Enxugador pegou o prato #805 do escorredor. 
[21:38:35] [FINE   ] Escorredor CHEIO! Quantidade de pratos: 10 
[21:38:35] [FINE   ] Lavador colocou o prato #815 no escorredor. 
[21:38:35] [FINE   ] Lavador pegou o prato #816 (Sujeira: MEDIO) 
[21:38:35] [FINE   ] Lavador terminou de lavar o prato #816 
[21:38:35] [FINE   ] Enxugador terminou de secar o prato #805 em 9ms. 
[21:38:35] [FINE   ] Enxugador pegou o prato #806 do escorredor. 
[21:38:35] [FINE   ] Escorredor CHEIO! Quantidade de pratos: 10 
[21:38:35] [FINE   ] Lavador colocou o prato #816 no escorredor. 
[21:38:35] [FINE   ] Lavador pegou o prato #817 (Sujeira: MEDIO) 
[21:38:35] [FINE   ] Enxugador terminou de secar o prato #806 em 3ms. 
[21:38:35] [FINE   ] Enxugador pegou o prato #807 do escorredor. 
[21:38:35] [FINE   ] Lavador terminou de lavar o prato #817 
[21:38:35] [FINE   ] Escorredor CHEIO! Quantidade de pratos: 10 
[21:38:35] [FINE   ] Lavador colocou o prato #817 no escorredor. 
[21:38:35] [FINE   ] Lavador pegou o prato #818 (Sujeira: MEDIO) 
[21:38:35] [FINE   ] Enxugador terminou de secar o prato #807 em 4ms. 
[21:38:35] [FINE   ] Enxugador pegou o prato #808 do escorredor. 
[21:38:35] [FINE   ] Lavador terminou de lavar o prato #818 
[21:38:35] [FINE   ] Escorredor CHEIO! Quantidade de pratos: 10 
[21:38:35] [FINE   ] Lavador colocou o prato #818 no escorredor. 
[21:38:35] [FINE   ] Lavador pegou o prato #819 (Sujeira: BAIXO) 
[21:38:35] [FINE   ] Lavador terminou de lavar o prato #819 
[21:38:35] [FINE   ] Enxugador terminou de secar o prato #808 em 9ms. 
[21:38:35] [FINE   ] Enxugador pegou o prato #809 do escorredor. 
[21:38:35] [FINE   ] Escorredor CHEIO! Quantidade de pratos: 10 
[21:38:35] [FINE   ] Lavador colocou o prato #819 no escorredor. 
[21:38:35] [FINE   ] Lavador pegou o prato #820 (Sujeira: MEDIO) 
[21:38:35] [FINE   ] Lavador terminou de lavar o prato #820 
[21:38:35] [FINE   ] Enxugador terminou de secar o prato #809 em 8ms. 
[21:38:35] [FINE   ] Enxugador pegou o prato #810 do escorredor. 
[21:38:35] [FINE   ] Escorredor CHEIO! Quantidade de pratos: 10 
[21:38:35] [FINE   ] Lavador colocou o prato #820 no escorredor. 
[21:38:35] [FINE   ] Lavador pegou o prato #821 (Sujeira: MEDIO) 
[21:38:35] [FINE   ] Lavador terminou de lavar o prato #821 
[21:38:35] [FINE   ] Enxugador terminou de secar o prato #810 em 10ms. 
[21:38:35] [FINE   ] Enxugador pegou o prato #811 do escorredor. 
[21:38:35] [FINE   ] Escorredor CHEIO! Quantidade de pratos: 10 
[21:38:35] [FINE   ] Lavador colocou o prato #821 no escorredor. 
[21:38:35] [FINE   ] Lavador pegou o prato #822 (Sujeira: ENGORDURADO) 
[21:38:35] [FINE   ] Enxugador terminou de secar o prato #811 em 8ms. 
[21:38:35] [FINE   ] Enxugador pegou o prato #812 do escorredor. 
[21:38:35] [FINE   ] Lavador terminou de lavar o prato #822 
[21:38:35] [FINE   ] Escorredor CHEIO! Quantidade de pratos: 10 
[21:38:35] [FINE   ] Lavador colocou o prato #822 no escorredor. 
[21:38:35] [FINE   ] Lavador pegou o prato #823 (Sujeira: MEDIO) 
[21:38:35] [FINE   ] Enxugador terminou de secar o prato #812 em 3ms. 
[21:38:35] [FINE   ] Enxugador pegou o prato #813 do escorredor. 
[21:38:35] [FINE   ] Lavador terminou de lavar o prato #823 
[21:38:35] [FINE   ] Escorredor CHEIO! Quantidade de pratos: 10 
[21:38:35] [FINE   ] Lavador colocou o prato #823 no escorredor. 
[21:38:35] [FINE   ] Lavador pegou o prato #824 (Sujeira: MEDIO) 
[21:38:35] [FINE   ] Enxugador terminou de secar o prato #813 em 6ms. 
[21:38:35] [FINE   ] Enxugador pegou o prato #814 do escorredor. 
[21:38:35] [FINE   ] Lavador terminou de lavar o prato #824 
[21:38:35] [FINE   ] Escorredor CHEIO! Quantidade de pratos: 10 
[21:38:35] [FINE   ] Lavador colocou o prato #824 no escorredor. 
[21:38:35] [FINE   ] Lavador pegou o prato #825 (Sujeira: MEDIO) 
[21:38:35] [FINE   ] Enxugador terminou de secar o prato #814 em 8ms. 
[21:38:35] [FINE   ] Enxugador pegou o prato #815 do escorredor. 
[21:38:35] [FINE   ] Lavador terminou de lavar o prato #825 
[21:38:35] [FINE   ] Escorredor CHEIO! Quantidade de pratos: 10 
[21:38:35] [FINE   ] Lavador colocou o prato #825 no escorredor. 
[21:38:35] [FINE   ] Lavador pegou o prato #826 (Sujeira: BAIXO) 
[21:38:35] [FINE   ] Lavador terminou de lavar o prato #826 
[21:38:35] [FINE   ] Enxugador terminou de secar o prato #815 em 6ms. 
[21:38:35] [FINE   ] Enxugador pegou o prato #816 do escorredor. 
[21:38:35] [FINE   ] Escorredor CHEIO! Quantidade de pratos: 10 
[21:38:35] [FINE   ] Lavador colocou o prato #826 no escorredor. 
[21:38:35] [FINE   ] Lavador pegou o prato #827 (Sujeira: MEDIO) 
[21:38:35] [FINE   ] Lavador terminou de lavar o prato #827 
[21:38:35] [FINE   ] Enxugador terminou de secar o prato #816 em 8ms. 
[21:38:35] [FINE   ] Enxugador pegou o prato #817 do escorredor. 
[21:38:35] [FINE   ] Escorredor CHEIO! Quantidade de pratos: 10 
[21:38:35] [FINE   ] Lavador colocou o prato #827 no escorredor. 
[21:38:35] [FINE   ] Lavador pegou o prato #828 (Sujeira: BAIXO) 
[21:38:35] [FINE   ] Lavador terminou de lavar o prato #828 
[21:38:35] [FINE   ] Enxugador terminou de secar o prato #817 em 10ms. 
[21:38:35] [FINE   ] Enxugador pegou o prato #818 do escorredor. 
[21:38:35] [FINE   ] Escorredor CHEIO! Quantidade de pratos: 10 
[21:38:35] [FINE   ] Lavador colocou o prato #828 no escorredor. 
[21:38:35] [FINE   ] Lavador pegou o prato #829 (Sujeira: MEDIO) 
[21:38:35] [FINE   ] Lavador terminou de lavar o prato #829 
[21:38:35] [FINE   ] Enxugador terminou de secar o prato #818 em 9ms. 
[21:38:35] [FINE   ] Enxugador pegou o prato #819 do escorredor. 
[21:38:35] [FINE   ] Escorredor CHEIO! Quantidade de pratos: 10 
[21:38:35] [FINE   ] Lavador colocou o prato #829 no escorredor. 
[21:38:35] [FINE   ] Lavador pegou o prato #830 (Sujeira: MEDIO) 
[21:38:35] [FINE   ] Lavador terminou de lavar o prato #830 
[21:38:35] [FINE   ] Enxugador terminou de secar o prato #819 em 10ms. 
[21:38:35] [FINE   ] Enxugador pegou o prato #820 do escorredor. 
[21:38:35] [FINE   ] Escorredor CHEIO! Quantidade de pratos: 10 
[21:38:35] [FINE   ] Lavador colocou o prato #830 no escorredor. 
[21:38:35] [FINE   ] Lavador pegou o prato #831 (Sujeira: MEDIO) 
[21:38:35] [FINE   ] Lavador terminou de lavar o prato #831 
[21:38:35] [FINE   ] Enxugador terminou de secar o prato #820 em 5ms. 
[21:38:35] [FINE   ] Enxugador pegou o prato #821 do escorredor. 
[21:38:35] [FINE   ] Escorredor CHEIO! Quantidade de pratos: 10 
[21:38:35] [FINE   ] Lavador colocou o prato #831 no escorredor. 
[21:38:35] [FINE   ] Lavador pegou o prato #832 (Sujeira: BAIXO) 
[21:38:35] [FINE   ] Enxugador terminou de secar o prato #821 em 5ms. 
[21:38:35] [FINE   ] Lavador terminou de lavar o prato #832 
[21:38:35] [FINE   ] Enxugador pegou o prato #822 do escorredor. 
[21:38:35] [FINE   ] Escorredor CHEIO! Quantidade de pratos: 10 
[21:38:35] [FINE   ] Lavador colocou o prato #832 no escorredor. 
[21:38:35] [FINE   ] Lavador pegou o prato #833 (Sujeira: BAIXO) 
[21:38:35] [FINE   ] Lavador terminou de lavar o prato #833 
[21:38:35] [FINE   ] Enxugador terminou de secar o prato #822 em 7ms. 
[21:38:35] [FINE   ] Enxugador pegou o prato #823 do escorredor. 
[21:38:35] [FINE   ] Escorredor CHEIO! Quantidade de pratos: 10 
[21:38:35] [FINE   ] Lavador colocou o prato #833 no escorredor. 
[21:38:35] [FINE   ] Lavador pegou o prato #834 (Sujeira: MEDIO) 
[21:38:35] [FINE   ] Enxugador terminou de secar o prato #823 em 3ms. 
[21:38:35] [FINE   ] Enxugador pegou o prato #824 do escorredor. 
[21:38:35] [FINE   ] Lavador terminou de lavar o prato #834 
[21:38:35] [FINE   ] Escorredor CHEIO! Quantidade de pratos: 10 
[21:38:35] [FINE   ] Lavador colocou o prato #834 no escorredor. 
[21:38:35] [FINE   ] Lavador pegou o prato #835 (Sujeira: BAIXO) 
[21:38:35] [FINE   ] Lavador terminou de lavar o prato #835 
[21:38:35] [FINE   ] Enxugador terminou de secar o prato #824 em 8ms. 
[21:38:35] [FINE   ] Enxugador pegou o prato #825 do escorredor. 
[21:38:35] [FINE   ] Escorredor CHEIO! Quantidade de pratos: 10 
[21:38:35] [FINE   ] Lavador colocou o prato #835 no escorredor. 
[21:38:35] [FINE   ] Lavador pegou o prato #836 (Sujeira: ENGORDURADO) 
[21:38:35] [FINE   ] Enxugador terminou de secar o prato #825 em 8ms. 
[21:38:35] [FINE   ] Enxugador pegou o prato #826 do escorredor. 
[21:38:35] [FINE   ] Lavador terminou de lavar o prato #836 
[21:38:35] [FINE   ] Escorredor CHEIO! Quantidade de pratos: 10 
[21:38:35] [FINE   ] Lavador colocou o prato #836 no escorredor. 
[21:38:35] [FINE   ] Lavador pegou o prato #837 (Sujeira: MEDIO) 
[21:38:35] [FINE   ] Enxugador terminou de secar o prato #826 em 3ms. 
[21:38:35] [FINE   ] Enxugador pegou o prato #827 do escorredor. 
[21:38:35] [FINE   ] Lavador terminou de lavar o prato #837 
[21:38:35] [FINE   ] Escorredor CHEIO! Quantidade de pratos: 10 
[21:38:35] [FINE   ] Lavador colocou o prato #837 no escorredor. 
[21:38:35] [FINE   ] Lavador pegou o prato #838 (Sujeira: BAIXO) 
[21:38:35] [FINE   ] Lavador terminou de lavar o prato #838 
[21:38:35] [FINE   ] Enxugador terminou de secar o prato #827 em 8ms. 
[21:38:35] [FINE   ] Enxugador pegou o prato #828 do escorredor. 
[21:38:35] [FINE   ] Escorredor CHEIO! Quantidade de pratos: 10 
[21:38:35] [FINE   ] Lavador colocou o prato #838 no escorredor. 
[21:38:35] [FINE   ] Lavador pegou o prato #839 (Sujeira: ENGORDURADO) 
[21:38:35] [FINE   ] Enxugador terminou de secar o prato #828 em 6ms. 
[21:38:35] [FINE   ] Enxugador pegou o prato #829 do escorredor. 
[21:38:35] [FINE   ] Lavador terminou de lavar o prato #839 
[21:38:35] [FINE   ] Escorredor CHEIO! Quantidade de pratos: 10 
[21:38:35] [FINE   ] Lavador colocou o prato #839 no escorredor. 
[21:38:35] [FINE   ] Lavador pegou o prato #840 (Sujeira: MEDIO) 
[21:38:35] [FINE   ] Enxugador terminou de secar o prato #829 em 9ms. 
[21:38:35] [FINE   ] Enxugador pegou o prato #830 do escorredor. 
[21:38:35] [FINE   ] Lavador terminou de lavar o prato #840 
[21:38:35] [FINE   ] Escorredor CHEIO! Quantidade de pratos: 10 
[21:38:35] [FINE   ] Lavador colocou o prato #840 no escorredor. 
[21:38:35] [FINE   ] Lavador pegou o prato #841 (Sujeira: MEDIO) 
[21:38:35] [FINE   ] Enxugador terminou de secar o prato #830 em 4ms. 
[21:38:35] [FINE   ] Enxugador pegou o prato #831 do escorredor. 
[21:38:35] [FINE   ] Lavador terminou de lavar o prato #841 
[21:38:35] [FINE   ] Escorredor CHEIO! Quantidade de pratos: 10 
[21:38:35] [FINE   ] Lavador colocou o prato #841 no escorredor. 
[21:38:35] [FINE   ] Lavador pegou o prato #842 (Sujeira: MEDIO) 
[21:38:35] [FINE   ] Lavador terminou de lavar o prato #842 
[21:38:35] [FINE   ] Enxugador terminou de secar o prato #831 em 10ms. 
[21:38:35] [FINE   ] Enxugador pegou o prato #832 do escorredor. 
[21:38:35] [FINE   ] Escorredor CHEIO! Quantidade de pratos: 10 
[21:38:35] [FINE   ] Lavador colocou o prato #842 no escorredor. 
[21:38:35] [FINE   ] Lavador pegou o prato #843 (Sujeira: MEDIO) 
[21:38:35] [FINE   ] Enxugador terminou de secar o prato #832 em 3ms. 
[21:38:35] [FINE   ] Enxugador pegou o prato #833 do escorredor. 
[21:38:35] [FINE   ] Lavador terminou de lavar o prato #843 
[21:38:35] [FINE   ] Escorredor CHEIO! Quantidade de pratos: 10 
[21:38:35] [FINE   ] Lavador colocou o prato #843 no escorredor. 
[21:38:35] [FINE   ] Lavador pegou o prato #844 (Sujeira: MEDIO) 
[21:38:35] [FINE   ] Enxugador terminou de secar o prato #833 em 4ms. 
[21:38:35] [FINE   ] Enxugador pegou o prato #834 do escorredor. 
[21:38:35] [FINE   ] Lavador terminou de lavar o prato #844 
[21:38:35] [FINE   ] Escorredor CHEIO! Quantidade de pratos: 10 
[21:38:35] [FINE   ] Lavador colocou o prato #844 no escorredor. 
[21:38:35] [FINE   ] Lavador pegou o prato #845 (Sujeira: BAIXO) 
[21:38:35] [FINE   ] Lavador terminou de lavar o prato #845 
[21:38:35] [FINE   ] Enxugador terminou de secar o prato #834 em 7ms. 
[21:38:35] [FINE   ] Enxugador pegou o prato #835 do escorredor. 
[21:38:35] [FINE   ] Escorredor CHEIO! Quantidade de pratos: 10 
[21:38:35] [FINE   ] Lavador colocou o prato #845 no escorredor. 
[21:38:35] [FINE   ] Lavador pegou o prato #846 (Sujeira: ENGORDURADO) 
[21:38:35] [FINE   ] Enxugador terminou de secar o prato #835 em 9ms. 
[21:38:35] [FINE   ] Enxugador pegou o prato #836 do escorredor. 
[21:38:35] [FINE   ] Lavador terminou de lavar o prato #846 
[21:38:35] [FINE   ] Escorredor CHEIO! Quantidade de pratos: 10 
[21:38:35] [FINE   ] Lavador colocou o prato #846 no escorredor. 
[21:38:35] [FINE   ] Lavador pegou o prato #847 (Sujeira: MEDIO) 
[21:38:35] [FINE   ] Enxugador terminou de secar o prato #836 em 3ms. 
[21:38:35] [FINE   ] Enxugador pegou o prato #837 do escorredor. 
[21:38:35] [FINE   ] Enxugador terminou de secar o prato #837 em 3ms. 
[21:38:35] [FINE   ] Lavador terminou de lavar o prato #847 
[21:38:35] [FINE   ] Enxugador pegou o prato #838 do escorredor. 
[21:38:35] [FINE   ] Lavador colocou o prato #847 no escorredor. 
[21:38:35] [FINE   ] Lavador pegou o prato #848 (Sujeira: MEDIO) 
[21:38:35] [FINE   ] Lavador terminou de lavar o prato #848 
[21:38:35] [FINE   ] Escorredor CHEIO! Quantidade de pratos: 10 
[21:38:35] [FINE   ] Lavador colocou o prato #848 no escorredor. 
[21:38:35] [FINE   ] Lavador pegou o prato #849 (Sujeira: BAIXO) 
[21:38:35] [FINE   ] Lavador terminou de lavar o prato #849 
[21:38:35] [FINE   ] Enxugador terminou de secar o prato #838 em 10ms. 
[21:38:35] [FINE   ] Enxugador pegou o prato #839 do escorredor. 
[21:38:35] [FINE   ] Escorredor CHEIO! Quantidade de pratos: 10 
[21:38:35] [FINE   ] Lavador colocou o prato #849 no escorredor. 
[21:38:35] [FINE   ] Lavador pegou o prato #850 (Sujeira: BAIXO) 
[21:38:35] [FINE   ] Lavador terminou de lavar o prato #850 
[21:38:35] [FINE   ] Enxugador terminou de secar o prato #839 em 6ms. 
[21:38:35] [FINE   ] Enxugador pegou o prato #840 do escorredor. 
[21:38:35] [FINE   ] Escorredor CHEIO! Quantidade de pratos: 10 
[21:38:35] [FINE   ] Lavador colocou o prato #850 no escorredor. 
[21:38:35] [FINE   ] Lavador pegou o prato #851 (Sujeira: MEDIO) 
[21:38:35] [FINE   ] Enxugador terminou de secar o prato #840 em 3ms. 
[21:38:35] [FINE   ] Enxugador pegou o prato #841 do escorredor. 
[21:38:35] [FINE   ] Lavador terminou de lavar o prato #851 
[21:38:35] [FINE   ] Escorredor CHEIO! Quantidade de pratos: 10 
[21:38:35] [FINE   ] Lavador colocou o prato #851 no escorredor. 
[21:38:35] [FINE   ] Lavador pegou o prato #852 (Sujeira: MEDIO) 
[21:38:35] [FINE   ] Enxugador terminou de secar o prato #841 em 7ms. 
[21:38:35] [FINE   ] Enxugador pegou o prato #842 do escorredor. 
[21:38:35] [FINE   ] Lavador terminou de lavar o prato #852 
[21:38:35] [FINE   ] Escorredor CHEIO! Quantidade de pratos: 10 
[21:38:35] [FINE   ] Lavador colocou o prato #852 no escorredor. 
[21:38:35] [FINE   ] Lavador pegou o prato #853 (Sujeira: MEDIO) 
[21:38:35] [FINE   ] Enxugador terminou de secar o prato #842 em 4ms. 
[21:38:35] [FINE   ] Enxugador pegou o prato #843 do escorredor. 
[21:38:35] [FINE   ] Lavador terminou de lavar o prato #853 
[21:38:35] [FINE   ] Escorredor CHEIO! Quantidade de pratos: 10 
[21:38:35] [FINE   ] Lavador colocou o prato #853 no escorredor. 
[21:38:35] [FINE   ] Lavador pegou o prato #854 (Sujeira: MEDIO) 
[21:38:35] [FINE   ] Enxugador terminou de secar o prato #843 em 5ms. 
[21:38:35] [FINE   ] Enxugador pegou o prato #844 do escorredor. 
[21:38:35] [FINE   ] Lavador terminou de lavar o prato #854 
[21:38:35] [FINE   ] Escorredor CHEIO! Quantidade de pratos: 10 
[21:38:35] [FINE   ] Lavador colocou o prato #854 no escorredor. 
[21:38:35] [FINE   ] Lavador pegou o prato #855 (Sujeira: MEDIO) 
[21:38:35] [FINE   ] Lavador terminou de lavar o prato #855 
[21:38:35] [FINE   ] Enxugador terminou de secar o prato #844 em 8ms. 
[21:38:35] [FINE   ] Enxugador pegou o prato #845 do escorredor. 
[21:38:35] [FINE   ] Escorredor CHEIO! Quantidade de pratos: 10 
[21:38:35] [FINE   ] Lavador colocou o prato #855 no escorredor. 
[21:38:35] [FINE   ] Lavador pegou o prato #856 (Sujeira: BAIXO) 
[21:38:35] [FINE   ] Lavador terminou de lavar o prato #856 
[21:38:35] [FINE   ] Enxugador terminou de secar o prato #845 em 7ms. 
[21:38:35] [FINE   ] Enxugador pegou o prato #846 do escorredor. 
[21:38:35] [FINE   ] Escorredor CHEIO! Quantidade de pratos: 10 
[21:38:35] [FINE   ] Lavador colocou o prato #856 no escorredor. 
[21:38:35] [FINE   ] Lavador pegou o prato #857 (Sujeira: BAIXO) 
[21:38:35] [FINE   ] Lavador terminou de lavar o prato #857 
[21:38:35] [FINE   ] Enxugador terminou de secar o prato #846 em 4ms. 
[21:38:35] [FINE   ] Escorredor CHEIO! Quantidade de pratos: 10 
[21:38:35] [FINE   ] Enxugador pegou o prato #847 do escorredor. 
[21:38:35] [FINE   ] Lavador colocou o prato #857 no escorredor. 
[21:38:35] [FINE   ] Lavador pegou o prato #858 (Sujeira: ENGORDURADO) 
[21:38:35] [FINE   ] Enxugador terminou de secar o prato #847 em 9ms. 
[21:38:35] [FINE   ] Lavador terminou de lavar o prato #858 
[21:38:35] [FINE   ] Enxugador pegou o prato #848 do escorredor. 
[21:38:35] [FINE   ] Escorredor CHEIO! Quantidade de pratos: 10 
[21:38:35] [FINE   ] Lavador colocou o prato #858 no escorredor. 
[21:38:35] [FINE   ] Lavador pegou o prato #859 (Sujeira: MEDIO) 
[21:38:35] [FINE   ] Lavador terminou de lavar o prato #859 
[21:38:35] [FINE   ] Enxugador terminou de secar o prato #848 em 7ms. 
[21:38:35] [FINE   ] Enxugador pegou o prato #849 do escorredor. 
[21:38:35] [FINE   ] Escorredor CHEIO! Quantidade de pratos: 10 
[21:38:35] [FINE   ] Lavador colocou o prato #859 no escorredor. 
[21:38:35] [FINE   ] Lavador pegou o prato #860 (Sujeira: BAIXO) 
[21:38:35] [FINE   ] Enxugador terminou de secar o prato #849 em 3ms. 
[21:38:35] [FINE   ] Lavador terminou de lavar o prato #860 
[21:38:35] [FINE   ] Enxugador pegou o prato #850 do escorredor. 
[21:38:35] [FINE   ] Escorredor CHEIO! Quantidade de pratos: 10 
[21:38:35] [FINE   ] Lavador colocou o prato #860 no escorredor. 
[21:38:35] [FINE   ] Lavador pegou o prato #861 (Sujeira: MEDIO) 
[21:38:35] [FINE   ] Enxugador terminou de secar o prato #850 em 4ms. 
[21:38:35] [FINE   ] Enxugador pegou o prato #851 do escorredor. 
[21:38:35] [FINE   ] Lavador terminou de lavar o prato #861 
[21:38:35] [FINE   ] Escorredor CHEIO! Quantidade de pratos: 10 
[21:38:35] [FINE   ] Lavador colocou o prato #861 no escorredor. 
[21:38:35] [FINE   ] Lavador pegou o prato #862 (Sujeira: BAIXO) 
[21:38:35] [FINE   ] Lavador terminou de lavar o prato #862 
[21:38:35] [FINE   ] Enxugador terminou de secar o prato #851 em 9ms. 
[21:38:35] [FINE   ] Enxugador pegou o prato #852 do escorredor. 
[21:38:35] [FINE   ] Escorredor CHEIO! Quantidade de pratos: 10 
[21:38:35] [FINE   ] Lavador colocou o prato #862 no escorredor. 
[21:38:35] [FINE   ] Lavador pegou o prato #863 (Sujeira: MEDIO) 
[21:38:35] [FINE   ] Lavador terminou de lavar o prato #863 
[21:38:35] [FINE   ] Enxugador terminou de secar o prato #852 em 8ms. 
[21:38:35] [FINE   ] Enxugador pegou o prato #853 do escorredor. 
[21:38:35] [FINE   ] Escorredor CHEIO! Quantidade de pratos: 10 
[21:38:35] [FINE   ] Lavador colocou o prato #863 no escorredor. 
[21:38:35] [FINE   ] Lavador pegou o prato #864 (Sujeira: BAIXO) 
[21:38:35] [FINE   ] Lavador terminou de lavar o prato #864 
[21:38:35] [FINE   ] Enxugador terminou de secar o prato #853 em 9ms. 
[21:38:35] [FINE   ] Enxugador pegou o prato #854 do escorredor. 
[21:38:35] [FINE   ] Escorredor CHEIO! Quantidade de pratos: 10 
[21:38:35] [FINE   ] Lavador colocou o prato #864 no escorredor. 
[21:38:35] [FINE   ] Lavador pegou o prato #865 (Sujeira: ENGORDURADO) 
[21:38:35] [FINE   ] Enxugador terminou de secar o prato #854 em 8ms. 
[21:38:35] [FINE   ] Enxugador pegou o prato #855 do escorredor. 
[21:38:35] [FINE   ] Lavador terminou de lavar o prato #865 
[21:38:35] [FINE   ] Escorredor CHEIO! Quantidade de pratos: 10 
[21:38:35] [FINE   ] Lavador colocou o prato #865 no escorredor. 
[21:38:35] [FINE   ] Lavador pegou o prato #866 (Sujeira: ENGORDURADO) 
[21:38:35] [FINE   ] Enxugador terminou de secar o prato #855 em 4ms. 
[21:38:35] [FINE   ] Enxugador pegou o prato #856 do escorredor. 
[21:38:35] [FINE   ] Enxugador terminou de secar o prato #856 em 4ms. 
[21:38:35] [FINE   ] Enxugador pegou o prato #857 do escorredor. 
[21:38:35] [FINE   ] Lavador terminou de lavar o prato #866 
[21:38:35] [FINE   ] Lavador colocou o prato #866 no escorredor. 
[21:38:35] [FINE   ] Lavador pegou o prato #867 (Sujeira: BAIXO) 
[21:38:35] [FINE   ] Lavador terminou de lavar o prato #867 
[21:38:35] [FINE   ] Enxugador terminou de secar o prato #857 em 7ms. 
[21:38:35] [FINE   ] Escorredor CHEIO! Quantidade de pratos: 10 
[21:38:35] [FINE   ] Lavador colocou o prato #867 no escorredor. 
[21:38:35] [FINE   ] Enxugador pegou o prato #858 do escorredor. 
[21:38:35] [FINE   ] Lavador pegou o prato #868 (Sujeira: MEDIO) 
[21:38:35] [FINE   ] Lavador terminou de lavar o prato #868 
[21:38:35] [FINE   ] Escorredor CHEIO! Quantidade de pratos: 10 
[21:38:35] [FINE   ] Lavador colocou o prato #868 no escorredor. 
[21:38:35] [FINE   ] Lavador pegou o prato #869 (Sujeira: ENGORDURADO) 
[21:38:35] [FINE   ] Enxugador terminou de secar o prato #858 em 10ms. 
[21:38:35] [FINE   ] Enxugador pegou o prato #859 do escorredor. 
[21:38:35] [FINE   ] Enxugador terminou de secar o prato #859 em 5ms. 
[21:38:35] [FINE   ] Enxugador pegou o prato #860 do escorredor. 
[21:38:35] [FINE   ] Enxugador terminou de secar o prato #860 em 7ms. 
[21:38:35] [FINE   ] Enxugador pegou o prato #861 do escorredor. 
[21:38:35] [FINE   ] Lavador terminou de lavar o prato #869 
[21:38:35] [FINE   ] Lavador colocou o prato #869 no escorredor. 
[21:38:35] [FINE   ] Lavador pegou o prato #870 (Sujeira: MEDIO) 
[21:38:35] [FINE   ] Lavador terminou de lavar o prato #870 
[21:38:35] [FINE   ] Lavador colocou o prato #870 no escorredor. 
[21:38:35] [FINE   ] Lavador pegou o prato #871 (Sujeira: MEDIO) 
[21:38:35] [FINE   ] Enxugador terminou de secar o prato #861 em 9ms. 
[21:38:35] [FINE   ] Enxugador pegou o prato #862 do escorredor. 
[21:38:35] [FINE   ] Lavador terminou de lavar o prato #871 
[21:38:35] [FINE   ] Lavador colocou o prato #871 no escorredor. 
[21:38:35] [FINE   ] Lavador pegou o prato #872 (Sujeira: MEDIO) 
[21:38:35] [FINE   ] Enxugador terminou de secar o prato #862 em 4ms. 
[21:38:35] [FINE   ] Enxugador pegou o prato #863 do escorredor. 
[21:38:35] [FINE   ] Lavador terminou de lavar o prato #872 
[21:38:35] [FINE   ] Lavador colocou o prato #872 no escorredor. 
[21:38:35] [FINE   ] Lavador pegou o prato #873 (Sujeira: MEDIO) 
[21:38:35] [FINE   ] Enxugador terminou de secar o prato #863 em 5ms. 
[21:38:35] [FINE   ] Enxugador pegou o prato #864 do escorredor. 
[21:38:35] [FINE   ] Lavador terminou de lavar o prato #873 
[21:38:35] [FINE   ] Lavador colocou o prato #873 no escorredor. 
[21:38:35] [FINE   ] Lavador pegou o prato #874 (Sujeira: BAIXO) 
[21:38:35] [FINE   ] Enxugador terminou de secar o prato #864 em 8ms. 
[21:38:35] [FINE   ] Enxugador pegou o prato #865 do escorredor. 
[21:38:35] [FINE   ] Lavador terminou de lavar o prato #874 
[21:38:35] [FINE   ] Lavador colocou o prato #874 no escorredor. 
[21:38:35] [FINE   ] Lavador pegou o prato #875 (Sujeira: MEDIO) 
[21:38:35] [FINE   ] Enxugador terminou de secar o prato #865 em 6ms. 
[21:38:35] [FINE   ] Lavador terminou de lavar o prato #875 
[21:38:35] [FINE   ] Lavador colocou o prato #875 no escorredor. 
[21:38:35] [FINE   ] Enxugador pegou o prato #866 do escorredor. 
[21:38:35] [FINE   ] Lavador pegou o prato #876 (Sujeira: MEDIO) 
[21:38:35] [FINE   ] Enxugador terminou de secar o prato #866 em 4ms. 
[21:38:35] [FINE   ] Enxugador pegou o prato #867 do escorredor. 
[21:38:35] [FINE   ] Lavador terminou de lavar o prato #876 
[21:38:35] [FINE   ] Lavador colocou o prato #876 no escorredor. 
[21:38:35] [FINE   ] Lavador pegou o prato #877 (Sujeira: MEDIO) 
[21:38:35] [FINE   ] Lavador terminou de lavar o prato #877 
[21:38:35] [FINE   ] Escorredor CHEIO! Quantidade de pratos: 10 
[21:38:35] [FINE   ] Lavador colocou o prato #877 no escorredor. 
[21:38:35] [FINE   ] Lavador pegou o prato #878 (Sujeira: MEDIO) 
[21:38:35] [FINE   ] Enxugador terminou de secar o prato #867 em 10ms. 
[21:38:35] [FINE   ] Enxugador pegou o prato #868 do escorredor. 
[21:38:35] [FINE   ] Lavador terminou de lavar o prato #878 
[21:38:35] [FINE   ] Escorredor CHEIO! Quantidade de pratos: 10 
[21:38:35] [FINE   ] Lavador colocou o prato #878 no escorredor. 
[21:38:35] [FINE   ] Lavador pegou o prato #879 (Sujeira: BAIXO) 
[21:38:35] [FINE   ] Lavador terminou de lavar o prato #879 
[21:38:35] [FINE   ] Enxugador terminou de secar o prato #868 em 8ms. 
[21:38:35] [FINE   ] Enxugador pegou o prato #869 do escorredor. 
[21:38:35] [FINE   ] Escorredor CHEIO! Quantidade de pratos: 10 
[21:38:35] [FINE   ] Lavador colocou o prato #879 no escorredor. 
[21:38:35] [FINE   ] Lavador pegou o prato #880 (Sujeira: MEDIO) 
[21:38:35] [FINE   ] Lavador terminou de lavar o prato #880 
[21:38:35] [FINE   ] Enxugador terminou de secar o prato #869 em 7ms. 
[21:38:35] [FINE   ] Enxugador pegou o prato #870 do escorredor. 
[21:38:35] [FINE   ] Escorredor CHEIO! Quantidade de pratos: 10 
[21:38:35] [FINE   ] Lavador colocou o prato #880 no escorredor. 
[21:38:35] [FINE   ] Lavador pegou o prato #881 (Sujeira: MEDIO) 
[21:38:35] [FINE   ] Lavador terminou de lavar o prato #881 
[21:38:35] [FINE   ] Enxugador terminou de secar o prato #870 em 9ms. 
[21:38:35] [FINE   ] Enxugador pegou o prato #871 do escorredor. 
[21:38:35] [FINE   ] Escorredor CHEIO! Quantidade de pratos: 10 
[21:38:35] [FINE   ] Lavador colocou o prato #881 no escorredor. 
[21:38:35] [FINE   ] Lavador pegou o prato #882 (Sujeira: BAIXO) 
[21:38:35] [FINE   ] Lavador terminou de lavar o prato #882 
[21:38:35] [FINE   ] Enxugador terminou de secar o prato #871 em 4ms. 
[21:38:35] [FINE   ] Enxugador pegou o prato #872 do escorredor. 
[21:38:35] [FINE   ] Escorredor CHEIO! Quantidade de pratos: 10 
[21:38:35] [FINE   ] Lavador colocou o prato #882 no escorredor. 
[21:38:35] [FINE   ] Lavador pegou o prato #883 (Sujeira: ENGORDURADO) 
[21:38:35] [FINE   ] Enxugador terminou de secar o prato #872 em 7ms. 
[21:38:35] [FINE   ] Enxugador pegou o prato #873 do escorredor. 
[21:38:35] [FINE   ] Lavador terminou de lavar o prato #883 
[21:38:35] [FINE   ] Escorredor CHEIO! Quantidade de pratos: 10 
[21:38:35] [FINE   ] Lavador colocou o prato #883 no escorredor. 
[21:38:35] [FINE   ] Lavador pegou o prato #884 (Sujeira: MEDIO) 
[21:38:35] [FINE   ] Enxugador terminou de secar o prato #873 em 7ms. 
[21:38:35] [FINE   ] Enxugador pegou o prato #874 do escorredor. 
[21:38:35] [FINE   ] Lavador terminou de lavar o prato #884 
[21:38:35] [FINE   ] Escorredor CHEIO! Quantidade de pratos: 10 
[21:38:35] [FINE   ] Lavador colocou o prato #884 no escorredor. 
[21:38:35] [FINE   ] Lavador pegou o prato #885 (Sujeira: BAIXO) 
[21:38:35] [FINE   ] Enxugador terminou de secar o prato #874 em 4ms. 
[21:38:35] [FINE   ] Enxugador pegou o prato #875 do escorredor. 
[21:38:35] [FINE   ] Lavador terminou de lavar o prato #885 
[21:38:35] [FINE   ] Escorredor CHEIO! Quantidade de pratos: 10 
[21:38:35] [FINE   ] Lavador colocou o prato #885 no escorredor. 
[21:38:35] [FINE   ] Lavador pegou o prato #886 (Sujeira: MEDIO) 
[21:38:35] [FINE   ] Lavador terminou de lavar o prato #886 
[21:38:35] [FINE   ] Enxugador terminou de secar o prato #875 em 7ms. 
[21:38:35] [FINE   ] Enxugador pegou o prato #876 do escorredor. 
[21:38:35] [FINE   ] Escorredor CHEIO! Quantidade de pratos: 10 
[21:38:35] [FINE   ] Lavador colocou o prato #886 no escorredor. 
[21:38:35] [FINE   ] Lavador pegou o prato #887 (Sujeira: MEDIO) 
[21:38:35] [FINE   ] Lavador terminou de lavar o prato #887 
[21:38:35] [FINE   ] Enxugador terminou de secar o prato #876 em 6ms. 
[21:38:35] [FINE   ] Enxugador pegou o prato #877 do escorredor. 
[21:38:35] [FINE   ] Escorredor CHEIO! Quantidade de pratos: 10 
[21:38:35] [FINE   ] Lavador colocou o prato #887 no escorredor. 
[21:38:35] [FINE   ] Lavador pegou o prato #888 (Sujeira: BAIXO) 
[21:38:35] [FINE   ] Lavador terminou de lavar o prato #888 
[21:38:36] [FINE   ] Enxugador terminou de secar o prato #877 em 10ms. 
[21:38:36] [FINE   ] Enxugador pegou o prato #878 do escorredor. 
[21:38:36] [FINE   ] Escorredor CHEIO! Quantidade de pratos: 10 
[21:38:36] [FINE   ] Lavador colocou o prato #888 no escorredor. 
[21:38:36] [FINE   ] Lavador pegou o prato #889 (Sujeira: BAIXO) 
[21:38:36] [FINE   ] Lavador terminou de lavar o prato #889 
[21:38:36] [FINE   ] Enxugador terminou de secar o prato #878 em 8ms. 
[21:38:36] [FINE   ] Enxugador pegou o prato #879 do escorredor. 
[21:38:36] [FINE   ] Escorredor CHEIO! Quantidade de pratos: 10 
[21:38:36] [FINE   ] Lavador colocou o prato #889 no escorredor. 
[21:38:36] [FINE   ] Lavador pegou o prato #890 (Sujeira: ENGORDURADO) 
[21:38:36] [FINE   ] Enxugador terminou de secar o prato #879 em 8ms. 
[21:38:36] [FINE   ] Enxugador pegou o prato #880 do escorredor. 
[21:38:36] [FINE   ] Lavador terminou de lavar o prato #890 
[21:38:36] [FINE   ] Escorredor CHEIO! Quantidade de pratos: 10 
[21:38:36] [FINE   ] Lavador colocou o prato #890 no escorredor. 
[21:38:36] [FINE   ] Lavador pegou o prato #891 (Sujeira: BAIXO) 
[21:38:36] [FINE   ] Enxugador terminou de secar o prato #880 em 3ms. 
[21:38:36] [FINE   ] Lavador terminou de lavar o prato #891 
[21:38:36] [FINE   ] Enxugador pegou o prato #881 do escorredor. 
[21:38:36] [FINE   ] Escorredor CHEIO! Quantidade de pratos: 10 
[21:38:36] [FINE   ] Lavador colocou o prato #891 no escorredor. 
[21:38:36] [FINE   ] Lavador pegou o prato #892 (Sujeira: BAIXO) 
[21:38:36] [FINE   ] Lavador terminou de lavar o prato #892 
[21:38:36] [FINE   ] Enxugador terminou de secar o prato #881 em 8ms. 
[21:38:36] [FINE   ] Enxugador pegou o prato #882 do escorredor. 
[21:38:36] [FINE   ] Escorredor CHEIO! Quantidade de pratos: 10 
[21:38:36] [FINE   ] Lavador colocou o prato #892 no escorredor. 
[21:38:36] [FINE   ] Lavador pegou o prato #893 (Sujeira: MEDIO) 
[21:38:36] [FINE   ] Lavador terminou de lavar o prato #893 
[21:38:36] [FINE   ] Enxugador terminou de secar o prato #882 em 7ms. 
[21:38:36] [FINE   ] Enxugador pegou o prato #883 do escorredor. 
[21:38:36] [FINE   ] Escorredor CHEIO! Quantidade de pratos: 10 
[21:38:36] [FINE   ] Lavador colocou o prato #893 no escorredor. 
[21:38:36] [FINE   ] Lavador pegou o prato #894 (Sujeira: MEDIO) 
[21:38:36] [FINE   ] Lavador terminou de lavar o prato #894 
[21:38:36] [FINE   ] Enxugador terminou de secar o prato #883 em 10ms. 
[21:38:36] [FINE   ] Enxugador pegou o prato #884 do escorredor. 
[21:38:36] [FINE   ] Escorredor CHEIO! Quantidade de pratos: 10 
[21:38:36] [FINE   ] Lavador colocou o prato #894 no escorredor. 
[21:38:36] [FINE   ] Lavador pegou o prato #895 (Sujeira: BAIXO) 
[21:38:36] [FINE   ] Lavador terminou de lavar o prato #895 
[21:38:36] [FINE   ] Enxugador terminou de secar o prato #884 em 9ms. 
[21:38:36] [FINE   ] Enxugador pegou o prato #885 do escorredor. 
[21:38:36] [FINE   ] Escorredor CHEIO! Quantidade de pratos: 10 
[21:38:36] [FINE   ] Lavador colocou o prato #895 no escorredor. 
[21:38:36] [FINE   ] Lavador pegou o prato #896 (Sujeira: MEDIO) 
[21:38:36] [FINE   ] Lavador terminou de lavar o prato #896 
[21:38:36] [FINE   ] Enxugador terminou de secar o prato #885 em 10ms. 
[21:38:36] [FINE   ] Escorredor CHEIO! Quantidade de pratos: 10 
[21:38:36] [FINE   ] Enxugador pegou o prato #886 do escorredor. 
[21:38:36] [FINE   ] Lavador colocou o prato #896 no escorredor. 
[21:38:36] [FINE   ] Lavador pegou o prato #897 (Sujeira: BAIXO) 
[21:38:36] [FINE   ] Enxugador terminou de secar o prato #886 em 3ms. 
[21:38:36] [FINE   ] Enxugador pegou o prato #887 do escorredor. 
[21:38:36] [FINE   ] Lavador terminou de lavar o prato #897 
[21:38:36] [FINE   ] Escorredor CHEIO! Quantidade de pratos: 10 
[21:38:36] [FINE   ] Lavador colocou o prato #897 no escorredor. 
[21:38:36] [FINE   ] Enxugador terminou de secar o prato #887 em 3ms. 
[21:38:36] [FINE   ] Lavador pegou o prato #898 (Sujeira: BAIXO) 
[21:38:36] [FINE   ] Enxugador pegou o prato #888 do escorredor. 
[21:38:36] [FINE   ] Lavador terminou de lavar o prato #898 
[21:38:36] [FINE   ] Escorredor CHEIO! Quantidade de pratos: 10 
[21:38:36] [FINE   ] Lavador colocou o prato #898 no escorredor. 
[21:38:36] [FINE   ] Lavador pegou o prato #899 (Sujeira: MEDIO) 
[21:38:36] [FINE   ] Lavador terminou de lavar o prato #899 
[21:38:36] [FINE   ] Enxugador terminou de secar o prato #888 em 9ms. 
[21:38:36] [FINE   ] Enxugador pegou o prato #889 do escorredor. 
[21:38:36] [FINE   ] Escorredor CHEIO! Quantidade de pratos: 10 
[21:38:36] [FINE   ] Lavador colocou o prato #899 no escorredor. 
[21:38:36] [FINE   ] Lavador pegou o prato #900 (Sujeira: ENGORDURADO) 
[21:38:36] [FINE   ] Enxugador terminou de secar o prato #889 em 4ms. 
[21:38:36] [FINE   ] Enxugador pegou o prato #890 do escorredor. 
[21:38:36] [FINE   ] Lavador terminou de lavar o prato #900 
[21:38:36] [FINE   ] Escorredor CHEIO! Quantidade de pratos: 10 
[21:38:36] [FINE   ] Lavador colocou o prato #900 no escorredor. 
[21:38:36] [FINE   ] Lavador pegou o prato #901 (Sujeira: MEDIO) 
[21:38:36] [FINE   ] Enxugador terminou de secar o prato #890 em 8ms. 
[21:38:36] [FINE   ] Enxugador pegou o prato #891 do escorredor. 
[21:38:36] [FINE   ] Lavador terminou de lavar o prato #901 
[21:38:36] [FINE   ] Escorredor CHEIO! Quantidade de pratos: 10 
[21:38:36] [FINE   ] Lavador colocou o prato #901 no escorredor. 
[21:38:36] [FINE   ] Lavador pegou o prato #902 (Sujeira: BAIXO) 
[21:38:36] [FINE   ] Enxugador terminou de secar o prato #891 em 4ms. 
[21:38:36] [FINE   ] Enxugador pegou o prato #892 do escorredor. 
[21:38:36] [FINE   ] Lavador terminou de lavar o prato #902 
[21:38:36] [FINE   ] Escorredor CHEIO! Quantidade de pratos: 10 
[21:38:36] [FINE   ] Lavador colocou o prato #902 no escorredor. 
[21:38:36] [FINE   ] Lavador pegou o prato #903 (Sujeira: BAIXO) 
[21:38:36] [FINE   ] Enxugador terminou de secar o prato #892 em 6ms. 
[21:38:36] [FINE   ] Lavador terminou de lavar o prato #903 
[21:38:36] [FINE   ] Enxugador pegou o prato #893 do escorredor. 
[21:38:36] [FINE   ] Escorredor CHEIO! Quantidade de pratos: 10 
[21:38:36] [FINE   ] Lavador colocou o prato #903 no escorredor. 
[21:38:36] [FINE   ] Lavador pegou o prato #904 (Sujeira: BAIXO) 
[21:38:36] [FINE   ] Lavador terminou de lavar o prato #904 
[21:38:36] [FINE   ] Enxugador terminou de secar o prato #893 em 7ms. 
[21:38:36] [FINE   ] Escorredor CHEIO! Quantidade de pratos: 10 
[21:38:36] [FINE   ] Enxugador pegou o prato #894 do escorredor. 
[21:38:36] [FINE   ] Lavador colocou o prato #904 no escorredor. 
[21:38:36] [FINE   ] Lavador pegou o prato #905 (Sujeira: MEDIO) 
[21:38:36] [FINE   ] Lavador terminou de lavar o prato #905 
[21:38:36] [FINE   ] Enxugador terminou de secar o prato #894 em 7ms. 
[21:38:36] [FINE   ] Enxugador pegou o prato #895 do escorredor. 
[21:38:36] [FINE   ] Escorredor CHEIO! Quantidade de pratos: 10 
[21:38:36] [FINE   ] Lavador colocou o prato #905 no escorredor. 
[21:38:36] [FINE   ] Lavador pegou o prato #906 (Sujeira: BAIXO) 
[21:38:36] [FINE   ] Enxugador terminou de secar o prato #895 em 3ms. 
[21:38:36] [FINE   ] Lavador terminou de lavar o prato #906 
[21:38:36] [FINE   ] Enxugador pegou o prato #896 do escorredor. 
[21:38:36] [FINE   ] Escorredor CHEIO! Quantidade de pratos: 10 
[21:38:36] [FINE   ] Lavador colocou o prato #906 no escorredor. 
[21:38:36] [FINE   ] Lavador pegou o prato #907 (Sujeira: MEDIO) 
[21:38:36] [FINE   ] Lavador terminou de lavar o prato #907 
[21:38:36] [FINE   ] Enxugador terminou de secar o prato #896 em 9ms. 
[21:38:36] [FINE   ] Enxugador pegou o prato #897 do escorredor. 
[21:38:36] [FINE   ] Escorredor CHEIO! Quantidade de pratos: 10 
[21:38:36] [FINE   ] Lavador colocou o prato #907 no escorredor. 
[21:38:36] [FINE   ] Lavador pegou o prato #908 (Sujeira: MEDIO) 
[21:38:36] [FINE   ] Lavador terminou de lavar o prato #908 
[21:38:36] [FINE   ] Enxugador terminou de secar o prato #897 em 10ms. 
[21:38:36] [FINE   ] Enxugador pegou o prato #898 do escorredor. 
[21:38:36] [FINE   ] Escorredor CHEIO! Quantidade de pratos: 10 
[21:38:36] [FINE   ] Lavador colocou o prato #908 no escorredor. 
[21:38:36] [FINE   ] Lavador pegou o prato #909 (Sujeira: MEDIO) 
[21:38:36] [FINE   ] Enxugador terminou de secar o prato #898 em 3ms. 
[21:38:36] [FINE   ] Enxugador pegou o prato #899 do escorredor. 
[21:38:36] [FINE   ] Lavador terminou de lavar o prato #909 
[21:38:36] [FINE   ] Escorredor CHEIO! Quantidade de pratos: 10 
[21:38:36] [FINE   ] Lavador colocou o prato #909 no escorredor. 
[21:38:36] [FINE   ] Lavador pegou o prato #910 (Sujeira: MEDIO) 
[21:38:36] [FINE   ] Lavador terminou de lavar o prato #910 
[21:38:36] [FINE   ] Enxugador terminou de secar o prato #899 em 10ms. 
[21:38:36] [FINE   ] Enxugador pegou o prato #900 do escorredor. 
[21:38:36] [FINE   ] Escorredor CHEIO! Quantidade de pratos: 10 
[21:38:36] [FINE   ] Lavador colocou o prato #910 no escorredor. 
[21:38:36] [FINE   ] Lavador pegou o prato #911 (Sujeira: MEDIO) 
[21:38:36] [FINE   ] Lavador terminou de lavar o prato #911 
[21:38:36] [FINE   ] Enxugador terminou de secar o prato #900 em 9ms. 
[21:38:36] [FINE   ] Enxugador pegou o prato #901 do escorredor. 
[21:38:36] [FINE   ] Escorredor CHEIO! Quantidade de pratos: 10 
[21:38:36] [FINE   ] Lavador colocou o prato #911 no escorredor. 
[21:38:36] [FINE   ] Lavador pegou o prato #912 (Sujeira: MEDIO) 
[21:38:36] [FINE   ] Enxugador terminou de secar o prato #901 em 3ms. 
[21:38:36] [FINE   ] Enxugador pegou o prato #902 do escorredor. 
[21:38:36] [FINE   ] Lavador terminou de lavar o prato #912 
[21:38:36] [FINE   ] Escorredor CHEIO! Quantidade de pratos: 10 
[21:38:36] [FINE   ] Lavador colocou o prato #912 no escorredor. 
[21:38:36] [FINE   ] Lavador pegou o prato #913 (Sujeira: BAIXO) 
[21:38:36] [FINE   ] Lavador terminou de lavar o prato #913 
[21:38:36] [FINE   ] Enxugador terminou de secar o prato #902 em 6ms. 
[21:38:36] [FINE   ] Enxugador pegou o prato #903 do escorredor. 
[21:38:36] [FINE   ] Escorredor CHEIO! Quantidade de pratos: 10 
[21:38:36] [FINE   ] Lavador colocou o prato #913 no escorredor. 
[21:38:36] [FINE   ] Lavador pegou o prato #914 (Sujeira: BAIXO) 
[21:38:36] [FINE   ] Lavador terminou de lavar o prato #914 
[21:38:36] [FINE   ] Enxugador terminou de secar o prato #903 em 7ms. 
[21:38:36] [FINE   ] Enxugador pegou o prato #904 do escorredor. 
[21:38:36] [FINE   ] Escorredor CHEIO! Quantidade de pratos: 10 
[21:38:36] [FINE   ] Lavador colocou o prato #914 no escorredor. 
[21:38:36] [FINE   ] Lavador pegou o prato #915 (Sujeira: MEDIO) 
[21:38:36] [FINE   ] Lavador terminou de lavar o prato #915 
[21:38:36] [FINE   ] Enxugador terminou de secar o prato #904 em 6ms. 
[21:38:36] [FINE   ] Enxugador pegou o prato #905 do escorredor. 
[21:38:36] [FINE   ] Escorredor CHEIO! Quantidade de pratos: 10 
[21:38:36] [FINE   ] Lavador colocou o prato #915 no escorredor. 
[21:38:36] [FINE   ] Lavador pegou o prato #916 (Sujeira: ENGORDURADO) 
[21:38:36] [FINE   ] Enxugador terminou de secar o prato #905 em 7ms. 
[21:38:36] [FINE   ] Enxugador pegou o prato #906 do escorredor. 
[21:38:36] [FINE   ] Lavador terminou de lavar o prato #916 
[21:38:36] [FINE   ] Escorredor CHEIO! Quantidade de pratos: 10 
[21:38:36] [FINE   ] Lavador colocou o prato #916 no escorredor. 
[21:38:36] [FINE   ] Lavador pegou o prato #917 (Sujeira: BAIXO) 
[21:38:36] [FINE   ] Enxugador terminou de secar o prato #906 em 3ms. 
[21:38:36] [FINE   ] Enxugador pegou o prato #907 do escorredor. 
[21:38:36] [FINE   ] Lavador terminou de lavar o prato #917 
[21:38:36] [FINE   ] Escorredor CHEIO! Quantidade de pratos: 10 
[21:38:36] [FINE   ] Lavador colocou o prato #917 no escorredor. 
[21:38:36] [FINE   ] Lavador pegou o prato #918 (Sujeira: MEDIO) 
[21:38:36] [FINE   ] Lavador terminou de lavar o prato #918 
[21:38:36] [FINE   ] Enxugador terminou de secar o prato #907 em 7ms. 
[21:38:36] [FINE   ] Enxugador pegou o prato #908 do escorredor. 
[21:38:36] [FINE   ] Escorredor CHEIO! Quantidade de pratos: 10 
[21:38:36] [FINE   ] Lavador colocou o prato #918 no escorredor. 
[21:38:36] [FINE   ] Lavador pegou o prato #919 (Sujeira: MEDIO) 
[21:38:36] [FINE   ] Lavador terminou de lavar o prato #919 
[21:38:36] [FINE   ] Enxugador terminou de secar o prato #908 em 6ms. 
[21:38:36] [FINE   ] Enxugador pegou o prato #909 do escorredor. 
[21:38:36] [FINE   ] Escorredor CHEIO! Quantidade de pratos: 10 
[21:38:36] [FINE   ] Lavador colocou o prato #919 no escorredor. 
[21:38:36] [FINE   ] Lavador pegou o prato #920 (Sujeira: ENGORDURADO) 
[21:38:36] [FINE   ] Enxugador terminou de secar o prato #909 em 5ms. 
[21:38:36] [FINE   ] Enxugador pegou o prato #910 do escorredor. 
[21:38:36] [FINE   ] Lavador terminou de lavar o prato #920 
[21:38:36] [FINE   ] Escorredor CHEIO! Quantidade de pratos: 10 
[21:38:36] [FINE   ] Lavador colocou o prato #920 no escorredor. 
[21:38:36] [FINE   ] Lavador pegou o prato #921 (Sujeira: MEDIO) 
[21:38:36] [FINE   ] Enxugador terminou de secar o prato #910 em 8ms. 
[21:38:36] [FINE   ] Enxugador pegou o prato #911 do escorredor. 
[21:38:36] [FINE   ] Lavador terminou de lavar o prato #921 
[21:38:36] [FINE   ] Escorredor CHEIO! Quantidade de pratos: 10 
[21:38:36] [FINE   ] Lavador colocou o prato #921 no escorredor. 
[21:38:36] [FINE   ] Lavador pegou o prato #922 (Sujeira: BAIXO) 
[21:38:36] [FINE   ] Lavador terminou de lavar o prato #922 
[21:38:36] [FINE   ] Enxugador terminou de secar o prato #911 em 7ms. 
[21:38:36] [FINE   ] Enxugador pegou o prato #912 do escorredor. 
[21:38:36] [FINE   ] Escorredor CHEIO! Quantidade de pratos: 10 
[21:38:36] [FINE   ] Lavador colocou o prato #922 no escorredor. 
[21:38:36] [FINE   ] Lavador pegou o prato #923 (Sujeira: ENGORDURADO) 
[21:38:36] [FINE   ] Enxugador terminou de secar o prato #912 em 9ms. 
[21:38:36] [FINE   ] Enxugador pegou o prato #913 do escorredor. 
[21:38:36] [FINE   ] Lavador terminou de lavar o prato #923 
[21:38:36] [FINE   ] Escorredor CHEIO! Quantidade de pratos: 10 
[21:38:36] [FINE   ] Lavador colocou o prato #923 no escorredor. 
[21:38:36] [FINE   ] Lavador pegou o prato #924 (Sujeira: BAIXO) 
[21:38:36] [FINE   ] Lavador terminou de lavar o prato #924 
[21:38:36] [FINE   ] Enxugador terminou de secar o prato #913 em 7ms. 
[21:38:36] [FINE   ] Enxugador pegou o prato #914 do escorredor. 
[21:38:36] [FINE   ] Escorredor CHEIO! Quantidade de pratos: 10 
[21:38:36] [FINE   ] Lavador colocou o prato #924 no escorredor. 
[21:38:36] [FINE   ] Lavador pegou o prato #925 (Sujeira: MEDIO) 
[21:38:36] [FINE   ] Lavador terminou de lavar o prato #925 
[21:38:36] [FINE   ] Enxugador terminou de secar o prato #914 em 6ms. 
[21:38:36] [FINE   ] Enxugador pegou o prato #915 do escorredor. 
[21:38:36] [FINE   ] Escorredor CHEIO! Quantidade de pratos: 10 
[21:38:36] [FINE   ] Lavador colocou o prato #925 no escorredor. 
[21:38:36] [FINE   ] Lavador pegou o prato #926 (Sujeira: MEDIO) 
[21:38:36] [FINE   ] Enxugador terminou de secar o prato #915 em 3ms. 
[21:38:36] [FINE   ] Enxugador pegou o prato #916 do escorredor. 
[21:38:36] [FINE   ] Lavador terminou de lavar o prato #926 
[21:38:36] [FINE   ] Escorredor CHEIO! Quantidade de pratos: 10 
[21:38:36] [FINE   ] Lavador colocou o prato #926 no escorredor. 
[21:38:36] [FINE   ] Lavador pegou o prato #927 (Sujeira: BAIXO) 
[21:38:36] [FINE   ] Lavador terminou de lavar o prato #927 
[21:38:36] [FINE   ] Enxugador terminou de secar o prato #916 em 4ms. 
[21:38:36] [FINE   ] Enxugador pegou o prato #917 do escorredor. 
[21:38:36] [FINE   ] Escorredor CHEIO! Quantidade de pratos: 10 
[21:38:36] [FINE   ] Lavador colocou o prato #927 no escorredor. 
[21:38:36] [FINE   ] Lavador pegou o prato #928 (Sujeira: MEDIO) 
[21:38:36] [FINE   ] Lavador terminou de lavar o prato #928 
[21:38:36] [FINE   ] Enxugador terminou de secar o prato #917 em 7ms. 
[21:38:36] [FINE   ] Escorredor CHEIO! Quantidade de pratos: 10 
[21:38:36] [FINE   ] Enxugador pegou o prato #918 do escorredor. 
[21:38:36] [FINE   ] Lavador colocou o prato #928 no escorredor. 
[21:38:36] [FINE   ] Lavador pegou o prato #929 (Sujeira: MEDIO) 
[21:38:36] [FINE   ] Lavador terminou de lavar o prato #929 
[21:38:36] [FINE   ] Enxugador terminou de secar o prato #918 em 9ms. 
[21:38:36] [FINE   ] Enxugador pegou o prato #919 do escorredor. 
[21:38:36] [FINE   ] Escorredor CHEIO! Quantidade de pratos: 10 
[21:38:36] [FINE   ] Lavador colocou o prato #929 no escorredor. 
[21:38:36] [FINE   ] Lavador pegou o prato #930 (Sujeira: BAIXO) 
[21:38:36] [FINE   ] Lavador terminou de lavar o prato #930 
[21:38:36] [FINE   ] Enxugador terminou de secar o prato #919 em 4ms. 
[21:38:36] [FINE   ] Enxugador pegou o prato #920 do escorredor. 
[21:38:36] [FINE   ] Escorredor CHEIO! Quantidade de pratos: 10 
[21:38:36] [FINE   ] Lavador colocou o prato #930 no escorredor. 
[21:38:36] [FINE   ] Lavador pegou o prato #931 (Sujeira: MEDIO) 
[21:38:36] [FINE   ] Enxugador terminou de secar o prato #920 em 4ms. 
[21:38:36] [FINE   ] Lavador terminou de lavar o prato #931 
[21:38:36] [FINE   ] Escorredor CHEIO! Quantidade de pratos: 10 
[21:38:36] [FINE   ] Lavador colocou o prato #931 no escorredor. 
[21:38:36] [FINE   ] Lavador pegou o prato #932 (Sujeira: BAIXO) 
[21:38:36] [FINE   ] Enxugador pegou o prato #921 do escorredor. 
[21:38:36] [FINE   ] Lavador terminou de lavar o prato #932 
[21:38:36] [FINE   ] Enxugador terminou de secar o prato #921 em 10ms. 
[21:38:36] [FINE   ] Enxugador pegou o prato #922 do escorredor. 
[21:38:36] [FINE   ] Escorredor CHEIO! Quantidade de pratos: 10 
[21:38:36] [FINE   ] Lavador colocou o prato #932 no escorredor. 
[21:38:36] [FINE   ] Lavador pegou o prato #933 (Sujeira: BAIXO) 
[21:38:36] [FINE   ] Lavador terminou de lavar o prato #933 
[21:38:36] [FINE   ] Enxugador terminou de secar o prato #922 em 10ms. 
[21:38:36] [FINE   ] Enxugador pegou o prato #923 do escorredor. 
[21:38:36] [FINE   ] Escorredor CHEIO! Quantidade de pratos: 10 
[21:38:36] [FINE   ] Lavador colocou o prato #933 no escorredor. 
[21:38:36] [FINE   ] Lavador pegou o prato #934 (Sujeira: BAIXO) 
[21:38:36] [FINE   ] Lavador terminou de lavar o prato #934 
[21:38:36] [FINE   ] Enxugador terminou de secar o prato #923 em 9ms. 
[21:38:36] [FINE   ] Enxugador pegou o prato #924 do escorredor. 
[21:38:36] [FINE   ] Escorredor CHEIO! Quantidade de pratos: 10 
[21:38:36] [FINE   ] Lavador colocou o prato #934 no escorredor. 
[21:38:36] [FINE   ] Lavador pegou o prato #935 (Sujeira: MEDIO) 
[21:38:36] [FINE   ] Lavador terminou de lavar o prato #935 
[21:38:36] [FINE   ] Enxugador terminou de secar o prato #924 em 6ms. 
[21:38:36] [FINE   ] Escorredor CHEIO! Quantidade de pratos: 10 
[21:38:36] [FINE   ] Enxugador pegou o prato #925 do escorredor. 
[21:38:36] [FINE   ] Lavador colocou o prato #935 no escorredor. 
[21:38:36] [FINE   ] Lavador pegou o prato #936 (Sujeira: MEDIO) 
[21:38:36] [FINE   ] Enxugador terminou de secar o prato #925 em 6ms. 
[21:38:36] [FINE   ] Enxugador pegou o prato #926 do escorredor. 
[21:38:36] [FINE   ] Lavador terminou de lavar o prato #936 
[21:38:36] [FINE   ] Escorredor CHEIO! Quantidade de pratos: 10 
[21:38:36] [FINE   ] Lavador colocou o prato #936 no escorredor. 
[21:38:36] [FINE   ] Lavador pegou o prato #937 (Sujeira: MEDIO) 
[21:38:36] [FINE   ] Enxugador terminou de secar o prato #926 em 7ms. 
[21:38:36] [FINE   ] Lavador terminou de lavar o prato #937 
[21:38:36] [FINE   ] Enxugador pegou o prato #927 do escorredor. 
[21:38:36] [FINE   ] Escorredor CHEIO! Quantidade de pratos: 10 
[21:38:36] [FINE   ] Lavador colocou o prato #937 no escorredor. 
[21:38:36] [FINE   ] Lavador pegou o prato #938 (Sujeira: MEDIO) 
[21:38:36] [FINE   ] Lavador terminou de lavar o prato #938 
[21:38:36] [FINE   ] Enxugador terminou de secar o prato #927 em 10ms. 
[21:38:36] [FINE   ] Enxugador pegou o prato #928 do escorredor. 
[21:38:36] [FINE   ] Escorredor CHEIO! Quantidade de pratos: 10 
[21:38:36] [FINE   ] Lavador colocou o prato #938 no escorredor. 
[21:38:36] [FINE   ] Lavador pegou o prato #939 (Sujeira: BAIXO) 
[21:38:36] [FINE   ] Lavador terminou de lavar o prato #939 
[21:38:36] [FINE   ] Enxugador terminou de secar o prato #928 em 7ms. 
[21:38:36] [FINE   ] Enxugador pegou o prato #929 do escorredor. 
[21:38:36] [FINE   ] Escorredor CHEIO! Quantidade de pratos: 10 
[21:38:36] [FINE   ] Lavador colocou o prato #939 no escorredor. 
[21:38:36] [FINE   ] Lavador pegou o prato #940 (Sujeira: MEDIO) 
[21:38:36] [FINE   ] Lavador terminou de lavar o prato #940 
[21:38:36] [FINE   ] Enxugador terminou de secar o prato #929 em 9ms. 
[21:38:36] [FINE   ] Enxugador pegou o prato #930 do escorredor. 
[21:38:36] [FINE   ] Escorredor CHEIO! Quantidade de pratos: 10 
[21:38:36] [FINE   ] Lavador colocou o prato #940 no escorredor. 
[21:38:36] [FINE   ] Lavador pegou o prato #941 (Sujeira: MEDIO) 
[21:38:36] [FINE   ] Lavador terminou de lavar o prato #941 
[21:38:36] [FINE   ] Enxugador terminou de secar o prato #930 em 9ms. 
[21:38:36] [FINE   ] Enxugador pegou o prato #931 do escorredor. 
[21:38:36] [FINE   ] Escorredor CHEIO! Quantidade de pratos: 10 
[21:38:36] [FINE   ] Lavador colocou o prato #941 no escorredor. 
[21:38:36] [FINE   ] Lavador pegou o prato #942 (Sujeira: MEDIO) 
[21:38:36] [FINE   ] Lavador terminou de lavar o prato #942 
[21:38:36] [FINE   ] Enxugador terminou de secar o prato #931 em 8ms. 
[21:38:36] [FINE   ] Enxugador pegou o prato #932 do escorredor. 
[21:38:36] [FINE   ] Escorredor CHEIO! Quantidade de pratos: 10 
[21:38:36] [FINE   ] Lavador colocou o prato #942 no escorredor. 
[21:38:36] [FINE   ] Lavador pegou o prato #943 (Sujeira: MEDIO) 
[21:38:36] [FINE   ] Lavador terminou de lavar o prato #943 
[21:38:36] [FINE   ] Enxugador terminou de secar o prato #932 em 8ms. 
[21:38:36] [FINE   ] Escorredor CHEIO! Quantidade de pratos: 10 
[21:38:36] [FINE   ] Enxugador pegou o prato #933 do escorredor. 
[21:38:36] [FINE   ] Lavador colocou o prato #943 no escorredor. 
[21:38:36] [FINE   ] Lavador pegou o prato #944 (Sujeira: MEDIO) 
[21:38:36] [FINE   ] Enxugador terminou de secar o prato #933 em 4ms. 
[21:38:36] [FINE   ] Enxugador pegou o prato #934 do escorredor. 
[21:38:36] [FINE   ] Lavador terminou de lavar o prato #944 
[21:38:36] [FINE   ] Escorredor CHEIO! Quantidade de pratos: 10 
[21:38:36] [FINE   ] Lavador colocou o prato #944 no escorredor. 
[21:38:36] [FINE   ] Lavador pegou o prato #945 (Sujeira: MEDIO) 
[21:38:36] [FINE   ] Enxugador terminou de secar o prato #934 em 4ms. 
[21:38:36] [FINE   ] Enxugador pegou o prato #935 do escorredor. 
[21:38:36] [FINE   ] Lavador terminou de lavar o prato #945 
[21:38:36] [FINE   ] Escorredor CHEIO! Quantidade de pratos: 10 
[21:38:36] [FINE   ] Lavador colocou o prato #945 no escorredor. 
[21:38:36] [FINE   ] Lavador pegou o prato #946 (Sujeira: MEDIO) 
[21:38:36] [FINE   ] Lavador terminou de lavar o prato #946 
[21:38:36] [FINE   ] Enxugador terminou de secar o prato #935 em 8ms. 
[21:38:36] [FINE   ] Enxugador pegou o prato #936 do escorredor. 
[21:38:36] [FINE   ] Escorredor CHEIO! Quantidade de pratos: 10 
[21:38:36] [FINE   ] Lavador colocou o prato #946 no escorredor. 
[21:38:36] [FINE   ] Lavador pegou o prato #947 (Sujeira: ENGORDURADO) 
[21:38:36] [FINE   ] Enxugador terminou de secar o prato #936 em 9ms. 
[21:38:36] [FINE   ] Enxugador pegou o prato #937 do escorredor. 
[21:38:36] [FINE   ] Lavador terminou de lavar o prato #947 
[21:38:36] [FINE   ] Escorredor CHEIO! Quantidade de pratos: 10 
[21:38:36] [FINE   ] Lavador colocou o prato #947 no escorredor. 
[21:38:36] [FINE   ] Lavador pegou o prato #948 (Sujeira: MEDIO) 
[21:38:36] [FINE   ] Lavador terminou de lavar o prato #948 
[21:38:36] [FINE   ] Enxugador terminou de secar o prato #937 em 9ms. 
[21:38:36] [FINE   ] Enxugador pegou o prato #938 do escorredor. 
[21:38:36] [FINE   ] Escorredor CHEIO! Quantidade de pratos: 10 
[21:38:36] [FINE   ] Lavador colocou o prato #948 no escorredor. 
[21:38:36] [FINE   ] Lavador pegou o prato #949 (Sujeira: MEDIO) 
[21:38:36] [FINE   ] Enxugador terminou de secar o prato #938 em 5ms. 
[21:38:36] [FINE   ] Enxugador pegou o prato #939 do escorredor. 
[21:38:36] [FINE   ] Lavador terminou de lavar o prato #949 
[21:38:36] [FINE   ] Escorredor CHEIO! Quantidade de pratos: 10 
[21:38:36] [FINE   ] Lavador colocou o prato #949 no escorredor. 
[21:38:36] [FINE   ] Lavador pegou o prato #950 (Sujeira: MEDIO) 
[21:38:36] [FINE   ] Lavador terminou de lavar o prato #950 
[21:38:36] [FINE   ] Enxugador terminou de secar o prato #939 em 8ms. 
[21:38:36] [FINE   ] Enxugador pegou o prato #940 do escorredor. 
[21:38:36] [FINE   ] Escorredor CHEIO! Quantidade de pratos: 10 
[21:38:36] [FINE   ] Lavador colocou o prato #950 no escorredor. 
[21:38:36] [FINE   ] Lavador pegou o prato #951 (Sujeira: MEDIO) 
[21:38:36] [FINE   ] Enxugador terminou de secar o prato #940 em 6ms. 
[21:38:36] [FINE   ] Lavador terminou de lavar o prato #951 
[21:38:36] [FINE   ] Escorredor CHEIO! Quantidade de pratos: 10 
[21:38:36] [FINE   ] Enxugador pegou o prato #941 do escorredor. 
[21:38:36] [FINE   ] Lavador colocou o prato #951 no escorredor. 
[21:38:36] [FINE   ] Lavador pegou o prato #952 (Sujeira: BAIXO) 
[21:38:36] [FINE   ] Lavador terminou de lavar o prato #952 
[21:38:36] [FINE   ] Enxugador terminou de secar o prato #941 em 4ms. 
[21:38:36] [FINE   ] Enxugador pegou o prato #942 do escorredor. 
[21:38:36] [FINE   ] Escorredor CHEIO! Quantidade de pratos: 10 
[21:38:36] [FINE   ] Lavador colocou o prato #952 no escorredor. 
[21:38:36] [FINE   ] Lavador pegou o prato #953 (Sujeira: BAIXO) 
[21:38:36] [FINE   ] Lavador terminou de lavar o prato #953 
[21:38:36] [FINE   ] Enxugador terminou de secar o prato #942 em 6ms. 
[21:38:36] [FINE   ] Enxugador pegou o prato #943 do escorredor. 
[21:38:36] [FINE   ] Escorredor CHEIO! Quantidade de pratos: 10 
[21:38:36] [FINE   ] Lavador colocou o prato #953 no escorredor. 
[21:38:36] [FINE   ] Lavador pegou o prato #954 (Sujeira: MEDIO) 
[21:38:36] [FINE   ] Lavador terminou de lavar o prato #954 
[21:38:36] [FINE   ] Enxugador terminou de secar o prato #943 em 8ms. 
[21:38:36] [FINE   ] Enxugador pegou o prato #944 do escorredor. 
[21:38:36] [FINE   ] Escorredor CHEIO! Quantidade de pratos: 10 
[21:38:36] [FINE   ] Lavador colocou o prato #954 no escorredor. 
[21:38:36] [FINE   ] Lavador pegou o prato #955 (Sujeira: MEDIO) 
[21:38:36] [FINE   ] Lavador terminou de lavar o prato #955 
[21:38:36] [FINE   ] Enxugador terminou de secar o prato #944 em 9ms. 
[21:38:36] [FINE   ] Enxugador pegou o prato #945 do escorredor. 
[21:38:36] [FINE   ] Escorredor CHEIO! Quantidade de pratos: 10 
[21:38:36] [FINE   ] Lavador colocou o prato #955 no escorredor. 
[21:38:36] [FINE   ] Lavador pegou o prato #956 (Sujeira: MEDIO) 
[21:38:36] [FINE   ] Enxugador terminou de secar o prato #945 em 5ms. 
[21:38:36] [FINE   ] Enxugador pegou o prato #946 do escorredor. 
[21:38:36] [FINE   ] Lavador terminou de lavar o prato #956 
[21:38:36] [FINE   ] Escorredor CHEIO! Quantidade de pratos: 10 
[21:38:36] [FINE   ] Lavador colocou o prato #956 no escorredor. 
[21:38:36] [FINE   ] Lavador pegou o prato #957 (Sujeira: MEDIO) 
[21:38:36] [FINE   ] Enxugador terminou de secar o prato #946 em 3ms. 
[21:38:36] [FINE   ] Enxugador pegou o prato #947 do escorredor. 
[21:38:36] [FINE   ] Lavador terminou de lavar o prato #957 
[21:38:36] [FINE   ] Escorredor CHEIO! Quantidade de pratos: 10 
[21:38:36] [FINE   ] Lavador colocou o prato #957 no escorredor. 
[21:38:36] [FINE   ] Lavador pegou o prato #958 (Sujeira: ENGORDURADO) 
[21:38:36] [FINE   ] Enxugador terminou de secar o prato #947 em 9ms. 
[21:38:36] [FINE   ] Enxugador pegou o prato #948 do escorredor. 
[21:38:36] [FINE   ] Enxugador terminou de secar o prato #948 em 3ms. 
[21:38:36] [FINE   ] Enxugador pegou o prato #949 do escorredor. 
[21:38:36] [FINE   ] Lavador terminou de lavar o prato #958 
[21:38:36] [FINE   ] Lavador colocou o prato #958 no escorredor. 
[21:38:36] [FINE   ] Lavador pegou o prato #959 (Sujeira: BAIXO) 
[21:38:36] [FINE   ] Lavador terminou de lavar o prato #959 
[21:38:36] [FINE   ] Escorredor CHEIO! Quantidade de pratos: 10 
[21:38:36] [FINE   ] Lavador colocou o prato #959 no escorredor. 
[21:38:36] [FINE   ] Lavador pegou o prato #960 (Sujeira: MEDIO) 
[21:38:36] [FINE   ] Enxugador terminou de secar o prato #949 em 8ms. 
[21:38:36] [FINE   ] Enxugador pegou o prato #950 do escorredor. 
[21:38:36] [FINE   ] Lavador terminou de lavar o prato #960 
[21:38:36] [FINE   ] Escorredor CHEIO! Quantidade de pratos: 10 
[21:38:36] [FINE   ] Lavador colocou o prato #960 no escorredor. 
[21:38:36] [FINE   ] Lavador pegou o prato #961 (Sujeira: MEDIO) 
[21:38:36] [FINE   ] Lavador terminou de lavar o prato #961 
[21:38:36] [FINE   ] Enxugador terminou de secar o prato #950 em 9ms. 
[21:38:36] [FINE   ] Enxugador pegou o prato #951 do escorredor. 
[21:38:36] [FINE   ] Escorredor CHEIO! Quantidade de pratos: 10 
[21:38:36] [FINE   ] Lavador colocou o prato #961 no escorredor. 
[21:38:36] [FINE   ] Lavador pegou o prato #962 (Sujeira: MEDIO) 
[21:38:36] [FINE   ] Enxugador terminou de secar o prato #951 em 4ms. 
[21:38:36] [FINE   ] Enxugador pegou o prato #952 do escorredor. 
[21:38:36] [FINE   ] Lavador terminou de lavar o prato #962 
[21:38:36] [FINE   ] Escorredor CHEIO! Quantidade de pratos: 10 
[21:38:36] [FINE   ] Lavador colocou o prato #962 no escorredor. 
[21:38:36] [FINE   ] Lavador pegou o prato #963 (Sujeira: BAIXO) 
[21:38:36] [FINE   ] Lavador terminou de lavar o prato #963 
[21:38:36] [FINE   ] Enxugador terminou de secar o prato #952 em 7ms. 
[21:38:36] [FINE   ] Enxugador pegou o prato #953 do escorredor. 
[21:38:36] [FINE   ] Escorredor CHEIO! Quantidade de pratos: 10 
[21:38:36] [FINE   ] Lavador colocou o prato #963 no escorredor. 
[21:38:36] [FINE   ] Lavador pegou o prato #964 (Sujeira: BAIXO) 
[21:38:36] [FINE   ] Lavador terminou de lavar o prato #964 
[21:38:36] [FINE   ] Enxugador terminou de secar o prato #953 em 5ms. 
[21:38:36] [FINE   ] Enxugador pegou o prato #954 do escorredor. 
[21:38:36] [FINE   ] Escorredor CHEIO! Quantidade de pratos: 10 
[21:38:36] [FINE   ] Lavador colocou o prato #964 no escorredor. 
[21:38:36] [FINE   ] Lavador pegou o prato #965 (Sujeira: BAIXO) 
[21:38:36] [FINE   ] Lavador terminou de lavar o prato #965 
[21:38:36] [FINE   ] Enxugador terminou de secar o prato #954 em 10ms. 
[21:38:36] [FINE   ] Enxugador pegou o prato #955 do escorredor. 
[21:38:36] [FINE   ] Escorredor CHEIO! Quantidade de pratos: 10 
[21:38:36] [FINE   ] Lavador colocou o prato #965 no escorredor. 
[21:38:36] [FINE   ] Lavador pegou o prato #966 (Sujeira: ENGORDURADO) 
[21:38:36] [FINE   ] Lavador terminou de lavar o prato #966 
[21:38:36] [FINE   ] Enxugador terminou de secar o prato #955 em 10ms. 
[21:38:36] [FINE   ] Enxugador pegou o prato #956 do escorredor. 
[21:38:36] [FINE   ] Escorredor CHEIO! Quantidade de pratos: 10 
[21:38:36] [FINE   ] Lavador colocou o prato #966 no escorredor. 
[21:38:36] [FINE   ] Lavador pegou o prato #967 (Sujeira: MEDIO) 
[21:38:36] [FINE   ] Lavador terminou de lavar o prato #967 
[21:38:36] [FINE   ] Enxugador terminou de secar o prato #956 em 10ms. 
[21:38:36] [FINE   ] Enxugador pegou o prato #957 do escorredor. 
[21:38:36] [FINE   ] Escorredor CHEIO! Quantidade de pratos: 10 
[21:38:36] [FINE   ] Lavador colocou o prato #967 no escorredor. 
[21:38:36] [FINE   ] Lavador pegou o prato #968 (Sujeira: BAIXO) 
[21:38:36] [FINE   ] Lavador terminou de lavar o prato #968 
[21:38:36] [FINE   ] Enxugador terminou de secar o prato #957 em 3ms. 
[21:38:36] [FINE   ] Enxugador pegou o prato #958 do escorredor. 
[21:38:36] [FINE   ] Escorredor CHEIO! Quantidade de pratos: 10 
[21:38:36] [FINE   ] Lavador colocou o prato #968 no escorredor. 
[21:38:36] [FINE   ] Lavador pegou o prato #969 (Sujeira: MEDIO) 
[21:38:36] [FINE   ] Enxugador terminou de secar o prato #958 em 4ms. 
[21:38:36] [FINE   ] Enxugador pegou o prato #959 do escorredor. 
[21:38:36] [FINE   ] Lavador terminou de lavar o prato #969 
[21:38:36] [FINE   ] Escorredor CHEIO! Quantidade de pratos: 10 
[21:38:36] [FINE   ] Lavador colocou o prato #969 no escorredor. 
[21:38:36] [FINE   ] Lavador pegou o prato #970 (Sujeira: BAIXO) 
[21:38:36] [FINE   ] Enxugador terminou de secar o prato #959 em 4ms. 
[21:38:36] [FINE   ] Lavador terminou de lavar o prato #970 
[21:38:36] [FINE   ] Enxugador pegou o prato #960 do escorredor. 
[21:38:36] [FINE   ] Escorredor CHEIO! Quantidade de pratos: 10 
[21:38:36] [FINE   ] Lavador colocou o prato #970 no escorredor. 
[21:38:36] [FINE   ] Lavador pegou o prato #971 (Sujeira: BAIXO) 
[21:38:36] [FINE   ] Lavador terminou de lavar o prato #971 
[21:38:36] [FINE   ] Enxugador terminou de secar o prato #960 em 3ms. 
[21:38:36] [FINE   ] Enxugador pegou o prato #961 do escorredor. 
[21:38:36] [FINE   ] Escorredor CHEIO! Quantidade de pratos: 10 
[21:38:36] [FINE   ] Lavador colocou o prato #971 no escorredor. 
[21:38:36] [FINE   ] Lavador pegou o prato #972 (Sujeira: MEDIO) 
[21:38:36] [FINE   ] Lavador terminou de lavar o prato #972 
[21:38:36] [FINE   ] Enxugador terminou de secar o prato #961 em 10ms. 
[21:38:36] [FINE   ] Enxugador pegou o prato #962 do escorredor. 
[21:38:36] [FINE   ] Escorredor CHEIO! Quantidade de pratos: 10 
[21:38:36] [FINE   ] Lavador colocou o prato #972 no escorredor. 
[21:38:36] [FINE   ] Lavador pegou o prato #973 (Sujeira: MEDIO) 
[21:38:36] [FINE   ] Lavador terminou de lavar o prato #973 
[21:38:36] [FINE   ] Enxugador terminou de secar o prato #962 em 6ms. 
[21:38:36] [FINE   ] Enxugador pegou o prato #963 do escorredor. 
[21:38:36] [FINE   ] Escorredor CHEIO! Quantidade de pratos: 10 
[21:38:36] [FINE   ] Lavador colocou o prato #973 no escorredor. 
[21:38:36] [FINE   ] Lavador pegou o prato #974 (Sujeira: BAIXO) 
[21:38:36] [FINE   ] Enxugador terminou de secar o prato #963 em 4ms. 
[21:38:36] [FINE   ] Lavador terminou de lavar o prato #974 
[21:38:36] [FINE   ] Escorredor CHEIO! Quantidade de pratos: 10 
[21:38:36] [FINE   ] Enxugador pegou o prato #964 do escorredor. 
[21:38:36] [FINE   ] Lavador colocou o prato #974 no escorredor. 
[21:38:36] [FINE   ] Lavador pegou o prato #975 (Sujeira: BAIXO) 
[21:38:36] [FINE   ] Enxugador terminou de secar o prato #964 em 3ms. 
[21:38:36] [FINE   ] Lavador terminou de lavar o prato #975 
[21:38:36] [FINE   ] Enxugador pegou o prato #965 do escorredor. 
[21:38:36] [FINE   ] Escorredor CHEIO! Quantidade de pratos: 10 
[21:38:36] [FINE   ] Lavador colocou o prato #975 no escorredor. 
[21:38:36] [FINE   ] Lavador pegou o prato #976 (Sujeira: BAIXO) 
[21:38:36] [FINE   ] Lavador terminou de lavar o prato #976 
[21:38:36] [FINE   ] Enxugador terminou de secar o prato #965 em 9ms. 
[21:38:36] [FINE   ] Enxugador pegou o prato #966 do escorredor. 
[21:38:36] [FINE   ] Escorredor CHEIO! Quantidade de pratos: 10 
[21:38:36] [FINE   ] Lavador colocou o prato #976 no escorredor. 
[21:38:36] [FINE   ] Lavador pegou o prato #977 (Sujeira: MEDIO) 
[21:38:36] [FINE   ] Lavador terminou de lavar o prato #977 
[21:38:36] [FINE   ] Enxugador terminou de secar o prato #966 em 10ms. 
[21:38:36] [FINE   ] Enxugador pegou o prato #967 do escorredor. 
[21:38:36] [FINE   ] Escorredor CHEIO! Quantidade de pratos: 10 
[21:38:36] [FINE   ] Lavador colocou o prato #977 no escorredor. 
[21:38:36] [FINE   ] Lavador pegou o prato #978 (Sujeira: ENGORDURADO) 
[21:38:36] [FINE   ] Enxugador terminou de secar o prato #967 em 7ms. 
[21:38:36] [FINE   ] Enxugador pegou o prato #968 do escorredor. 
[21:38:36] [FINE   ] Lavador terminou de lavar o prato #978 
[21:38:36] [FINE   ] Escorredor CHEIO! Quantidade de pratos: 10 
[21:38:36] [FINE   ] Lavador colocou o prato #978 no escorredor. 
[21:38:36] [FINE   ] Lavador pegou o prato #979 (Sujeira: MEDIO) 
[21:38:36] [FINE   ] Enxugador terminou de secar o prato #968 em 8ms. 
[21:38:36] [FINE   ] Lavador terminou de lavar o prato #979 
[21:38:36] [FINE   ] Enxugador pegou o prato #969 do escorredor. 
[21:38:36] [FINE   ] Escorredor CHEIO! Quantidade de pratos: 10 
[21:38:36] [FINE   ] Lavador colocou o prato #979 no escorredor. 
[21:38:36] [FINE   ] Lavador pegou o prato #980 (Sujeira: ENGORDURADO) 
[21:38:36] [FINE   ] Lavador terminou de lavar o prato #980 
[21:38:36] [FINE   ] Enxugador terminou de secar o prato #969 em 10ms. 
[21:38:36] [FINE   ] Enxugador pegou o prato #970 do escorredor. 
[21:38:36] [FINE   ] Escorredor CHEIO! Quantidade de pratos: 10 
[21:38:36] [FINE   ] Lavador colocou o prato #980 no escorredor. 
[21:38:36] [FINE   ] Lavador pegou o prato #981 (Sujeira: MEDIO) 
[21:38:36] [FINE   ] Enxugador terminou de secar o prato #970 em 4ms. 
[21:38:36] [FINE   ] Enxugador pegou o prato #971 do escorredor. 
[21:38:36] [FINE   ] Lavador terminou de lavar o prato #981 
[21:38:36] [FINE   ] Escorredor CHEIO! Quantidade de pratos: 10 
[21:38:36] [FINE   ] Lavador colocou o prato #981 no escorredor. 
[21:38:36] [FINE   ] Lavador pegou o prato #982 (Sujeira: MEDIO) 
[21:38:36] [FINE   ] Lavador terminou de lavar o prato #982 
[21:38:36] [FINE   ] Enxugador terminou de secar o prato #971 em 8ms. 
[21:38:36] [FINE   ] Enxugador pegou o prato #972 do escorredor. 
[21:38:36] [FINE   ] Escorredor CHEIO! Quantidade de pratos: 10 
[21:38:36] [FINE   ] Lavador colocou o prato #982 no escorredor. 
[21:38:36] [FINE   ] Lavador pegou o prato #983 (Sujeira: MEDIO) 
[21:38:36] [FINE   ] Lavador terminou de lavar o prato #983 
[21:38:36] [FINE   ] Enxugador terminou de secar o prato #972 em 7ms. 
[21:38:36] [FINE   ] Enxugador pegou o prato #973 do escorredor. 
[21:38:36] [FINE   ] Escorredor CHEIO! Quantidade de pratos: 10 
[21:38:36] [FINE   ] Lavador colocou o prato #983 no escorredor. 
[21:38:36] [FINE   ] Lavador pegou o prato #984 (Sujeira: MEDIO) 
[21:38:36] [FINE   ] Lavador terminou de lavar o prato #984 
[21:38:36] [FINE   ] Enxugador terminou de secar o prato #973 em 8ms. 
[21:38:36] [FINE   ] Enxugador pegou o prato #974 do escorredor. 
[21:38:36] [FINE   ] Escorredor CHEIO! Quantidade de pratos: 10 
[21:38:36] [FINE   ] Lavador colocou o prato #984 no escorredor. 
[21:38:36] [FINE   ] Lavador pegou o prato #985 (Sujeira: BAIXO) 
[21:38:36] [FINE   ] Lavador terminou de lavar o prato #985 
[21:38:36] [FINE   ] Enxugador terminou de secar o prato #974 em 9ms. 
[21:38:36] [FINE   ] Enxugador pegou o prato #975 do escorredor. 
[21:38:36] [FINE   ] Escorredor CHEIO! Quantidade de pratos: 10 
[21:38:36] [FINE   ] Lavador colocou o prato #985 no escorredor. 
[21:38:36] [FINE   ] Lavador pegou o prato #986 (Sujeira: MEDIO) 
[21:38:36] [FINE   ] Lavador terminou de lavar o prato #986 
[21:38:36] [FINE   ] Enxugador terminou de secar o prato #975 em 7ms. 
[21:38:36] [FINE   ] Enxugador pegou o prato #976 do escorredor. 
[21:38:36] [FINE   ] Escorredor CHEIO! Quantidade de pratos: 10 
[21:38:36] [FINE   ] Lavador colocou o prato #986 no escorredor. 
[21:38:36] [FINE   ] Lavador pegou o prato #987 (Sujeira: BAIXO) 
[21:38:36] [FINE   ] Lavador terminou de lavar o prato #987 
[21:38:36] [FINE   ] Enxugador terminou de secar o prato #976 em 4ms. 
[21:38:36] [FINE   ] Enxugador pegou o prato #977 do escorredor. 
[21:38:36] [FINE   ] Escorredor CHEIO! Quantidade de pratos: 10 
[21:38:36] [FINE   ] Lavador colocou o prato #987 no escorredor. 
[21:38:36] [FINE   ] Lavador pegou o prato #988 (Sujeira: MEDIO) 
[21:38:36] [FINE   ] Enxugador terminou de secar o prato #977 em 4ms. 
[21:38:36] [FINE   ] Enxugador pegou o prato #978 do escorredor. 
[21:38:36] [FINE   ] Lavador terminou de lavar o prato #988 
[21:38:36] [FINE   ] Escorredor CHEIO! Quantidade de pratos: 10 
[21:38:36] [FINE   ] Lavador colocou o prato #988 no escorredor. 
[21:38:36] [FINE   ] Lavador pegou o prato #989 (Sujeira: MEDIO) 
[21:38:36] [FINE   ] Enxugador terminou de secar o prato #978 em 3ms. 
[21:38:36] [FINE   ] Enxugador pegou o prato #979 do escorredor. 
[21:38:36] [FINE   ] Lavador terminou de lavar o prato #989 
[21:38:36] [FINE   ] Escorredor CHEIO! Quantidade de pratos: 10 
[21:38:36] [FINE   ] Lavador colocou o prato #989 no escorredor. 
[21:38:36] [FINE   ] Lavador pegou o prato #990 (Sujeira: MEDIO) 
[21:38:36] [FINE   ] Enxugador terminou de secar o prato #979 em 7ms. 
[21:38:36] [FINE   ] Enxugador pegou o prato #980 do escorredor. 
[21:38:36] [FINE   ] Lavador terminou de lavar o prato #990 
[21:38:36] [FINE   ] Escorredor CHEIO! Quantidade de pratos: 10 
[21:38:36] [FINE   ] Lavador colocou o prato #990 no escorredor. 
[21:38:36] [FINE   ] Lavador pegou o prato #991 (Sujeira: BAIXO) 
[21:38:36] [FINE   ] Lavador terminou de lavar o prato #991 
[21:38:36] [FINE   ] Enxugador terminou de secar o prato #980 em 8ms. 
[21:38:36] [FINE   ] Enxugador pegou o prato #981 do escorredor. 
[21:38:36] [FINE   ] Escorredor CHEIO! Quantidade de pratos: 10 
[21:38:36] [FINE   ] Lavador colocou o prato #991 no escorredor. 
[21:38:36] [FINE   ] Lavador pegou o prato #992 (Sujeira: MEDIO) 
[21:38:36] [FINE   ] Lavador terminou de lavar o prato #992 
[21:38:36] [FINE   ] Enxugador terminou de secar o prato #981 em 5ms. 
[21:38:36] [FINE   ] Enxugador pegou o prato #982 do escorredor. 
[21:38:36] [FINE   ] Escorredor CHEIO! Quantidade de pratos: 10 
[21:38:36] [FINE   ] Lavador colocou o prato #992 no escorredor. 
[21:38:36] [FINE   ] Lavador pegou o prato #993 (Sujeira: BAIXO) 
[21:38:36] [FINE   ] Lavador terminou de lavar o prato #993 
[21:38:36] [FINE   ] Enxugador terminou de secar o prato #982 em 9ms. 
[21:38:36] [FINE   ] Enxugador pegou o prato #983 do escorredor. 
[21:38:36] [FINE   ] Escorredor CHEIO! Quantidade de pratos: 10 
[21:38:36] [FINE   ] Lavador colocou o prato #993 no escorredor. 
[21:38:36] [FINE   ] Lavador pegou o prato #994 (Sujeira: MEDIO) 
[21:38:36] [FINE   ] Lavador terminou de lavar o prato #994 
[21:38:36] [FINE   ] Enxugador terminou de secar o prato #983 em 8ms. 
[21:38:36] [FINE   ] Enxugador pegou o prato #984 do escorredor. 
[21:38:36] [FINE   ] Escorredor CHEIO! Quantidade de pratos: 10 
[21:38:36] [FINE   ] Lavador colocou o prato #994 no escorredor. 
[21:38:36] [FINE   ] Lavador pegou o prato #995 (Sujeira: BAIXO) 
[21:38:36] [FINE   ] Lavador terminou de lavar o prato #995 
[21:38:36] [FINE   ] Enxugador terminou de secar o prato #984 em 3ms. 
[21:38:36] [FINE   ] Enxugador pegou o prato #985 do escorredor. 
[21:38:36] [FINE   ] Escorredor CHEIO! Quantidade de pratos: 10 
[21:38:36] [FINE   ] Lavador colocou o prato #995 no escorredor. 
[21:38:36] [FINE   ] Lavador pegou o prato #996 (Sujeira: MEDIO) 
[21:38:36] [FINE   ] Lavador terminou de lavar o prato #996 
[21:38:36] [FINE   ] Enxugador terminou de secar o prato #985 em 8ms. 
[21:38:36] [FINE   ] Enxugador pegou o prato #986 do escorredor. 
[21:38:36] [FINE   ] Escorredor CHEIO! Quantidade de pratos: 10 
[21:38:36] [FINE   ] Lavador colocou o prato #996 no escorredor. 
[21:38:36] [FINE   ] Lavador pegou o prato #997 (Sujeira: BAIXO) 
[21:38:36] [FINE   ] Lavador terminou de lavar o prato #997 
[21:38:36] [FINE   ] Enxugador terminou de secar o prato #986 em 5ms. 
[21:38:36] [FINE   ] Enxugador pegou o prato #987 do escorredor. 
[21:38:36] [FINE   ] Escorredor CHEIO! Quantidade de pratos: 10 
[21:38:36] [FINE   ] Lavador colocou o prato #997 no escorredor. 
[21:38:36] [FINE   ] Lavador pegou o prato #998 (Sujeira: MEDIO) 
[21:38:36] [FINE   ] Enxugador terminou de secar o prato #987 em 4ms. 
[21:38:36] [FINE   ] Enxugador pegou o prato #988 do escorredor. 
[21:38:36] [FINE   ] Lavador terminou de lavar o prato #998 
[21:38:36] [FINE   ] Escorredor CHEIO! Quantidade de pratos: 10 
[21:38:36] [FINE   ] Lavador colocou o prato #998 no escorredor. 
[21:38:36] [FINE   ] Lavador pegou o prato #999 (Sujeira: MEDIO) 
[21:38:36] [FINE   ] Lavador terminou de lavar o prato #999 
[21:38:36] [FINE   ] Enxugador terminou de secar o prato #988 em 7ms. 
[21:38:36] [FINE   ] Enxugador pegou o prato #989 do escorredor. 
[21:38:36] [FINE   ] Escorredor CHEIO! Quantidade de pratos: 10 
[21:38:36] [FINE   ] Lavador colocou o prato #999 no escorredor. 
[21:38:36] [FINE   ] Lavador pegou o prato #1000 (Sujeira: MEDIO) 
[21:38:36] [FINE   ] Lavador terminou de lavar o prato #1000 
[21:38:36] [FINE   ] Enxugador terminou de secar o prato #989 em 8ms. 
[21:38:36] [FINE   ] Enxugador pegou o prato #990 do escorredor. 
[21:38:36] [FINE   ] Escorredor CHEIO! Quantidade de pratos: 10 
[21:38:36] [FINE   ] Lavador colocou o prato #1000 no escorredor. 
[21:38:36] [FINE   ] Lavador pegou o prato #1001 (Sujeira: BAIXO) 
[21:38:36] [FINE   ] Enxugador terminou de secar o prato #990 em 4ms. 
[21:38:36] [FINE   ] Enxugador pegou o prato #991 do escorredor. 
[21:38:36] [FINE   ] Lavador terminou de lavar o prato #1001 
[21:38:36] [FINE   ] Escorredor CHEIO! Quantidade de pratos: 10 
[21:38:36] [FINE   ] Lavador colocou o prato #1001 no escorredor. 
[21:38:36] [FINE   ] Lavador pegou o prato #1002 (Sujeira: MEDIO) 
[21:38:36] [FINE   ] Lavador terminou de lavar o prato #1002 
[21:38:36] [FINE   ] Enxugador terminou de secar o prato #991 em 8ms. 
[21:38:36] [FINE   ] Enxugador pegou o prato #992 do escorredor. 
[21:38:36] [FINE   ] Escorredor CHEIO! Quantidade de pratos: 10 
[21:38:36] [FINE   ] Lavador colocou o prato #1002 no escorredor. 
[21:38:36] [FINE   ] Lavador pegou o prato #1003 (Sujeira: MEDIO) 
[21:38:36] [FINE   ] Lavador terminou de lavar o prato #1003 
[21:38:37] [FINE   ] Enxugador terminou de secar o prato #992 em 10ms. 
[21:38:37] [FINE   ] Enxugador pegou o prato #993 do escorredor. 
[21:38:37] [FINE   ] Escorredor CHEIO! Quantidade de pratos: 10 
[21:38:37] [FINE   ] Lavador colocou o prato #1003 no escorredor. 
[21:38:37] [FINE   ] Lavador pegou o prato #1004 (Sujeira: MEDIO) 
[21:38:37] [FINE   ] Enxugador terminou de secar o prato #993 em 4ms. 
[21:38:37] [FINE   ] Enxugador pegou o prato #994 do escorredor. 
[21:38:37] [FINE   ] Lavador terminou de lavar o prato #1004 
[21:38:37] [FINE   ] Escorredor CHEIO! Quantidade de pratos: 10 
[21:38:37] [FINE   ] Lavador colocou o prato #1004 no escorredor. 
[21:38:37] [FINE   ] Lavador pegou o prato #1005 (Sujeira: MEDIO) 
[21:38:37] [FINE   ] Lavador terminou de lavar o prato #1005 
[21:38:37] [FINE   ] Enxugador terminou de secar o prato #994 em 10ms. 
[21:38:37] [FINE   ] Enxugador pegou o prato #995 do escorredor. 
[21:38:37] [FINE   ] Escorredor CHEIO! Quantidade de pratos: 10 
[21:38:37] [FINE   ] Lavador colocou o prato #1005 no escorredor. 
[21:38:37] [FINE   ] Lavador pegou o prato #1006 (Sujeira: BAIXO) 
[21:38:37] [FINE   ] Lavador terminou de lavar o prato #1006 
[21:38:37] [FINE   ] Enxugador terminou de secar o prato #995 em 10ms. 
[21:38:37] [FINE   ] Enxugador pegou o prato #996 do escorredor. 
[21:38:37] [FINE   ] Escorredor CHEIO! Quantidade de pratos: 10 
[21:38:37] [FINE   ] Lavador colocou o prato #1006 no escorredor. 
[21:38:37] [FINE   ] Lavador pegou o prato #1007 (Sujeira: MEDIO) 
[21:38:37] [FINE   ] Lavador terminou de lavar o prato #1007 
[21:38:37] [FINE   ] Enxugador terminou de secar o prato #996 em 7ms. 
[21:38:37] [FINE   ] Enxugador pegou o prato #997 do escorredor. 
[21:38:37] [FINE   ] Escorredor CHEIO! Quantidade de pratos: 10 
[21:38:37] [FINE   ] Lavador colocou o prato #1007 no escorredor. 
[21:38:37] [FINE   ] Lavador pegou o prato #1008 (Sujeira: BAIXO) 
[21:38:37] [FINE   ] Lavador terminou de lavar o prato #1008 
[21:38:37] [FINE   ] Enxugador terminou de secar o prato #997 em 7ms. 
[21:38:37] [FINE   ] Enxugador pegou o prato #998 do escorredor. 
[21:38:37] [FINE   ] Escorredor CHEIO! Quantidade de pratos: 10 
[21:38:37] [FINE   ] Lavador colocou o prato #1008 no escorredor. 
[21:38:37] [FINE   ] Lavador pegou o prato #1009 (Sujeira: BAIXO) 
[21:38:37] [FINE   ] Lavador terminou de lavar o prato #1009 
[21:38:37] [FINE   ] Enxugador terminou de secar o prato #998 em 6ms. 
[21:38:37] [FINE   ] Enxugador pegou o prato #999 do escorredor. 
[21:38:37] [FINE   ] Escorredor CHEIO! Quantidade de pratos: 10 
[21:38:37] [FINE   ] Lavador colocou o prato #1009 no escorredor. 
[21:38:37] [FINE   ] Lavador pegou o prato #1010 (Sujeira: MEDIO) 
[21:38:37] [FINE   ] Enxugador terminou de secar o prato #999 em 3ms. 
[21:38:37] [FINE   ] Enxugador pegou o prato #1000 do escorredor. 
[21:38:37] [FINE   ] Lavador terminou de lavar o prato #1010 
[21:38:37] [FINE   ] Escorredor CHEIO! Quantidade de pratos: 10 
[21:38:37] [FINE   ] Lavador colocou o prato #1010 no escorredor. 
[21:38:37] [FINE   ] Lavador pegou o prato #1011 (Sujeira: ENGORDURADO) 
[21:38:37] [FINE   ] Enxugador terminou de secar o prato #1000 em 5ms. 
[21:38:37] [FINE   ] Enxugador pegou o prato #1001 do escorredor. 
[21:38:37] [FINE   ] Lavador terminou de lavar o prato #1011 
[21:38:37] [FINE   ] Escorredor CHEIO! Quantidade de pratos: 10 
[21:38:37] [FINE   ] Lavador colocou o prato #1011 no escorredor. 
[21:38:37] [FINE   ] Lavador pegou o prato #1012 (Sujeira: MEDIO) 
[21:38:37] [FINE   ] Enxugador terminou de secar o prato #1001 em 10ms. 
[21:38:37] [FINE   ] Enxugador pegou o prato #1002 do escorredor. 
[21:38:37] [FINE   ] Lavador terminou de lavar o prato #1012 
[21:38:37] [FINE   ] Escorredor CHEIO! Quantidade de pratos: 10 
[21:38:37] [FINE   ] Lavador colocou o prato #1012 no escorredor. 
[21:38:37] [FINE   ] Lavador pegou o prato #1013 (Sujeira: MEDIO) 
[21:38:37] [FINE   ] Lavador terminou de lavar o prato #1013 
[21:38:37] [FINE   ] Enxugador terminou de secar o prato #1002 em 7ms. 
[21:38:37] [FINE   ] Enxugador pegou o prato #1003 do escorredor. 
[21:38:37] [FINE   ] Escorredor CHEIO! Quantidade de pratos: 10 
[21:38:37] [FINE   ] Lavador colocou o prato #1013 no escorredor. 
[21:38:37] [FINE   ] Lavador pegou o prato #1014 (Sujeira: MEDIO) 
[21:38:37] [FINE   ] Lavador terminou de lavar o prato #1014 
[21:38:37] [FINE   ] Enxugador terminou de secar o prato #1003 em 8ms. 
[21:38:37] [FINE   ] Enxugador pegou o prato #1004 do escorredor. 
[21:38:37] [FINE   ] Escorredor CHEIO! Quantidade de pratos: 10 
[21:38:37] [FINE   ] Lavador colocou o prato #1014 no escorredor. 
[21:38:37] [FINE   ] Lavador pegou o prato #1015 (Sujeira: BAIXO) 
[21:38:37] [FINE   ] Lavador terminou de lavar o prato #1015 
[21:38:37] [FINE   ] Enxugador terminou de secar o prato #1004 em 5ms. 
[21:38:37] [FINE   ] Enxugador pegou o prato #1005 do escorredor. 
[21:38:37] [FINE   ] Escorredor CHEIO! Quantidade de pratos: 10 
[21:38:37] [FINE   ] Lavador colocou o prato #1015 no escorredor. 
[21:38:37] [FINE   ] Lavador pegou o prato #1016 (Sujeira: ENGORDURADO) 
[21:38:37] [FINE   ] Enxugador terminou de secar o prato #1005 em 4ms. 
[21:38:37] [FINE   ] Enxugador pegou o prato #1006 do escorredor. 
[21:38:37] [FINE   ] Lavador terminou de lavar o prato #1016 
[21:38:37] [FINE   ] Escorredor CHEIO! Quantidade de pratos: 10 
[21:38:37] [FINE   ] Lavador colocou o prato #1016 no escorredor. 
[21:38:37] [FINE   ] Lavador pegou o prato #1017 (Sujeira: MEDIO) 
[21:38:37] [FINE   ] Lavador terminou de lavar o prato #1017 
[21:38:37] [FINE   ] Enxugador terminou de secar o prato #1006 em 10ms. 
[21:38:37] [FINE   ] Enxugador pegou o prato #1007 do escorredor. 
[21:38:37] [FINE   ] Escorredor CHEIO! Quantidade de pratos: 10 
[21:38:37] [FINE   ] Lavador colocou o prato #1017 no escorredor. 
[21:38:37] [FINE   ] Lavador pegou o prato #1018 (Sujeira: BAIXO) 
[21:38:37] [FINE   ] Lavador terminou de lavar o prato #1018 
[21:38:37] [FINE   ] Enxugador terminou de secar o prato #1007 em 10ms. 
[21:38:37] [FINE   ] Enxugador pegou o prato #1008 do escorredor. 
[21:38:37] [FINE   ] Escorredor CHEIO! Quantidade de pratos: 10 
[21:38:37] [FINE   ] Lavador colocou o prato #1018 no escorredor. 
[21:38:37] [FINE   ] Lavador pegou o prato #1019 (Sujeira: MEDIO) 
[21:38:37] [FINE   ] Lavador terminou de lavar o prato #1019 
[21:38:37] [FINE   ] Enxugador terminou de secar o prato #1008 em 7ms. 
[21:38:37] [FINE   ] Enxugador pegou o prato #1009 do escorredor. 
[21:38:37] [FINE   ] Escorredor CHEIO! Quantidade de pratos: 10 
[21:38:37] [FINE   ] Lavador colocou o prato #1019 no escorredor. 
[21:38:37] [FINE   ] Lavador pegou o prato #1020 (Sujeira: BAIXO) 
[21:38:37] [FINE   ] Enxugador terminou de secar o prato #1009 em 4ms. 
[21:38:37] [FINE   ] Lavador terminou de lavar o prato #1020 
[21:38:37] [FINE   ] Enxugador pegou o prato #1010 do escorredor. 
[21:38:37] [FINE   ] Escorredor CHEIO! Quantidade de pratos: 10 
[21:38:37] [FINE   ] Lavador colocou o prato #1020 no escorredor. 
[21:38:37] [FINE   ] Lavador pegou o prato #1021 (Sujeira: MEDIO) 
[21:38:37] [FINE   ] Lavador terminou de lavar o prato #1021 
[21:38:37] [FINE   ] Enxugador terminou de secar o prato #1010 em 7ms. 
[21:38:37] [FINE   ] Enxugador pegou o prato #1011 do escorredor. 
[21:38:37] [FINE   ] Escorredor CHEIO! Quantidade de pratos: 10 
[21:38:37] [FINE   ] Lavador colocou o prato #1021 no escorredor. 
[21:38:37] [FINE   ] Lavador pegou o prato #1022 (Sujeira: ENGORDURADO) 
[21:38:37] [FINE   ] Enxugador terminou de secar o prato #1011 em 7ms. 
[21:38:37] [FINE   ] Enxugador pegou o prato #1012 do escorredor. 
[21:38:37] [FINE   ] Lavador terminou de lavar o prato #1022 
[21:38:37] [FINE   ] Escorredor CHEIO! Quantidade de pratos: 10 
[21:38:37] [FINE   ] Lavador colocou o prato #1022 no escorredor. 
[21:38:37] [FINE   ] Lavador pegou o prato #1023 (Sujeira: MEDIO) 
[21:38:37] [FINE   ] Lavador terminou de lavar o prato #1023 
[21:38:37] [FINE   ] Enxugador terminou de secar o prato #1012 em 10ms. 
[21:38:37] [FINE   ] Enxugador pegou o prato #1013 do escorredor. 
[21:38:37] [FINE   ] Escorredor CHEIO! Quantidade de pratos: 10 
[21:38:37] [FINE   ] Lavador colocou o prato #1023 no escorredor. 
[21:38:37] [FINE   ] Lavador pegou o prato #1024 (Sujeira: MEDIO) 
[21:38:37] [FINE   ] Lavador terminou de lavar o prato #1024 
[21:38:37] [FINE   ] Enxugador terminou de secar o prato #1013 em 10ms. 
[21:38:37] [FINE   ] Enxugador pegou o prato #1014 do escorredor. 
[21:38:37] [FINE   ] Escorredor CHEIO! Quantidade de pratos: 10 
[21:38:37] [FINE   ] Lavador colocou o prato #1024 no escorredor. 
[21:38:37] [FINE   ] Lavador pegou o prato #1025 (Sujeira: MEDIO) 
[21:38:37] [FINE   ] Lavador terminou de lavar o prato #1025 
[21:38:37] [FINE   ] Enxugador terminou de secar o prato #1014 em 6ms. 
[21:38:37] [FINE   ] Enxugador pegou o prato #1015 do escorredor. 
[21:38:37] [FINE   ] Escorredor CHEIO! Quantidade de pratos: 10 
[21:38:37] [FINE   ] Lavador colocou o prato #1025 no escorredor. 
[21:38:37] [FINE   ] Lavador pegou o prato #1026 (Sujeira: MEDIO) 
[21:38:37] [FINE   ] Lavador terminou de lavar o prato #1026 
[21:38:37] [FINE   ] Enxugador terminou de secar o prato #1015 em 5ms. 
[21:38:37] [FINE   ] Enxugador pegou o prato #1016 do escorredor. 
[21:38:37] [FINE   ] Escorredor CHEIO! Quantidade de pratos: 10 
[21:38:37] [FINE   ] Lavador colocou o prato #1026 no escorredor. 
[21:38:37] [FINE   ] Lavador pegou o prato #1027 (Sujeira: MEDIO) 
[21:38:37] [FINE   ] Lavador terminou de lavar o prato #1027 
[21:38:37] [FINE   ] Enxugador terminou de secar o prato #1016 em 9ms. 
[21:38:37] [FINE   ] Enxugador pegou o prato #1017 do escorredor. 
[21:38:37] [FINE   ] Escorredor CHEIO! Quantidade de pratos: 10 
[21:38:37] [FINE   ] Lavador colocou o prato #1027 no escorredor. 
[21:38:37] [FINE   ] Lavador pegou o prato #1028 (Sujeira: MEDIO) 
[21:38:37] [FINE   ] Lavador terminou de lavar o prato #1028 
[21:38:37] [FINE   ] Enxugador terminou de secar o prato #1017 em 5ms. 
[21:38:37] [FINE   ] Enxugador pegou o prato #1018 do escorredor. 
[21:38:37] [FINE   ] Escorredor CHEIO! Quantidade de pratos: 10 
[21:38:37] [FINE   ] Lavador colocou o prato #1028 no escorredor. 
[21:38:37] [FINE   ] Lavador pegou o prato #1029 (Sujeira: MEDIO) 
[21:38:37] [FINE   ] Lavador terminou de lavar o prato #1029 
[21:38:37] [FINE   ] Enxugador terminou de secar o prato #1018 em 6ms. 
[21:38:37] [FINE   ] Enxugador pegou o prato #1019 do escorredor. 
[21:38:37] [FINE   ] Escorredor CHEIO! Quantidade de pratos: 10 
[21:38:37] [FINE   ] Lavador colocou o prato #1029 no escorredor. 
[21:38:37] [FINE   ] Lavador pegou o prato #1030 (Sujeira: MEDIO) 
[21:38:37] [FINE   ] Lavador terminou de lavar o prato #1030 
[21:38:37] [FINE   ] Enxugador terminou de secar o prato #1019 em 6ms. 
[21:38:37] [FINE   ] Enxugador pegou o prato #1020 do escorredor. 
[21:38:37] [FINE   ] Escorredor CHEIO! Quantidade de pratos: 10 
[21:38:37] [FINE   ] Lavador colocou o prato #1030 no escorredor. 
[21:38:37] [FINE   ] Lavador pegou o prato #1031 (Sujeira: BAIXO) 
[21:38:37] [FINE   ] Lavador terminou de lavar o prato #1031 
[21:38:37] [FINE   ] Enxugador terminou de secar o prato #1020 em 4ms. 
[21:38:37] [FINE   ] Enxugador pegou o prato #1021 do escorredor. 
[21:38:37] [FINE   ] Escorredor CHEIO! Quantidade de pratos: 10 
[21:38:37] [FINE   ] Lavador colocou o prato #1031 no escorredor. 
[21:38:37] [FINE   ] Lavador pegou o prato #1032 (Sujeira: MEDIO) 
[21:38:37] [FINE   ] Lavador terminou de lavar o prato #1032 
[21:38:37] [FINE   ] Enxugador terminou de secar o prato #1021 em 9ms. 
[21:38:37] [FINE   ] Enxugador pegou o prato #1022 do escorredor. 
[21:38:37] [FINE   ] Escorredor CHEIO! Quantidade de pratos: 10 
[21:38:37] [FINE   ] Lavador colocou o prato #1032 no escorredor. 
[21:38:37] [FINE   ] Lavador pegou o prato #1033 (Sujeira: MEDIO) 
[21:38:37] [FINE   ] Lavador terminou de lavar o prato #1033 
[21:38:37] [FINE   ] Enxugador terminou de secar o prato #1022 em 9ms. 
[21:38:37] [FINE   ] Enxugador pegou o prato #1023 do escorredor. 
[21:38:37] [FINE   ] Escorredor CHEIO! Quantidade de pratos: 10 
[21:38:37] [FINE   ] Lavador colocou o prato #1033 no escorredor. 
[21:38:37] [FINE   ] Lavador pegou o prato #1034 (Sujeira: MEDIO) 
[21:38:37] [FINE   ] Enxugador terminou de secar o prato #1023 em 3ms. 
[21:38:37] [FINE   ] Enxugador pegou o prato #1024 do escorredor. 
[21:38:37] [FINE   ] Lavador terminou de lavar o prato #1034 
[21:38:37] [FINE   ] Escorredor CHEIO! Quantidade de pratos: 10 
[21:38:37] [FINE   ] Lavador colocou o prato #1034 no escorredor. 
[21:38:37] [FINE   ] Lavador pegou o prato #1035 (Sujeira: ENGORDURADO) 
[21:38:37] [FINE   ] Enxugador terminou de secar o prato #1024 em 5ms. 
[21:38:37] [FINE   ] Enxugador pegou o prato #1025 do escorredor. 
[21:38:37] [FINE   ] Lavador terminou de lavar o prato #1035 
[21:38:37] [FINE   ] Escorredor CHEIO! Quantidade de pratos: 10 
[21:38:37] [FINE   ] Lavador colocou o prato #1035 no escorredor. 
[21:38:37] [FINE   ] Lavador pegou o prato #1036 (Sujeira: BAIXO) 
[21:38:37] [FINE   ] Enxugador terminou de secar o prato #1025 em 9ms. 
[21:38:37] [FINE   ] Enxugador pegou o prato #1026 do escorredor. 
[21:38:37] [FINE   ] Lavador terminou de lavar o prato #1036 
[21:38:37] [FINE   ] Escorredor CHEIO! Quantidade de pratos: 10 
[21:38:37] [FINE   ] Lavador colocou o prato #1036 no escorredor. 
[21:38:37] [FINE   ] Lavador pegou o prato #1037 (Sujeira: MEDIO) 
[21:38:37] [FINE   ] Enxugador terminou de secar o prato #1026 em 5ms. 
[21:38:37] [FINE   ] Enxugador pegou o prato #1027 do escorredor. 
[21:38:37] [FINE   ] Lavador terminou de lavar o prato #1037 
[21:38:37] [FINE   ] Escorredor CHEIO! Quantidade de pratos: 10 
[21:38:37] [FINE   ] Lavador colocou o prato #1037 no escorredor. 
[21:38:37] [FINE   ] Lavador pegou o prato #1038 (Sujeira: MEDIO) 
[21:38:37] [FINE   ] Enxugador terminou de secar o prato #1027 em 5ms. 
[21:38:37] [FINE   ] Enxugador pegou o prato #1028 do escorredor. 
[21:38:37] [FINE   ] Lavador terminou de lavar o prato #1038 
[21:38:37] [FINE   ] Escorredor CHEIO! Quantidade de pratos: 10 
[21:38:37] [FINE   ] Lavador colocou o prato #1038 no escorredor. 
[21:38:37] [FINE   ] Lavador pegou o prato #1039 (Sujeira: MEDIO) 
[21:38:37] [FINE   ] Enxugador terminou de secar o prato #1028 em 6ms. 
[21:38:37] [FINE   ] Enxugador pegou o prato #1029 do escorredor. 
[21:38:37] [FINE   ] Lavador terminou de lavar o prato #1039 
[21:38:37] [FINE   ] Escorredor CHEIO! Quantidade de pratos: 10 
[21:38:37] [FINE   ] Lavador colocou o prato #1039 no escorredor. 
[21:38:37] [FINE   ] Lavador pegou o prato #1040 (Sujeira: MEDIO) 
[21:38:37] [FINE   ] Enxugador terminou de secar o prato #1029 em 7ms. 
[21:38:37] [FINE   ] Enxugador pegou o prato #1030 do escorredor. 
[21:38:37] [FINE   ] Lavador terminou de lavar o prato #1040 
[21:38:37] [FINE   ] Escorredor CHEIO! Quantidade de pratos: 10 
[21:38:37] [FINE   ] Lavador colocou o prato #1040 no escorredor. 
[21:38:37] [FINE   ] Lavador pegou o prato #1041 (Sujeira: MEDIO) 
[21:38:37] [FINE   ] Enxugador terminou de secar o prato #1030 em 6ms. 
[21:38:37] [FINE   ] Enxugador pegou o prato #1031 do escorredor. 
[21:38:37] [FINE   ] Lavador terminou de lavar o prato #1041 
[21:38:37] [FINE   ] Escorredor CHEIO! Quantidade de pratos: 10 
[21:38:37] [FINE   ] Lavador colocou o prato #1041 no escorredor. 
[21:38:37] [FINE   ] Lavador pegou o prato #1042 (Sujeira: ENGORDURADO) 
[21:38:37] [FINE   ] Enxugador terminou de secar o prato #1031 em 3ms. 
[21:38:37] [FINE   ] Enxugador pegou o prato #1032 do escorredor. 
[21:38:37] [FINE   ] Enxugador terminou de secar o prato #1032 em 5ms. 
[21:38:37] [FINE   ] Enxugador pegou o prato #1033 do escorredor. 
[21:38:37] [FINE   ] Lavador terminou de lavar o prato #1042 
[21:38:37] [FINE   ] Lavador colocou o prato #1042 no escorredor. 
[21:38:37] [FINE   ] Lavador pegou o prato #1043 (Sujeira: MEDIO) 
[21:38:37] [FINE   ] Enxugador terminou de secar o prato #1033 em 7ms. 
[21:38:37] [FINE   ] Enxugador pegou o prato #1034 do escorredor. 
[21:38:37] [FINE   ] Lavador terminou de lavar o prato #1043 
[21:38:37] [FINE   ] Lavador colocou o prato #1043 no escorredor. 
[21:38:37] [FINE   ] Lavador pegou o prato #1044 (Sujeira: MEDIO) 
[21:38:37] [FINE   ] Lavador terminou de lavar o prato #1044 
[21:38:37] [FINE   ] Escorredor CHEIO! Quantidade de pratos: 10 
[21:38:37] [FINE   ] Lavador colocou o prato #1044 no escorredor. 
[21:38:37] [FINE   ] Enxugador terminou de secar o prato #1034 em 10ms. 
[21:38:37] [FINE   ] Lavador pegou o prato #1045 (Sujeira: MEDIO) 
[21:38:37] [FINE   ] Enxugador pegou o prato #1035 do escorredor. 
[21:38:37] [FINE   ] Lavador terminou de lavar o prato #1045 
[21:38:37] [FINE   ] Escorredor CHEIO! Quantidade de pratos: 10 
[21:38:37] [FINE   ] Lavador colocou o prato #1045 no escorredor. 
[21:38:37] [FINE   ] Lavador pegou o prato #1046 (Sujeira: MEDIO) 
[21:38:37] [FINE   ] Enxugador terminou de secar o prato #1035 em 7ms. 
[21:38:37] [FINE   ] Enxugador pegou o prato #1036 do escorredor. 
[21:38:37] [FINE   ] Lavador terminou de lavar o prato #1046 
[21:38:37] [FINE   ] Escorredor CHEIO! Quantidade de pratos: 10 
[21:38:37] [FINE   ] Lavador colocou o prato #1046 no escorredor. 
[21:38:37] [FINE   ] Lavador pegou o prato #1047 (Sujeira: BAIXO) 
[21:38:37] [FINE   ] Lavador terminou de lavar o prato #1047 
[21:38:37] [FINE   ] Enxugador terminou de secar o prato #1036 em 9ms. 
[21:38:37] [FINE   ] Enxugador pegou o prato #1037 do escorredor. 
[21:38:37] [FINE   ] Escorredor CHEIO! Quantidade de pratos: 10 
[21:38:37] [FINE   ] Lavador colocou o prato #1047 no escorredor. 
[21:38:37] [FINE   ] Lavador pegou o prato #1048 (Sujeira: MEDIO) 
[21:38:37] [FINE   ] Lavador terminou de lavar o prato #1048 
[21:38:37] [FINE   ] Enxugador terminou de secar o prato #1037 em 6ms. 
[21:38:37] [FINE   ] Enxugador pegou o prato #1038 do escorredor. 
[21:38:37] [FINE   ] Escorredor CHEIO! Quantidade de pratos: 10 
[21:38:37] [FINE   ] Lavador colocou o prato #1048 no escorredor. 
[21:38:37] [FINE   ] Lavador pegou o prato #1049 (Sujeira: MEDIO) 
[21:38:37] [FINE   ] Lavador terminou de lavar o prato #1049 
[21:38:37] [FINE   ] Enxugador terminou de secar o prato #1038 em 8ms. 
[21:38:37] [FINE   ] Enxugador pegou o prato #1039 do escorredor. 
[21:38:37] [FINE   ] Escorredor CHEIO! Quantidade de pratos: 10 
[21:38:37] [FINE   ] Lavador colocou o prato #1049 no escorredor. 
[21:38:37] [FINE   ] Lavador pegou o prato #1050 (Sujeira: ENGORDURADO) 
[21:38:37] [FINE   ] Enxugador terminou de secar o prato #1039 em 3ms. 
[21:38:37] [FINE   ] Enxugador pegou o prato #1040 do escorredor. 
[21:38:37] [FINE   ] Enxugador terminou de secar o prato #1040 em 5ms. 
[21:38:37] [FINE   ] Enxugador pegou o prato #1041 do escorredor. 
[21:38:37] [FINE   ] Lavador terminou de lavar o prato #1050 
[21:38:37] [FINE   ] Lavador colocou o prato #1050 no escorredor. 
[21:38:37] [FINE   ] Lavador pegou o prato #1051 (Sujeira: MEDIO) 
[21:38:37] [FINE   ] Lavador terminou de lavar o prato #1051 
[21:38:37] [FINE   ] Escorredor CHEIO! Quantidade de pratos: 10 
[21:38:37] [FINE   ] Lavador colocou o prato #1051 no escorredor. 
[21:38:37] [FINE   ] Lavador pegou o prato #1052 (Sujeira: MEDIO) 
[21:38:37] [FINE   ] Enxugador terminou de secar o prato #1041 em 8ms. 
[21:38:37] [FINE   ] Enxugador pegou o prato #1042 do escorredor. 
[21:38:37] [FINE   ] Lavador terminou de lavar o prato #1052 
[21:38:37] [FINE   ] Escorredor CHEIO! Quantidade de pratos: 10 
[21:38:37] [FINE   ] Lavador colocou o prato #1052 no escorredor. 
[21:38:37] [FINE   ] Lavador pegou o prato #1053 (Sujeira: MEDIO) 
[21:38:37] [FINE   ] Enxugador terminou de secar o prato #1042 em 6ms. 
[21:38:37] [FINE   ] Enxugador pegou o prato #1043 do escorredor. 
[21:38:37] [FINE   ] Lavador terminou de lavar o prato #1053 
[21:38:37] [FINE   ] Enxugador terminou de secar o prato #1043 em 4ms. 
[21:38:37] [FINE   ] Escorredor CHEIO! Quantidade de pratos: 10 
[21:38:37] [FINE   ] Lavador colocou o prato #1053 no escorredor. 
[21:38:37] [FINE   ] Enxugador pegou o prato #1044 do escorredor. 
[21:38:37] [FINE   ] Lavador pegou o prato #1054 (Sujeira: MEDIO) 
[21:38:37] [FINE   ] Lavador terminou de lavar o prato #1054 
[21:38:37] [FINE   ] Escorredor CHEIO! Quantidade de pratos: 10 
[21:38:37] [FINE   ] Lavador colocou o prato #1054 no escorredor. 
[21:38:37] [FINE   ] Lavador pegou o prato #1055 (Sujeira: BAIXO) 
[21:38:37] [FINE   ] Enxugador terminou de secar o prato #1044 em 7ms. 
[21:38:37] [FINE   ] Enxugador pegou o prato #1045 do escorredor. 
[21:38:37] [FINE   ] Lavador terminou de lavar o prato #1055 
[21:38:37] [FINE   ] Escorredor CHEIO! Quantidade de pratos: 10 
[21:38:37] [FINE   ] Lavador colocou o prato #1055 no escorredor. 
[21:38:37] [FINE   ] Lavador pegou o prato #1056 (Sujeira: MEDIO) 
[21:38:37] [FINE   ] Enxugador terminou de secar o prato #1045 em 9ms. 
[21:38:37] [FINE   ] Enxugador pegou o prato #1046 do escorredor. 
[21:38:37] [FINE   ] Lavador terminou de lavar o prato #1056 
[21:38:37] [FINE   ] Escorredor CHEIO! Quantidade de pratos: 10 
[21:38:37] [FINE   ] Lavador colocou o prato #1056 no escorredor. 
[21:38:37] [FINE   ] Lavador pegou o prato #1057 (Sujeira: ENGORDURADO) 
[21:38:37] [FINE   ] Enxugador terminou de secar o prato #1046 em 10ms. 
[21:38:37] [FINE   ] Enxugador pegou o prato #1047 do escorredor. 
[21:38:37] [FINE   ] Enxugador terminou de secar o prato #1047 em 3ms. 
[21:38:37] [FINE   ] Lavador terminou de lavar o prato #1057 
[21:38:37] [FINE   ] Enxugador pegou o prato #1048 do escorredor. 
[21:38:37] [FINE   ] Lavador colocou o prato #1057 no escorredor. 
[21:38:37] [FINE   ] Lavador pegou o prato #1058 (Sujeira: BAIXO) 
[21:38:37] [FINE   ] Enxugador terminou de secar o prato #1048 em 3ms. 
[21:38:37] [FINE   ] Enxugador pegou o prato #1049 do escorredor. 
[21:38:37] [FINE   ] Lavador terminou de lavar o prato #1058 
[21:38:37] [FINE   ] Lavador colocou o prato #1058 no escorredor. 
[21:38:37] [FINE   ] Lavador pegou o prato #1059 (Sujeira: BAIXO) 
[21:38:37] [FINE   ] Enxugador terminou de secar o prato #1049 em 4ms. 
[21:38:37] [FINE   ] Enxugador pegou o prato #1050 do escorredor. 
[21:38:37] [FINE   ] Lavador terminou de lavar o prato #1059 
[21:38:37] [FINE   ] Lavador colocou o prato #1059 no escorredor. 
[21:38:37] [FINE   ] Lavador pegou o prato #1060 (Sujeira: MEDIO) 
[21:38:37] [FINE   ] Enxugador terminou de secar o prato #1050 em 3ms. 
[21:38:37] [FINE   ] Enxugador pegou o prato #1051 do escorredor. 
[21:38:37] [FINE   ] Lavador terminou de lavar o prato #1060 
[21:38:37] [FINE   ] Lavador colocou o prato #1060 no escorredor. 
[21:38:37] [FINE   ] Lavador pegou o prato #1061 (Sujeira: MEDIO) 
[21:38:37] [FINE   ] Enxugador terminou de secar o prato #1051 em 3ms. 
[21:38:37] [FINE   ] Enxugador pegou o prato #1052 do escorredor. 
[21:38:37] [FINE   ] Lavador terminou de lavar o prato #1061 
[21:38:37] [FINE   ] Lavador colocou o prato #1061 no escorredor. 
[21:38:37] [FINE   ] Lavador pegou o prato #1062 (Sujeira: MEDIO) 
[21:38:37] [FINE   ] Enxugador terminou de secar o prato #1052 em 7ms. 
[21:38:37] [FINE   ] Enxugador pegou o prato #1053 do escorredor. 
[21:38:37] [FINE   ] Lavador terminou de lavar o prato #1062 
[21:38:37] [FINE   ] Lavador colocou o prato #1062 no escorredor. 
[21:38:37] [FINE   ] Lavador pegou o prato #1063 (Sujeira: MEDIO) 
[21:38:37] [FINE   ] Enxugador terminou de secar o prato #1053 em 4ms. 
[21:38:37] [FINE   ] Enxugador pegou o prato #1054 do escorredor. 
[21:38:37] [FINE   ] Lavador terminou de lavar o prato #1063 
[21:38:37] [FINE   ] Lavador colocou o prato #1063 no escorredor. 
[21:38:37] [FINE   ] Lavador pegou o prato #1064 (Sujeira: MEDIO) 
[21:38:37] [FINE   ] Enxugador terminou de secar o prato #1054 em 7ms. 
[21:38:37] [FINE   ] Enxugador pegou o prato #1055 do escorredor. 
[21:38:37] [FINE   ] Lavador terminou de lavar o prato #1064 
[21:38:37] [FINE   ] Lavador colocou o prato #1064 no escorredor. 
[21:38:37] [FINE   ] Lavador pegou o prato #1065 (Sujeira: MEDIO) 
[21:38:37] [FINE   ] Lavador terminou de lavar o prato #1065 
[21:38:37] [FINE   ] Escorredor CHEIO! Quantidade de pratos: 10 
[21:38:37] [FINE   ] Lavador colocou o prato #1065 no escorredor. 
[21:38:37] [FINE   ] Lavador pegou o prato #1066 (Sujeira: ENGORDURADO) 
[21:38:37] [FINE   ] Enxugador terminou de secar o prato #1055 em 9ms. 
[21:38:37] [FINE   ] Enxugador pegou o prato #1056 do escorredor. 
[21:38:37] [FINE   ] Enxugador terminou de secar o prato #1056 em 4ms. 
[21:38:37] [FINE   ] Enxugador pegou o prato #1057 do escorredor. 
[21:38:37] [FINE   ] Lavador terminou de lavar o prato #1066 
[21:38:37] [FINE   ] Lavador colocou o prato #1066 no escorredor. 
[21:38:37] [FINE   ] Lavador pegou o prato #1067 (Sujeira: BAIXO) 
[21:38:37] [FINE   ] Lavador terminou de lavar o prato #1067 
[21:38:37] [FINE   ] Enxugador terminou de secar o prato #1057 em 7ms. 
[21:38:37] [FINE   ] Escorredor CHEIO! Quantidade de pratos: 10 
[21:38:37] [FINE   ] Lavador colocou o prato #1067 no escorredor. 
[21:38:37] [FINE   ] Enxugador pegou o prato #1058 do escorredor. 
[21:38:37] [FINE   ] Lavador pegou o prato #1068 (Sujeira: BAIXO) 
[21:38:37] [FINE   ] Lavador terminou de lavar o prato #1068 
[21:38:37] [FINE   ] Escorredor CHEIO! Quantidade de pratos: 10 
[21:38:37] [FINE   ] Lavador colocou o prato #1068 no escorredor. 
[21:38:37] [FINE   ] Lavador pegou o prato #1069 (Sujeira: MEDIO) 
[21:38:37] [FINE   ] Enxugador terminou de secar o prato #1058 em 6ms. 
[21:38:37] [FINE   ] Enxugador pegou o prato #1059 do escorredor. 
[21:38:37] [FINE   ] Enxugador terminou de secar o prato #1059 em 4ms. 
[21:38:37] [FINE   ] Enxugador pegou o prato #1060 do escorredor. 
[21:38:37] [FINE   ] Lavador terminou de lavar o prato #1069 
[21:38:37] [FINE   ] Lavador colocou o prato #1069 no escorredor. 
[21:38:37] [FINE   ] Lavador pegou o prato #1070 (Sujeira: ENGORDURADO) 
[21:38:37] [FINE   ] Enxugador terminou de secar o prato #1060 em 9ms. 
[21:38:37] [FINE   ] Lavador terminou de lavar o prato #1070 
[21:38:37] [FINE   ] Enxugador pegou o prato #1061 do escorredor. 
[21:38:37] [FINE   ] Lavador colocou o prato #1070 no escorredor. 
[21:38:37] [FINE   ] Lavador pegou o prato #1071 (Sujeira: MEDIO) 
[21:38:37] [FINE   ] Lavador terminou de lavar o prato #1071 
[21:38:37] [FINE   ] Escorredor CHEIO! Quantidade de pratos: 10 
[21:38:37] [FINE   ] Lavador colocou o prato #1071 no escorredor. 
[21:38:37] [FINE   ] Lavador pegou o prato #1072 (Sujeira: MEDIO) 
[21:38:37] [FINE   ] Enxugador terminou de secar o prato #1061 em 9ms. 
[21:38:37] [FINE   ] Enxugador pegou o prato #1062 do escorredor. 
[21:38:37] [FINE   ] Lavador terminou de lavar o prato #1072 
[21:38:37] [FINE   ] Escorredor CHEIO! Quantidade de pratos: 10 
[21:38:37] [FINE   ] Lavador colocou o prato #1072 no escorredor. 
[21:38:37] [FINE   ] Lavador pegou o prato #1073 (Sujeira: MEDIO) 
[21:38:37] [FINE   ] Enxugador terminou de secar o prato #1062 em 3ms. 
[21:38:37] [FINE   ] Enxugador pegou o prato #1063 do escorredor. 
[21:38:37] [FINE   ] Lavador terminou de lavar o prato #1073 
[21:38:37] [FINE   ] Escorredor CHEIO! Quantidade de pratos: 10 
[21:38:37] [FINE   ] Lavador colocou o prato #1073 no escorredor. 
[21:38:37] [FINE   ] Lavador pegou o prato #1074 (Sujeira: MEDIO) 
[21:38:37] [FINE   ] Lavador terminou de lavar o prato #1074 
[21:38:37] [FINE   ] Enxugador terminou de secar o prato #1063 em 9ms. 
[21:38:37] [FINE   ] Enxugador pegou o prato #1064 do escorredor. 
[21:38:37] [FINE   ] Escorredor CHEIO! Quantidade de pratos: 10 
[21:38:37] [FINE   ] Lavador colocou o prato #1074 no escorredor. 
[21:38:37] [FINE   ] Lavador pegou o prato #1075 (Sujeira: MEDIO) 
[21:38:37] [FINE   ] Lavador terminou de lavar o prato #1075 
[21:38:37] [FINE   ] Enxugador terminou de secar o prato #1064 em 8ms. 
[21:38:37] [FINE   ] Enxugador pegou o prato #1065 do escorredor. 
[21:38:37] [FINE   ] Escorredor CHEIO! Quantidade de pratos: 10 
[21:38:37] [FINE   ] Lavador colocou o prato #1075 no escorredor. 
[21:38:37] [FINE   ] Lavador pegou o prato #1076 (Sujeira: ENGORDURADO) 
[21:38:37] [FINE   ] Enxugador terminou de secar o prato #1065 em 4ms. 
[21:38:37] [FINE   ] Enxugador pegou o prato #1066 do escorredor. 
[21:38:37] [FINE   ] Lavador terminou de lavar o prato #1076 
[21:38:37] [FINE   ] Escorredor CHEIO! Quantidade de pratos: 10 
[21:38:37] [FINE   ] Lavador colocou o prato #1076 no escorredor. 
[21:38:37] [FINE   ] Lavador pegou o prato #1077 (Sujeira: MEDIO) 
[21:38:37] [FINE   ] Enxugador terminou de secar o prato #1066 em 9ms. 
[21:38:37] [FINE   ] Enxugador pegou o prato #1067 do escorredor. 
[21:38:37] [FINE   ] Lavador terminou de lavar o prato #1077 
[21:38:37] [FINE   ] Escorredor CHEIO! Quantidade de pratos: 10 
[21:38:37] [FINE   ] Lavador colocou o prato #1077 no escorredor. 
[21:38:37] [FINE   ] Lavador pegou o prato #1078 (Sujeira: ENGORDURADO) 
[21:38:37] [FINE   ] Enxugador terminou de secar o prato #1067 em 8ms. 
[21:38:37] [FINE   ] Enxugador pegou o prato #1068 do escorredor. 
[21:38:37] [FINE   ] Lavador terminou de lavar o prato #1078 
[21:38:37] [FINE   ] Escorredor CHEIO! Quantidade de pratos: 10 
[21:38:37] [FINE   ] Lavador colocou o prato #1078 no escorredor. 
[21:38:37] [FINE   ] Lavador pegou o prato #1079 (Sujeira: MEDIO) 
[21:38:37] [FINE   ] Enxugador terminou de secar o prato #1068 em 7ms. 
[21:38:37] [FINE   ] Enxugador pegou o prato #1069 do escorredor. 
[21:38:37] [FINE   ] Lavador terminou de lavar o prato #1079 
[21:38:37] [FINE   ] Escorredor CHEIO! Quantidade de pratos: 10 
[21:38:37] [FINE   ] Lavador colocou o prato #1079 no escorredor. 
[21:38:37] [FINE   ] Lavador pegou o prato #1080 (Sujeira: MEDIO) 
[21:38:37] [FINE   ] Enxugador terminou de secar o prato #1069 em 4ms. 
[21:38:37] [FINE   ] Enxugador pegou o prato #1070 do escorredor. 
[21:38:37] [FINE   ] Lavador terminou de lavar o prato #1080 
[21:38:37] [FINE   ] Escorredor CHEIO! Quantidade de pratos: 10 
[21:38:37] [FINE   ] Lavador colocou o prato #1080 no escorredor. 
[21:38:37] [FINE   ] Lavador pegou o prato #1081 (Sujeira: BAIXO) 
[21:38:37] [FINE   ] Enxugador terminou de secar o prato #1070 em 6ms. 
[21:38:37] [FINE   ] Enxugador pegou o prato #1071 do escorredor. 
[21:38:37] [FINE   ] Lavador terminou de lavar o prato #1081 
[21:38:37] [FINE   ] Escorredor CHEIO! Quantidade de pratos: 10 
[21:38:37] [FINE   ] Lavador colocou o prato #1081 no escorredor. 
[21:38:37] [FINE   ] Lavador pegou o prato #1082 (Sujeira: BAIXO) 
[21:38:37] [FINE   ] Lavador terminou de lavar o prato #1082 
[21:38:37] [FINE   ] Enxugador terminou de secar o prato #1071 em 8ms. 
[21:38:37] [FINE   ] Enxugador pegou o prato #1072 do escorredor. 
[21:38:37] [FINE   ] Escorredor CHEIO! Quantidade de pratos: 10 
[21:38:37] [FINE   ] Lavador colocou o prato #1082 no escorredor. 
[21:38:37] [FINE   ] Lavador pegou o prato #1083 (Sujeira: BAIXO) 
[21:38:37] [FINE   ] Lavador terminou de lavar o prato #1083 
[21:38:37] [FINE   ] Enxugador terminou de secar o prato #1072 em 7ms. 
[21:38:37] [FINE   ] Enxugador pegou o prato #1073 do escorredor. 
[21:38:37] [FINE   ] Escorredor CHEIO! Quantidade de pratos: 10 
[21:38:37] [FINE   ] Lavador colocou o prato #1083 no escorredor. 
[21:38:37] [FINE   ] Lavador pegou o prato #1084 (Sujeira: MEDIO) 
[21:38:37] [FINE   ] Lavador terminou de lavar o prato #1084 
[21:38:37] [FINE   ] Enxugador terminou de secar o prato #1073 em 9ms. 
[21:38:37] [FINE   ] Enxugador pegou o prato #1074 do escorredor. 
[21:38:37] [FINE   ] Escorredor CHEIO! Quantidade de pratos: 10 
[21:38:37] [FINE   ] Lavador colocou o prato #1084 no escorredor. 
[21:38:37] [FINE   ] Lavador pegou o prato #1085 (Sujeira: BAIXO) 
[21:38:37] [FINE   ] Lavador terminou de lavar o prato #1085 
[21:38:37] [FINE   ] Enxugador terminou de secar o prato #1074 em 9ms. 
[21:38:37] [FINE   ] Enxugador pegou o prato #1075 do escorredor. 
[21:38:37] [FINE   ] Escorredor CHEIO! Quantidade de pratos: 10 
[21:38:37] [FINE   ] Lavador colocou o prato #1085 no escorredor. 
[21:38:37] [FINE   ] Lavador pegou o prato #1086 (Sujeira: MEDIO) 
[21:38:37] [FINE   ] Lavador terminou de lavar o prato #1086 
[21:38:37] [FINE   ] Enxugador terminou de secar o prato #1075 em 8ms. 
[21:38:37] [FINE   ] Enxugador pegou o prato #1076 do escorredor. 
[21:38:37] [FINE   ] Escorredor CHEIO! Quantidade de pratos: 10 
[21:38:37] [FINE   ] Lavador colocou o prato #1086 no escorredor. 
[21:38:37] [FINE   ] Lavador pegou o prato #1087 (Sujeira: MEDIO) 
[21:38:37] [FINE   ] Lavador terminou de lavar o prato #1087 
[21:38:37] [FINE   ] Enxugador terminou de secar o prato #1076 em 8ms. 
[21:38:37] [FINE   ] Enxugador pegou o prato #1077 do escorredor. 
[21:38:37] [FINE   ] Escorredor CHEIO! Quantidade de pratos: 10 
[21:38:37] [FINE   ] Lavador colocou o prato #1087 no escorredor. 
[21:38:37] [FINE   ] Lavador pegou o prato #1088 (Sujeira: BAIXO) 
[21:38:37] [FINE   ] Lavador terminou de lavar o prato #1088 
[21:38:37] [FINE   ] Enxugador terminou de secar o prato #1077 em 10ms. 
[21:38:37] [FINE   ] Enxugador pegou o prato #1078 do escorredor. 
[21:38:37] [FINE   ] Escorredor CHEIO! Quantidade de pratos: 10 
[21:38:37] [FINE   ] Lavador colocou o prato #1088 no escorredor. 
[21:38:37] [FINE   ] Lavador pegou o prato #1089 (Sujeira: MEDIO) 
[21:38:37] [FINE   ] Enxugador terminou de secar o prato #1078 em 5ms. 
[21:38:37] [FINE   ] Enxugador pegou o prato #1079 do escorredor. 
[21:38:37] [FINE   ] Lavador terminou de lavar o prato #1089 
[21:38:37] [FINE   ] Escorredor CHEIO! Quantidade de pratos: 10 
[21:38:37] [FINE   ] Lavador colocou o prato #1089 no escorredor. 
[21:38:37] [FINE   ] Lavador pegou o prato #1090 (Sujeira: ENGORDURADO) 
[21:38:37] [FINE   ] Enxugador terminou de secar o prato #1079 em 5ms. 
[21:38:37] [FINE   ] Enxugador pegou o prato #1080 do escorredor. 
[21:38:37] [FINE   ] Lavador terminou de lavar o prato #1090 
[21:38:37] [FINE   ] Enxugador terminou de secar o prato #1080 em 5ms. 
[21:38:37] [FINE   ] Escorredor CHEIO! Quantidade de pratos: 10 
[21:38:37] [FINE   ] Lavador colocou o prato #1090 no escorredor. 
[21:38:37] [FINE   ] Enxugador pegou o prato #1081 do escorredor. 
[21:38:37] [FINE   ] Lavador pegou o prato #1091 (Sujeira: MEDIO) 
[21:38:37] [FINE   ] Lavador terminou de lavar o prato #1091 
[21:38:37] [FINE   ] Escorredor CHEIO! Quantidade de pratos: 10 
[21:38:37] [FINE   ] Lavador colocou o prato #1091 no escorredor. 
[21:38:37] [FINE   ] Lavador pegou o prato #1092 (Sujeira: BAIXO) 
[21:38:37] [FINE   ] Enxugador terminou de secar o prato #1081 em 7ms. 
[21:38:37] [FINE   ] Enxugador pegou o prato #1082 do escorredor. 
[21:38:37] [FINE   ] Lavador terminou de lavar o prato #1092 
[21:38:37] [FINE   ] Escorredor CHEIO! Quantidade de pratos: 10 
[21:38:37] [FINE   ] Lavador colocou o prato #1092 no escorredor. 
[21:38:37] [FINE   ] Lavador pegou o prato #1093 (Sujeira: MEDIO) 
[21:38:37] [FINE   ] Enxugador terminou de secar o prato #1082 em 7ms. 
[21:38:37] [FINE   ] Enxugador pegou o prato #1083 do escorredor. 
[21:38:37] [FINE   ] Lavador terminou de lavar o prato #1093 
[21:38:37] [FINE   ] Escorredor CHEIO! Quantidade de pratos: 10 
[21:38:37] [FINE   ] Lavador colocou o prato #1093 no escorredor. 
[21:38:37] [FINE   ] Lavador pegou o prato #1094 (Sujeira: BAIXO) 
[21:38:37] [FINE   ] Lavador terminou de lavar o prato #1094 
[21:38:37] [FINE   ] Enxugador terminou de secar o prato #1083 em 5ms. 
[21:38:37] [FINE   ] Enxugador pegou o prato #1084 do escorredor. 
[21:38:37] [FINE   ] Escorredor CHEIO! Quantidade de pratos: 10 
[21:38:37] [FINE   ] Lavador colocou o prato #1094 no escorredor. 
[21:38:37] [FINE   ] Lavador pegou o prato #1095 (Sujeira: BAIXO) 
[21:38:37] [FINE   ] Lavador terminou de lavar o prato #1095 
[21:38:37] [FINE   ] Enxugador terminou de secar o prato #1084 em 10ms. 
[21:38:37] [FINE   ] Enxugador pegou o prato #1085 do escorredor. 
[21:38:37] [FINE   ] Escorredor CHEIO! Quantidade de pratos: 10 
[21:38:37] [FINE   ] Lavador colocou o prato #1095 no escorredor. 
[21:38:37] [FINE   ] Lavador pegou o prato #1096 (Sujeira: MEDIO) 
[21:38:37] [FINE   ] Lavador terminou de lavar o prato #1096 
[21:38:37] [FINE   ] Enxugador terminou de secar o prato #1085 em 10ms. 
[21:38:37] [FINE   ] Enxugador pegou o prato #1086 do escorredor. 
[21:38:37] [FINE   ] Escorredor CHEIO! Quantidade de pratos: 10 
[21:38:37] [FINE   ] Lavador colocou o prato #1096 no escorredor. 
[21:38:37] [FINE   ] Lavador pegou o prato #1097 (Sujeira: MEDIO) 
[21:38:37] [FINE   ] Lavador terminou de lavar o prato #1097 
[21:38:37] [FINE   ] Enxugador terminou de secar o prato #1086 em 9ms. 
[21:38:37] [FINE   ] Enxugador pegou o prato #1087 do escorredor. 
[21:38:37] [FINE   ] Escorredor CHEIO! Quantidade de pratos: 10 
[21:38:37] [FINE   ] Lavador colocou o prato #1097 no escorredor. 
[21:38:37] [FINE   ] Lavador pegou o prato #1098 (Sujeira: BAIXO) 
[21:38:37] [FINE   ] Lavador terminou de lavar o prato #1098 
[21:38:37] [FINE   ] Enxugador terminou de secar o prato #1087 em 8ms. 
[21:38:37] [FINE   ] Enxugador pegou o prato #1088 do escorredor. 
[21:38:37] [FINE   ] Escorredor CHEIO! Quantidade de pratos: 10 
[21:38:37] [FINE   ] Lavador colocou o prato #1098 no escorredor. 
[21:38:37] [FINE   ] Lavador pegou o prato #1099 (Sujeira: MEDIO) 
[21:38:37] [FINE   ] Lavador terminou de lavar o prato #1099 
[21:38:37] [FINE   ] Enxugador terminou de secar o prato #1088 em 9ms. 
[21:38:37] [FINE   ] Enxugador pegou o prato #1089 do escorredor. 
[21:38:37] [FINE   ] Escorredor CHEIO! Quantidade de pratos: 10 
[21:38:37] [FINE   ] Lavador colocou o prato #1099 no escorredor. 
[21:38:37] [FINE   ] Lavador pegou o prato #1100 (Sujeira: MEDIO) 
[21:38:37] [FINE   ] Lavador terminou de lavar o prato #1100 
[21:38:37] [FINE   ] Enxugador terminou de secar o prato #1089 em 9ms. 
[21:38:37] [FINE   ] Enxugador pegou o prato #1090 do escorredor. 
[21:38:37] [FINE   ] Escorredor CHEIO! Quantidade de pratos: 10 
[21:38:37] [FINE   ] Lavador colocou o prato #1100 no escorredor. 
[21:38:37] [FINE   ] Lavador pegou o prato #1101 (Sujeira: BAIXO) 
[21:38:37] [FINE   ] Lavador terminou de lavar o prato #1101 
[21:38:37] [FINE   ] Enxugador terminou de secar o prato #1090 em 9ms. 
[21:38:37] [FINE   ] Enxugador pegou o prato #1091 do escorredor. 
[21:38:37] [FINE   ] Escorredor CHEIO! Quantidade de pratos: 10 
[21:38:37] [FINE   ] Lavador colocou o prato #1101 no escorredor. 
[21:38:37] [FINE   ] Lavador pegou o prato #1102 (Sujeira: MEDIO) 
[21:38:37] [FINE   ] Lavador terminou de lavar o prato #1102 
[21:38:37] [FINE   ] Enxugador terminou de secar o prato #1091 em 6ms. 
[21:38:37] [FINE   ] Enxugador pegou o prato #1092 do escorredor. 
[21:38:37] [FINE   ] Escorredor CHEIO! Quantidade de pratos: 10 
[21:38:37] [FINE   ] Lavador colocou o prato #1102 no escorredor. 
[21:38:37] [FINE   ] Lavador pegou o prato #1103 (Sujeira: BAIXO) 
[21:38:37] [FINE   ] Lavador terminou de lavar o prato #1103 
[21:38:37] [FINE   ] Enxugador terminou de secar o prato #1092 em 4ms. 
[21:38:37] [FINE   ] Enxugador pegou o prato #1093 do escorredor. 
[21:38:37] [FINE   ] Escorredor CHEIO! Quantidade de pratos: 10 
[21:38:37] [FINE   ] Lavador colocou o prato #1103 no escorredor. 
[21:38:37] [FINE   ] Lavador pegou o prato #1104 (Sujeira: ENGORDURADO) 
[21:38:37] [FINE   ] Enxugador terminou de secar o prato #1093 em 6ms. 
[21:38:37] [FINE   ] Enxugador pegou o prato #1094 do escorredor. 
[21:38:37] [FINE   ] Lavador terminou de lavar o prato #1104 
[21:38:37] [FINE   ] Escorredor CHEIO! Quantidade de pratos: 10 
[21:38:37] [FINE   ] Lavador colocou o prato #1104 no escorredor. 
[21:38:37] [FINE   ] Lavador pegou o prato #1105 (Sujeira: BAIXO) 
[21:38:37] [FINE   ] Lavador terminou de lavar o prato #1105 
[21:38:37] [FINE   ] Enxugador terminou de secar o prato #1094 em 7ms. 
[21:38:37] [FINE   ] Enxugador pegou o prato #1095 do escorredor. 
[21:38:37] [FINE   ] Escorredor CHEIO! Quantidade de pratos: 10 
[21:38:37] [FINE   ] Lavador colocou o prato #1105 no escorredor. 
[21:38:37] [FINE   ] Lavador pegou o prato #1106 (Sujeira: MEDIO) 
[21:38:37] [FINE   ] Enxugador terminou de secar o prato #1095 em 3ms. 
[21:38:37] [FINE   ] Enxugador pegou o prato #1096 do escorredor. 
[21:38:37] [FINE   ] Lavador terminou de lavar o prato #1106 
[21:38:37] [FINE   ] Escorredor CHEIO! Quantidade de pratos: 10 
[21:38:37] [FINE   ] Lavador colocou o prato #1106 no escorredor. 
[21:38:37] [FINE   ] Lavador pegou o prato #1107 (Sujeira: MEDIO) 
[21:38:37] [FINE   ] Lavador terminou de lavar o prato #1107 
[21:38:37] [FINE   ] Enxugador terminou de secar o prato #1096 em 10ms. 
[21:38:37] [FINE   ] Enxugador pegou o prato #1097 do escorredor. 
[21:38:37] [FINE   ] Escorredor CHEIO! Quantidade de pratos: 10 
[21:38:37] [FINE   ] Lavador colocou o prato #1107 no escorredor. 
[21:38:37] [FINE   ] Lavador pegou o prato #1108 (Sujeira: MEDIO) 
[21:38:37] [FINE   ] Lavador terminou de lavar o prato #1108 
[21:38:37] [FINE   ] Enxugador terminou de secar o prato #1097 em 8ms. 
[21:38:37] [FINE   ] Enxugador pegou o prato #1098 do escorredor. 
[21:38:37] [FINE   ] Escorredor CHEIO! Quantidade de pratos: 10 
[21:38:37] [FINE   ] Lavador colocou o prato #1108 no escorredor. 
[21:38:37] [FINE   ] Lavador pegou o prato #1109 (Sujeira: BAIXO) 
[21:38:37] [FINE   ] Enxugador terminou de secar o prato #1098 em 3ms. 
[21:38:37] [FINE   ] Lavador terminou de lavar o prato #1109 
[21:38:37] [FINE   ] Enxugador pegou o prato #1099 do escorredor. 
[21:38:37] [FINE   ] Escorredor CHEIO! Quantidade de pratos: 10 
[21:38:37] [FINE   ] Lavador colocou o prato #1109 no escorredor. 
[21:38:37] [FINE   ] Lavador pegou o prato #1110 (Sujeira: MEDIO) 
[21:38:37] [FINE   ] Enxugador terminou de secar o prato #1099 em 3ms. 
[21:38:37] [FINE   ] Enxugador pegou o prato #1100 do escorredor. 
[21:38:37] [FINE   ] Lavador terminou de lavar o prato #1110 
[21:38:37] [FINE   ] Escorredor CHEIO! Quantidade de pratos: 10 
[21:38:37] [FINE   ] Lavador colocou o prato #1110 no escorredor. 
[21:38:37] [FINE   ] Lavador pegou o prato #1111 (Sujeira: BAIXO) 
[21:38:37] [FINE   ] Enxugador terminou de secar o prato #1100 em 4ms. 
[21:38:37] [FINE   ] Enxugador pegou o prato #1101 do escorredor. 
[21:38:37] [FINE   ] Lavador terminou de lavar o prato #1111 
[21:38:37] [FINE   ] Escorredor CHEIO! Quantidade de pratos: 10 
[21:38:37] [FINE   ] Lavador colocou o prato #1111 no escorredor. 
[21:38:37] [FINE   ] Lavador pegou o prato #1112 (Sujeira: BAIXO) 
[21:38:37] [FINE   ] Enxugador terminou de secar o prato #1101 em 5ms. 
[21:38:37] [FINE   ] Enxugador pegou o prato #1102 do escorredor. 
[21:38:37] [FINE   ] Lavador terminou de lavar o prato #1112 
[21:38:37] [FINE   ] Escorredor CHEIO! Quantidade de pratos: 10 
[21:38:37] [FINE   ] Lavador colocou o prato #1112 no escorredor. 
[21:38:37] [FINE   ] Lavador pegou o prato #1113 (Sujeira: MEDIO) 
[21:38:37] [FINE   ] Enxugador terminou de secar o prato #1102 em 5ms. 
[21:38:37] [FINE   ] Enxugador pegou o prato #1103 do escorredor. 
[21:38:37] [FINE   ] Lavador terminou de lavar o prato #1113 
[21:38:37] [FINE   ] Escorredor CHEIO! Quantidade de pratos: 10 
[21:38:37] [FINE   ] Lavador colocou o prato #1113 no escorredor. 
[21:38:37] [FINE   ] Lavador pegou o prato #1114 (Sujeira: BAIXO) 
[21:38:37] [FINE   ] Lavador terminou de lavar o prato #1114 
[21:38:37] [FINE   ] Enxugador terminou de secar o prato #1103 em 7ms. 
[21:38:37] [FINE   ] Enxugador pegou o prato #1104 do escorredor. 
[21:38:37] [FINE   ] Escorredor CHEIO! Quantidade de pratos: 10 
[21:38:37] [FINE   ] Lavador colocou o prato #1114 no escorredor. 
[21:38:37] [FINE   ] Lavador pegou o prato #1115 (Sujeira: MEDIO) 
[21:38:37] [FINE   ] Lavador terminou de lavar o prato #1115 
[21:38:37] [FINE   ] Enxugador terminou de secar o prato #1104 em 10ms. 
[21:38:37] [FINE   ] Enxugador pegou o prato #1105 do escorredor. 
[21:38:37] [FINE   ] Escorredor CHEIO! Quantidade de pratos: 10 
[21:38:37] [FINE   ] Lavador colocou o prato #1115 no escorredor. 
[21:38:37] [FINE   ] Lavador pegou o prato #1116 (Sujeira: MEDIO) 
[21:38:37] [FINE   ] Lavador terminou de lavar o prato #1116 
[21:38:37] [FINE   ] Enxugador terminou de secar o prato #1105 em 7ms. 
[21:38:37] [FINE   ] Enxugador pegou o prato #1106 do escorredor. 
[21:38:37] [FINE   ] Escorredor CHEIO! Quantidade de pratos: 10 
[21:38:37] [FINE   ] Lavador colocou o prato #1116 no escorredor. 
[21:38:37] [FINE   ] Lavador pegou o prato #1117 (Sujeira: ENGORDURADO) 
[21:38:37] [FINE   ] Enxugador terminou de secar o prato #1106 em 4ms. 
[21:38:37] [FINE   ] Enxugador pegou o prato #1107 do escorredor. 
[21:38:37] [FINE   ] Lavador terminou de lavar o prato #1117 
[21:38:37] [FINE   ] Escorredor CHEIO! Quantidade de pratos: 10 
[21:38:37] [FINE   ] Lavador colocou o prato #1117 no escorredor. 
[21:38:37] [FINE   ] Lavador pegou o prato #1118 (Sujeira: MEDIO) 
[21:38:37] [FINE   ] Lavador terminou de lavar o prato #1118 
[21:38:37] [FINE   ] Enxugador terminou de secar o prato #1107 em 10ms. 
[21:38:37] [FINE   ] Enxugador pegou o prato #1108 do escorredor. 
[21:38:37] [FINE   ] Escorredor CHEIO! Quantidade de pratos: 10 
[21:38:37] [FINE   ] Lavador colocou o prato #1118 no escorredor. 
[21:38:37] [FINE   ] Lavador pegou o prato #1119 (Sujeira: MEDIO) 
[21:38:37] [FINE   ] Enxugador terminou de secar o prato #1108 em 3ms. 
[21:38:37] [FINE   ] Enxugador pegou o prato #1109 do escorredor. 
[21:38:37] [FINE   ] Lavador terminou de lavar o prato #1119 
[21:38:37] [FINE   ] Escorredor CHEIO! Quantidade de pratos: 10 
[21:38:37] [FINE   ] Lavador colocou o prato #1119 no escorredor. 
[21:38:37] [FINE   ] Lavador pegou o prato #1120 (Sujeira: MEDIO) 
[21:38:38] [FINE   ] Lavador terminou de lavar o prato #1120 
[21:38:38] [FINE   ] Enxugador terminou de secar o prato #1109 em 7ms. 
[21:38:38] [FINE   ] Enxugador pegou o prato #1110 do escorredor. 
[21:38:38] [FINE   ] Escorredor CHEIO! Quantidade de pratos: 10 
[21:38:38] [FINE   ] Lavador colocou o prato #1120 no escorredor. 
[21:38:38] [FINE   ] Lavador pegou o prato #1121 (Sujeira: BAIXO) 
[21:38:38] [FINE   ] Lavador terminou de lavar o prato #1121 
[21:38:38] [FINE   ] Enxugador terminou de secar o prato #1110 em 3ms. 
[21:38:38] [FINE   ] Enxugador pegou o prato #1111 do escorredor. 
[21:38:38] [FINE   ] Escorredor CHEIO! Quantidade de pratos: 10 
[21:38:38] [FINE   ] Lavador colocou o prato #1121 no escorredor. 
[21:38:38] [FINE   ] Lavador pegou o prato #1122 (Sujeira: BAIXO) 
[21:38:38] [FINE   ] Lavador terminou de lavar o prato #1122 
[21:38:38] [FINE   ] Enxugador terminou de secar o prato #1111 em 10ms. 
[21:38:38] [FINE   ] Enxugador pegou o prato #1112 do escorredor. 
[21:38:38] [FINE   ] Escorredor CHEIO! Quantidade de pratos: 10 
[21:38:38] [FINE   ] Lavador colocou o prato #1122 no escorredor. 
[21:38:38] [FINE   ] Lavador pegou o prato #1123 (Sujeira: BAIXO) 
[21:38:38] [FINE   ] Lavador terminou de lavar o prato #1123 
[21:38:38] [FINE   ] Enxugador terminou de secar o prato #1112 em 8ms. 
[21:38:38] [FINE   ] Enxugador pegou o prato #1113 do escorredor. 
[21:38:38] [FINE   ] Escorredor CHEIO! Quantidade de pratos: 10 
[21:38:38] [FINE   ] Lavador colocou o prato #1123 no escorredor. 
[21:38:38] [FINE   ] Lavador pegou o prato #1124 (Sujeira: ENGORDURADO) 
[21:38:38] [FINE   ] Enxugador terminou de secar o prato #1113 em 7ms. 
[21:38:38] [FINE   ] Enxugador pegou o prato #1114 do escorredor. 
[21:38:38] [FINE   ] Lavador terminou de lavar o prato #1124 
[21:38:38] [FINE   ] Escorredor CHEIO! Quantidade de pratos: 10 
[21:38:38] [FINE   ] Lavador colocou o prato #1124 no escorredor. 
[21:38:38] [FINE   ] Lavador pegou o prato #1125 (Sujeira: BAIXO) 
[21:38:38] [FINE   ] Enxugador terminou de secar o prato #1114 em 6ms. 
[21:38:38] [FINE   ] Lavador terminou de lavar o prato #1125 
[21:38:38] [FINE   ] Enxugador pegou o prato #1115 do escorredor. 
[21:38:38] [FINE   ] Escorredor CHEIO! Quantidade de pratos: 10 
[21:38:38] [FINE   ] Lavador colocou o prato #1125 no escorredor. 
[21:38:38] [FINE   ] Lavador pegou o prato #1126 (Sujeira: MEDIO) 
[21:38:38] [FINE   ] Enxugador terminou de secar o prato #1115 em 3ms. 
[21:38:38] [FINE   ] Enxugador pegou o prato #1116 do escorredor. 
[21:38:38] [FINE   ] Lavador terminou de lavar o prato #1126 
[21:38:38] [FINE   ] Escorredor CHEIO! Quantidade de pratos: 10 
[21:38:38] [FINE   ] Lavador colocou o prato #1126 no escorredor. 
[21:38:38] [FINE   ] Lavador pegou o prato #1127 (Sujeira: ENGORDURADO) 
[21:38:38] [FINE   ] Enxugador terminou de secar o prato #1116 em 7ms. 
[21:38:38] [FINE   ] Enxugador pegou o prato #1117 do escorredor. 
[21:38:38] [FINE   ] Lavador terminou de lavar o prato #1127 
[21:38:38] [FINE   ] Escorredor CHEIO! Quantidade de pratos: 10 
[21:38:38] [FINE   ] Lavador colocou o prato #1127 no escorredor. 
[21:38:38] [FINE   ] Lavador pegou o prato #1128 (Sujeira: MEDIO) 
[21:38:38] [FINE   ] Enxugador terminou de secar o prato #1117 em 7ms. 
[21:38:38] [FINE   ] Enxugador pegou o prato #1118 do escorredor. 
[21:38:38] [FINE   ] Lavador terminou de lavar o prato #1128 
[21:38:38] [FINE   ] Escorredor CHEIO! Quantidade de pratos: 10 
[21:38:38] [FINE   ] Lavador colocou o prato #1128 no escorredor. 
[21:38:38] [FINE   ] Lavador pegou o prato #1129 (Sujeira: ENGORDURADO) 
[21:38:38] [FINE   ] Enxugador terminou de secar o prato #1118 em 5ms. 
[21:38:38] [FINE   ] Enxugador pegou o prato #1119 do escorredor. 
[21:38:38] [FINE   ] Lavador terminou de lavar o prato #1129 
[21:38:38] [FINE   ] Escorredor CHEIO! Quantidade de pratos: 10 
[21:38:38] [FINE   ] Lavador colocou o prato #1129 no escorredor. 
[21:38:38] [FINE   ] Lavador pegou o prato #1130 (Sujeira: MEDIO) 
[21:38:38] [FINE   ] Enxugador terminou de secar o prato #1119 em 8ms. 
[21:38:38] [FINE   ] Enxugador pegou o prato #1120 do escorredor. 
[21:38:38] [FINE   ] Enxugador terminou de secar o prato #1120 em 3ms. 
[21:38:38] [FINE   ] Enxugador pegou o prato #1121 do escorredor. 
[21:38:38] [FINE   ] Lavador terminou de lavar o prato #1130 
[21:38:38] [FINE   ] Lavador colocou o prato #1130 no escorredor. 
[21:38:38] [FINE   ] Lavador pegou o prato #1131 (Sujeira: ENGORDURADO) 
[21:38:38] [FINE   ] Enxugador terminou de secar o prato #1121 em 10ms. 
[21:38:38] [FINE   ] Enxugador pegou o prato #1122 do escorredor. 
[21:38:38] [FINE   ] Lavador terminou de lavar o prato #1131 
[21:38:38] [FINE   ] Lavador colocou o prato #1131 no escorredor. 
[21:38:38] [FINE   ] Lavador pegou o prato #1132 (Sujeira: BAIXO) 
[21:38:38] [FINE   ] Lavador terminou de lavar o prato #1132 
[21:38:38] [FINE   ] Escorredor CHEIO! Quantidade de pratos: 10 
[21:38:38] [FINE   ] Lavador colocou o prato #1132 no escorredor. 
[21:38:38] [FINE   ] Lavador pegou o prato #1133 (Sujeira: BAIXO) 
[21:38:38] [FINE   ] Lavador terminou de lavar o prato #1133 
[21:38:38] [FINE   ] Enxugador terminou de secar o prato #1122 em 10ms. 
[21:38:38] [FINE   ] Enxugador pegou o prato #1123 do escorredor. 
[21:38:38] [FINE   ] Escorredor CHEIO! Quantidade de pratos: 10 
[21:38:38] [FINE   ] Lavador colocou o prato #1133 no escorredor. 
[21:38:38] [FINE   ] Lavador pegou o prato #1134 (Sujeira: MEDIO) 
[21:38:38] [FINE   ] Lavador terminou de lavar o prato #1134 
[21:38:38] [FINE   ] Enxugador terminou de secar o prato #1123 em 10ms. 
[21:38:38] [FINE   ] Enxugador pegou o prato #1124 do escorredor. 
[21:38:38] [FINE   ] Escorredor CHEIO! Quantidade de pratos: 10 
[21:38:38] [FINE   ] Lavador colocou o prato #1134 no escorredor. 
[21:38:38] [FINE   ] Lavador pegou o prato #1135 (Sujeira: ENGORDURADO) 
[21:38:38] [FINE   ] Enxugador terminou de secar o prato #1124 em 6ms. 
[21:38:38] [FINE   ] Enxugador pegou o prato #1125 do escorredor. 
[21:38:38] [FINE   ] Lavador terminou de lavar o prato #1135 
[21:38:38] [FINE   ] Escorredor CHEIO! Quantidade de pratos: 10 
[21:38:38] [FINE   ] Lavador colocou o prato #1135 no escorredor. 
[21:38:38] [FINE   ] Lavador pegou o prato #1136 (Sujeira: MEDIO) 
[21:38:38] [FINE   ] Enxugador terminou de secar o prato #1125 em 5ms. 
[21:38:38] [FINE   ] Enxugador pegou o prato #1126 do escorredor. 
[21:38:38] [FINE   ] Lavador terminou de lavar o prato #1136 
[21:38:38] [FINE   ] Escorredor CHEIO! Quantidade de pratos: 10 
[21:38:38] [FINE   ] Lavador colocou o prato #1136 no escorredor. 
[21:38:38] [FINE   ] Lavador pegou o prato #1137 (Sujeira: BAIXO) 
[21:38:38] [FINE   ] Lavador terminou de lavar o prato #1137 
[21:38:38] [FINE   ] Enxugador terminou de secar o prato #1126 em 10ms. 
[21:38:38] [FINE   ] Enxugador pegou o prato #1127 do escorredor. 
[21:38:38] [FINE   ] Escorredor CHEIO! Quantidade de pratos: 10 
[21:38:38] [FINE   ] Lavador colocou o prato #1137 no escorredor. 
[21:38:38] [FINE   ] Lavador pegou o prato #1138 (Sujeira: ENGORDURADO) 
[21:38:38] [FINE   ] Enxugador terminou de secar o prato #1127 em 4ms. 
[21:38:38] [FINE   ] Enxugador pegou o prato #1128 do escorredor. 
[21:38:38] [FINE   ] Lavador terminou de lavar o prato #1138 
[21:38:38] [FINE   ] Escorredor CHEIO! Quantidade de pratos: 10 
[21:38:38] [FINE   ] Lavador colocou o prato #1138 no escorredor. 
[21:38:38] [FINE   ] Lavador pegou o prato #1139 (Sujeira: BAIXO) 
[21:38:38] [FINE   ] Lavador terminou de lavar o prato #1139 
[21:38:38] [FINE   ] Enxugador terminou de secar o prato #1128 em 8ms. 
[21:38:38] [FINE   ] Enxugador pegou o prato #1129 do escorredor. 
[21:38:38] [FINE   ] Escorredor CHEIO! Quantidade de pratos: 10 
[21:38:38] [FINE   ] Lavador colocou o prato #1139 no escorredor. 
[21:38:38] [FINE   ] Lavador pegou o prato #1140 (Sujeira: MEDIO) 
[21:38:38] [FINE   ] Lavador terminou de lavar o prato #1140 
[21:38:38] [FINE   ] Enxugador terminou de secar o prato #1129 em 10ms. 
[21:38:38] [FINE   ] Enxugador pegou o prato #1130 do escorredor. 
[21:38:38] [FINE   ] Escorredor CHEIO! Quantidade de pratos: 10 
[21:38:38] [FINE   ] Lavador colocou o prato #1140 no escorredor. 
[21:38:38] [FINE   ] Lavador pegou o prato #1141 (Sujeira: BAIXO) 
[21:38:38] [FINE   ] Lavador terminou de lavar o prato #1141 
[21:38:38] [FINE   ] Enxugador terminou de secar o prato #1130 em 8ms. 
[21:38:38] [FINE   ] Enxugador pegou o prato #1131 do escorredor. 
[21:38:38] [FINE   ] Escorredor CHEIO! Quantidade de pratos: 10 
[21:38:38] [FINE   ] Lavador colocou o prato #1141 no escorredor. 
[21:38:38] [FINE   ] Lavador pegou o prato #1142 (Sujeira: BAIXO) 
[21:38:38] [FINE   ] Lavador terminou de lavar o prato #1142 
[21:38:38] [FINE   ] Enxugador terminou de secar o prato #1131 em 8ms. 
[21:38:38] [FINE   ] Enxugador pegou o prato #1132 do escorredor. 
[21:38:38] [FINE   ] Escorredor CHEIO! Quantidade de pratos: 10 
[21:38:38] [FINE   ] Lavador colocou o prato #1142 no escorredor. 
[21:38:38] [FINE   ] Lavador pegou o prato #1143 (Sujeira: BAIXO) 
[21:38:38] [FINE   ] Lavador terminou de lavar o prato #1143 
[21:38:38] [FINE   ] Enxugador terminou de secar o prato #1132 em 4ms. 
[21:38:38] [FINE   ] Enxugador pegou o prato #1133 do escorredor. 
[21:38:38] [FINE   ] Escorredor CHEIO! Quantidade de pratos: 10 
[21:38:38] [FINE   ] Lavador colocou o prato #1143 no escorredor. 
[21:38:38] [FINE   ] Lavador pegou o prato #1144 (Sujeira: MEDIO) 
[21:38:38] [FINE   ] Enxugador terminou de secar o prato #1133 em 4ms. 
[21:38:38] [FINE   ] Enxugador pegou o prato #1134 do escorredor. 
[21:38:38] [FINE   ] Lavador terminou de lavar o prato #1144 
[21:38:38] [FINE   ] Escorredor CHEIO! Quantidade de pratos: 10 
[21:38:38] [FINE   ] Lavador colocou o prato #1144 no escorredor. 
[21:38:38] [FINE   ] Lavador pegou o prato #1145 (Sujeira: MEDIO) 
[21:38:38] [FINE   ] Lavador terminou de lavar o prato #1145 
[21:38:38] [FINE   ] Enxugador terminou de secar o prato #1134 em 7ms. 
[21:38:38] [FINE   ] Enxugador pegou o prato #1135 do escorredor. 
[21:38:38] [FINE   ] Escorredor CHEIO! Quantidade de pratos: 10 
[21:38:38] [FINE   ] Lavador colocou o prato #1145 no escorredor. 
[21:38:38] [FINE   ] Lavador pegou o prato #1146 (Sujeira: MEDIO) 
[21:38:38] [FINE   ] Enxugador terminou de secar o prato #1135 em 4ms. 
[21:38:38] [FINE   ] Enxugador pegou o prato #1136 do escorredor. 
[21:38:38] [FINE   ] Lavador terminou de lavar o prato #1146 
[21:38:38] [FINE   ] Escorredor CHEIO! Quantidade de pratos: 10 
[21:38:38] [FINE   ] Lavador colocou o prato #1146 no escorredor. 
[21:38:38] [FINE   ] Lavador pegou o prato #1147 (Sujeira: MEDIO) 
[21:38:38] [FINE   ] Enxugador terminou de secar o prato #1136 em 4ms. 
[21:38:38] [FINE   ] Enxugador pegou o prato #1137 do escorredor. 
[21:38:38] [FINE   ] Lavador terminou de lavar o prato #1147 
[21:38:38] [FINE   ] Escorredor CHEIO! Quantidade de pratos: 10 
[21:38:38] [FINE   ] Lavador colocou o prato #1147 no escorredor. 
[21:38:38] [FINE   ] Lavador pegou o prato #1148 (Sujeira: BAIXO) 
[21:38:38] [FINE   ] Enxugador terminou de secar o prato #1137 em 3ms. 
[21:38:38] [FINE   ] Enxugador pegou o prato #1138 do escorredor. 
[21:38:38] [FINE   ] Lavador terminou de lavar o prato #1148 
[21:38:38] [FINE   ] Escorredor CHEIO! Quantidade de pratos: 10 
[21:38:38] [FINE   ] Lavador colocou o prato #1148 no escorredor. 
[21:38:38] [FINE   ] Lavador pegou o prato #1149 (Sujeira: BAIXO) 
[21:38:38] [FINE   ] Lavador terminou de lavar o prato #1149 
[21:38:38] [FINE   ] Enxugador terminou de secar o prato #1138 em 7ms. 
[21:38:38] [FINE   ] Enxugador pegou o prato #1139 do escorredor. 
[21:38:38] [FINE   ] Escorredor CHEIO! Quantidade de pratos: 10 
[21:38:38] [FINE   ] Lavador colocou o prato #1149 no escorredor. 
[21:38:38] [FINE   ] Lavador pegou o prato #1150 (Sujeira: MEDIO) 
[21:38:38] [FINE   ] Lavador terminou de lavar o prato #1150 
[21:38:38] [FINE   ] Enxugador terminou de secar o prato #1139 em 9ms. 
[21:38:38] [FINE   ] Enxugador pegou o prato #1140 do escorredor. 
[21:38:38] [FINE   ] Escorredor CHEIO! Quantidade de pratos: 10 
[21:38:38] [FINE   ] Lavador colocou o prato #1150 no escorredor. 
[21:38:38] [FINE   ] Lavador pegou o prato #1151 (Sujeira: MEDIO) 
[21:38:38] [FINE   ] Enxugador terminou de secar o prato #1140 em 3ms. 
[21:38:38] [FINE   ] Enxugador pegou o prato #1141 do escorredor. 
[21:38:38] [FINE   ] Lavador terminou de lavar o prato #1151 
[21:38:38] [FINE   ] Escorredor CHEIO! Quantidade de pratos: 10 
[21:38:38] [FINE   ] Lavador colocou o prato #1151 no escorredor. 
[21:38:38] [FINE   ] Lavador pegou o prato #1152 (Sujeira: MEDIO) 
[21:38:38] [FINE   ] Lavador terminou de lavar o prato #1152 
[21:38:38] [FINE   ] Enxugador terminou de secar o prato #1141 em 9ms. 
[21:38:38] [FINE   ] Enxugador pegou o prato #1142 do escorredor. 
[21:38:38] [FINE   ] Escorredor CHEIO! Quantidade de pratos: 10 
[21:38:38] [FINE   ] Lavador colocou o prato #1152 no escorredor. 
[21:38:38] [FINE   ] Lavador pegou o prato #1153 (Sujeira: BAIXO) 
[21:38:38] [FINE   ] Lavador terminou de lavar o prato #1153 
[21:38:38] [FINE   ] Enxugador terminou de secar o prato #1142 em 3ms. 
[21:38:38] [FINE   ] Enxugador pegou o prato #1143 do escorredor. 
[21:38:38] [FINE   ] Escorredor CHEIO! Quantidade de pratos: 10 
[21:38:38] [FINE   ] Lavador colocou o prato #1153 no escorredor. 
[21:38:38] [FINE   ] Lavador pegou o prato #1154 (Sujeira: MEDIO) 
[21:38:38] [FINE   ] Lavador terminou de lavar o prato #1154 
[21:38:38] [FINE   ] Enxugador terminou de secar o prato #1143 em 6ms. 
[21:38:38] [FINE   ] Enxugador pegou o prato #1144 do escorredor. 
[21:38:38] [FINE   ] Escorredor CHEIO! Quantidade de pratos: 10 
[21:38:38] [FINE   ] Lavador colocou o prato #1154 no escorredor. 
[21:38:38] [FINE   ] Lavador pegou o prato #1155 (Sujeira: BAIXO) 
[21:38:38] [FINE   ] Enxugador terminou de secar o prato #1144 em 4ms. 
[21:38:38] [FINE   ] Lavador terminou de lavar o prato #1155 
[21:38:38] [FINE   ] Enxugador pegou o prato #1145 do escorredor. 
[21:38:38] [FINE   ] Escorredor CHEIO! Quantidade de pratos: 10 
[21:38:38] [FINE   ] Lavador colocou o prato #1155 no escorredor. 
[21:38:38] [FINE   ] Lavador pegou o prato #1156 (Sujeira: MEDIO) 
[21:38:38] [FINE   ] Lavador terminou de lavar o prato #1156 
[21:38:38] [FINE   ] Enxugador terminou de secar o prato #1145 em 10ms. 
[21:38:38] [FINE   ] Enxugador pegou o prato #1146 do escorredor. 
[21:38:38] [FINE   ] Escorredor CHEIO! Quantidade de pratos: 10 
[21:38:38] [FINE   ] Lavador colocou o prato #1156 no escorredor. 
[21:38:38] [FINE   ] Lavador pegou o prato #1157 (Sujeira: ENGORDURADO) 
[21:38:38] [FINE   ] Lavador terminou de lavar o prato #1157 
[21:38:38] [FINE   ] Enxugador terminou de secar o prato #1146 em 9ms. 
[21:38:38] [FINE   ] Enxugador pegou o prato #1147 do escorredor. 
[21:38:38] [FINE   ] Escorredor CHEIO! Quantidade de pratos: 10 
[21:38:38] [FINE   ] Lavador colocou o prato #1157 no escorredor. 
[21:38:38] [FINE   ] Lavador pegou o prato #1158 (Sujeira: ENGORDURADO) 
[21:38:38] [FINE   ] Enxugador terminou de secar o prato #1147 em 6ms. 
[21:38:38] [FINE   ] Enxugador pegou o prato #1148 do escorredor. 
[21:38:38] [FINE   ] Lavador terminou de lavar o prato #1158 
[21:38:38] [FINE   ] Escorredor CHEIO! Quantidade de pratos: 10 
[21:38:38] [FINE   ] Lavador colocou o prato #1158 no escorredor. 
[21:38:38] [FINE   ] Lavador pegou o prato #1159 (Sujeira: MEDIO) 
[21:38:38] [FINE   ] Enxugador terminou de secar o prato #1148 em 6ms. 
[21:38:38] [FINE   ] Enxugador pegou o prato #1149 do escorredor. 
[21:38:38] [FINE   ] Lavador terminou de lavar o prato #1159 
[21:38:38] [FINE   ] Escorredor CHEIO! Quantidade de pratos: 10 
[21:38:38] [FINE   ] Lavador colocou o prato #1159 no escorredor. 
[21:38:38] [FINE   ] Lavador pegou o prato #1160 (Sujeira: MEDIO) 
[21:38:38] [FINE   ] Enxugador terminou de secar o prato #1149 em 6ms. 
[21:38:38] [FINE   ] Enxugador pegou o prato #1150 do escorredor. 
[21:38:38] [FINE   ] Lavador terminou de lavar o prato #1160 
[21:38:38] [FINE   ] Escorredor CHEIO! Quantidade de pratos: 10 
[21:38:38] [FINE   ] Lavador colocou o prato #1160 no escorredor. 
[21:38:38] [FINE   ] Lavador pegou o prato #1161 (Sujeira: BAIXO) 
[21:38:38] [FINE   ] Lavador terminou de lavar o prato #1161 
[21:38:38] [FINE   ] Enxugador terminou de secar o prato #1150 em 4ms. 
[21:38:38] [FINE   ] Enxugador pegou o prato #1151 do escorredor. 
[21:38:38] [FINE   ] Escorredor CHEIO! Quantidade de pratos: 10 
[21:38:38] [FINE   ] Lavador colocou o prato #1161 no escorredor. 
[21:38:38] [FINE   ] Lavador pegou o prato #1162 (Sujeira: MEDIO) 
[21:38:38] [FINE   ] Enxugador terminou de secar o prato #1151 em 5ms. 
[21:38:38] [FINE   ] Enxugador pegou o prato #1152 do escorredor. 
[21:38:38] [FINE   ] Lavador terminou de lavar o prato #1162 
[21:38:38] [FINE   ] Escorredor CHEIO! Quantidade de pratos: 10 
[21:38:38] [FINE   ] Lavador colocou o prato #1162 no escorredor. 
[21:38:38] [FINE   ] Lavador pegou o prato #1163 (Sujeira: BAIXO) 
[21:38:38] [FINE   ] Lavador terminou de lavar o prato #1163 
[21:38:38] [FINE   ] Enxugador terminou de secar o prato #1152 em 9ms. 
[21:38:38] [FINE   ] Enxugador pegou o prato #1153 do escorredor. 
[21:38:38] [FINE   ] Escorredor CHEIO! Quantidade de pratos: 10 
[21:38:38] [FINE   ] Lavador colocou o prato #1163 no escorredor. 
[21:38:38] [FINE   ] Lavador pegou o prato #1164 (Sujeira: MEDIO) 
[21:38:38] [FINE   ] Lavador terminou de lavar o prato #1164 
[21:38:38] [FINE   ] Enxugador terminou de secar o prato #1153 em 7ms. 
[21:38:38] [FINE   ] Enxugador pegou o prato #1154 do escorredor. 
[21:38:38] [FINE   ] Escorredor CHEIO! Quantidade de pratos: 10 
[21:38:38] [FINE   ] Lavador colocou o prato #1164 no escorredor. 
[21:38:38] [FINE   ] Lavador pegou o prato #1165 (Sujeira: MEDIO) 
[21:38:38] [FINE   ] Lavador terminou de lavar o prato #1165 
[21:38:38] [FINE   ] Enxugador terminou de secar o prato #1154 em 6ms. 
[21:38:38] [FINE   ] Enxugador pegou o prato #1155 do escorredor. 
[21:38:38] [FINE   ] Escorredor CHEIO! Quantidade de pratos: 10 
[21:38:38] [FINE   ] Lavador colocou o prato #1165 no escorredor. 
[21:38:38] [FINE   ] Lavador pegou o prato #1166 (Sujeira: MEDIO) 
[21:38:38] [FINE   ] Enxugador terminou de secar o prato #1155 em 5ms. 
[21:38:38] [FINE   ] Enxugador pegou o prato #1156 do escorredor. 
[21:38:38] [FINE   ] Lavador terminou de lavar o prato #1166 
[21:38:38] [FINE   ] Escorredor CHEIO! Quantidade de pratos: 10 
[21:38:38] [FINE   ] Lavador colocou o prato #1166 no escorredor. 
[21:38:38] [FINE   ] Lavador pegou o prato #1167 (Sujeira: ENGORDURADO) 
[21:38:38] [FINE   ] Lavador terminou de lavar o prato #1167 
[21:38:38] [FINE   ] Enxugador terminou de secar o prato #1156 em 10ms. 
[21:38:38] [FINE   ] Enxugador pegou o prato #1157 do escorredor. 
[21:38:38] [FINE   ] Escorredor CHEIO! Quantidade de pratos: 10 
[21:38:38] [FINE   ] Lavador colocou o prato #1167 no escorredor. 
[21:38:38] [FINE   ] Lavador pegou o prato #1168 (Sujeira: MEDIO) 
[21:38:38] [FINE   ] Lavador terminou de lavar o prato #1168 
[21:38:38] [FINE   ] Enxugador terminou de secar o prato #1157 em 8ms. 
[21:38:38] [FINE   ] Enxugador pegou o prato #1158 do escorredor. 
[21:38:38] [FINE   ] Escorredor CHEIO! Quantidade de pratos: 10 
[21:38:38] [FINE   ] Lavador colocou o prato #1168 no escorredor. 
[21:38:38] [FINE   ] Lavador pegou o prato #1169 (Sujeira: BAIXO) 
[21:38:38] [FINE   ] Lavador terminou de lavar o prato #1169 
[21:38:38] [FINE   ] Enxugador terminou de secar o prato #1158 em 3ms. 
[21:38:38] [FINE   ] Enxugador pegou o prato #1159 do escorredor. 
[21:38:38] [FINE   ] Escorredor CHEIO! Quantidade de pratos: 10 
[21:38:38] [FINE   ] Lavador colocou o prato #1169 no escorredor. 
[21:38:38] [FINE   ] Lavador pegou o prato #1170 (Sujeira: MEDIO) 
[21:38:38] [FINE   ] Lavador terminou de lavar o prato #1170 
[21:38:38] [FINE   ] Enxugador terminou de secar o prato #1159 em 8ms. 
[21:38:38] [FINE   ] Enxugador pegou o prato #1160 do escorredor. 
[21:38:38] [FINE   ] Escorredor CHEIO! Quantidade de pratos: 10 
[21:38:38] [FINE   ] Lavador colocou o prato #1170 no escorredor. 
[21:38:38] [FINE   ] Lavador pegou o prato #1171 (Sujeira: ENGORDURADO) 
[21:38:38] [FINE   ] Enxugador terminou de secar o prato #1160 em 10ms. 
[21:38:38] [FINE   ] Lavador terminou de lavar o prato #1171 
[21:38:38] [FINE   ] Enxugador pegou o prato #1161 do escorredor. 
[21:38:38] [FINE   ] Escorredor CHEIO! Quantidade de pratos: 10 
[21:38:38] [FINE   ] Lavador colocou o prato #1171 no escorredor. 
[21:38:38] [FINE   ] Lavador pegou o prato #1172 (Sujeira: ENGORDURADO) 
[21:38:38] [FINE   ] Enxugador terminou de secar o prato #1161 em 5ms. 
[21:38:38] [FINE   ] Enxugador pegou o prato #1162 do escorredor. 
[21:38:38] [FINE   ] Lavador terminou de lavar o prato #1172 
[21:38:38] [FINE   ] Escorredor CHEIO! Quantidade de pratos: 10 
[21:38:38] [FINE   ] Lavador colocou o prato #1172 no escorredor. 
[21:38:38] [FINE   ] Lavador pegou o prato #1173 (Sujeira: MEDIO) 
[21:38:38] [FINE   ] Lavador terminou de lavar o prato #1173 
[21:38:38] [FINE   ] Enxugador terminou de secar o prato #1162 em 10ms. 
[21:38:38] [FINE   ] Enxugador pegou o prato #1163 do escorredor. 
[21:38:38] [FINE   ] Escorredor CHEIO! Quantidade de pratos: 10 
[21:38:38] [FINE   ] Lavador colocou o prato #1173 no escorredor. 
[21:38:38] [FINE   ] Lavador pegou o prato #1174 (Sujeira: BAIXO) 
[21:38:38] [FINE   ] Lavador terminou de lavar o prato #1174 
[21:38:38] [FINE   ] Enxugador terminou de secar o prato #1163 em 10ms. 
[21:38:38] [FINE   ] Enxugador pegou o prato #1164 do escorredor. 
[21:38:38] [FINE   ] Escorredor CHEIO! Quantidade de pratos: 10 
[21:38:38] [FINE   ] Lavador colocou o prato #1174 no escorredor. 
[21:38:38] [FINE   ] Lavador pegou o prato #1175 (Sujeira: BAIXO) 
[21:38:38] [FINE   ] Lavador terminou de lavar o prato #1175 
[21:38:38] [FINE   ] Enxugador terminou de secar o prato #1164 em 3ms. 
[21:38:38] [FINE   ] Enxugador pegou o prato #1165 do escorredor. 
[21:38:38] [FINE   ] Escorredor CHEIO! Quantidade de pratos: 10 
[21:38:38] [FINE   ] Lavador colocou o prato #1175 no escorredor. 
[21:38:38] [FINE   ] Lavador pegou o prato #1176 (Sujeira: BAIXO) 
[21:38:38] [FINE   ] Lavador terminou de lavar o prato #1176 
[21:38:38] [FINE   ] Enxugador terminou de secar o prato #1165 em 6ms. 
[21:38:38] [FINE   ] Enxugador pegou o prato #1166 do escorredor. 
[21:38:38] [FINE   ] Escorredor CHEIO! Quantidade de pratos: 10 
[21:38:38] [FINE   ] Lavador colocou o prato #1176 no escorredor. 
[21:38:38] [FINE   ] Lavador pegou o prato #1177 (Sujeira: MEDIO) 
[21:38:38] [FINE   ] Enxugador terminou de secar o prato #1166 em 7ms. 
[21:38:38] [FINE   ] Enxugador pegou o prato #1167 do escorredor. 
[21:38:38] [FINE   ] Lavador terminou de lavar o prato #1177 
[21:38:38] [FINE   ] Escorredor CHEIO! Quantidade de pratos: 10 
[21:38:38] [FINE   ] Lavador colocou o prato #1177 no escorredor. 
[21:38:38] [FINE   ] Lavador pegou o prato #1178 (Sujeira: ENGORDURADO) 
[21:38:38] [FINE   ] Enxugador terminou de secar o prato #1167 em 5ms. 
[21:38:38] [FINE   ] Enxugador pegou o prato #1168 do escorredor. 
[21:38:38] [FINE   ] Enxugador terminou de secar o prato #1168 em 4ms. 
[21:38:38] [FINE   ] Lavador terminou de lavar o prato #1178 
[21:38:38] [FINE   ] Enxugador pegou o prato #1169 do escorredor. 
[21:38:38] [FINE   ] Lavador colocou o prato #1178 no escorredor. 
[21:38:38] [FINE   ] Lavador pegou o prato #1179 (Sujeira: MEDIO) 
[21:38:38] [FINE   ] Enxugador terminou de secar o prato #1169 em 4ms. 
[21:38:38] [FINE   ] Enxugador pegou o prato #1170 do escorredor. 
[21:38:38] [FINE   ] Lavador terminou de lavar o prato #1179 
[21:38:38] [FINE   ] Lavador colocou o prato #1179 no escorredor. 
[21:38:38] [FINE   ] Lavador pegou o prato #1180 (Sujeira: MEDIO) 
[21:38:38] [FINE   ] Lavador terminou de lavar o prato #1180 
[21:38:38] [FINE   ] Escorredor CHEIO! Quantidade de pratos: 10 
[21:38:38] [FINE   ] Lavador colocou o prato #1180 no escorredor. 
[21:38:38] [FINE   ] Lavador pegou o prato #1181 (Sujeira: BAIXO) 
[21:38:38] [FINE   ] Enxugador terminou de secar o prato #1170 em 9ms. 
[21:38:38] [FINE   ] Enxugador pegou o prato #1171 do escorredor. 
[21:38:38] [FINE   ] Lavador terminou de lavar o prato #1181 
[21:38:38] [FINE   ] Escorredor CHEIO! Quantidade de pratos: 10 
[21:38:38] [FINE   ] Lavador colocou o prato #1181 no escorredor. 
[21:38:38] [FINE   ] Lavador pegou o prato #1182 (Sujeira: BAIXO) 
[21:38:38] [FINE   ] Enxugador terminou de secar o prato #1171 em 7ms. 
[21:38:38] [FINE   ] Lavador terminou de lavar o prato #1182 
[21:38:38] [FINE   ] Enxugador pegou o prato #1172 do escorredor. 
[21:38:38] [FINE   ] Escorredor CHEIO! Quantidade de pratos: 10 
[21:38:38] [FINE   ] Lavador colocou o prato #1182 no escorredor. 
[21:38:38] [FINE   ] Lavador pegou o prato #1183 (Sujeira: MEDIO) 
[21:38:38] [FINE   ] Lavador terminou de lavar o prato #1183 
[21:38:38] [FINE   ] Enxugador terminou de secar o prato #1172 em 8ms. 
[21:38:38] [FINE   ] Enxugador pegou o prato #1173 do escorredor. 
[21:38:38] [FINE   ] Escorredor CHEIO! Quantidade de pratos: 10 
[21:38:38] [FINE   ] Lavador colocou o prato #1183 no escorredor. 
[21:38:38] [FINE   ] Lavador pegou o prato #1184 (Sujeira: BAIXO) 
[21:38:38] [FINE   ] Lavador terminou de lavar o prato #1184 
[21:38:38] [FINE   ] Enxugador terminou de secar o prato #1173 em 9ms. 
[21:38:38] [FINE   ] Enxugador pegou o prato #1174 do escorredor. 
[21:38:38] [FINE   ] Escorredor CHEIO! Quantidade de pratos: 10 
[21:38:38] [FINE   ] Lavador colocou o prato #1184 no escorredor. 
[21:38:38] [FINE   ] Lavador pegou o prato #1185 (Sujeira: BAIXO) 
[21:38:38] [FINE   ] Lavador terminou de lavar o prato #1185 
[21:38:38] [FINE   ] Enxugador terminou de secar o prato #1174 em 8ms. 
[21:38:38] [FINE   ] Enxugador pegou o prato #1175 do escorredor. 
[21:38:38] [FINE   ] Escorredor CHEIO! Quantidade de pratos: 10 
[21:38:38] [FINE   ] Lavador colocou o prato #1185 no escorredor. 
[21:38:38] [FINE   ] Lavador pegou o prato #1186 (Sujeira: MEDIO) 
[21:38:38] [FINE   ] Enxugador terminou de secar o prato #1175 em 4ms. 
[21:38:38] [FINE   ] Enxugador pegou o prato #1176 do escorredor. 
[21:38:38] [FINE   ] Lavador terminou de lavar o prato #1186 
[21:38:38] [FINE   ] Escorredor CHEIO! Quantidade de pratos: 10 
[21:38:38] [FINE   ] Lavador colocou o prato #1186 no escorredor. 
[21:38:38] [FINE   ] Lavador pegou o prato #1187 (Sujeira: MEDIO) 
[21:38:38] [FINE   ] Enxugador terminou de secar o prato #1176 em 4ms. 
[21:38:38] [FINE   ] Enxugador pegou o prato #1177 do escorredor. 
[21:38:38] [FINE   ] Lavador terminou de lavar o prato #1187 
[21:38:38] [FINE   ] Escorredor CHEIO! Quantidade de pratos: 10 
[21:38:38] [FINE   ] Lavador colocou o prato #1187 no escorredor. 
[21:38:38] [FINE   ] Lavador pegou o prato #1188 (Sujeira: BAIXO) 
[21:38:38] [FINE   ] Lavador terminou de lavar o prato #1188 
[21:38:38] [FINE   ] Enxugador terminou de secar o prato #1177 em 7ms. 
[21:38:38] [FINE   ] Enxugador pegou o prato #1178 do escorredor. 
[21:38:38] [FINE   ] Escorredor CHEIO! Quantidade de pratos: 10 
[21:38:38] [FINE   ] Lavador colocou o prato #1188 no escorredor. 
[21:38:38] [FINE   ] Lavador pegou o prato #1189 (Sujeira: ENGORDURADO) 
[21:38:38] [FINE   ] Enxugador terminou de secar o prato #1178 em 9ms. 
[21:38:38] [FINE   ] Enxugador pegou o prato #1179 do escorredor. 
[21:38:38] [FINE   ] Lavador terminou de lavar o prato #1189 
[21:38:38] [FINE   ] Escorredor CHEIO! Quantidade de pratos: 10 
[21:38:38] [FINE   ] Lavador colocou o prato #1189 no escorredor. 
[21:38:38] [FINE   ] Lavador pegou o prato #1190 (Sujeira: ENGORDURADO) 
[21:38:38] [FINE   ] Enxugador terminou de secar o prato #1179 em 7ms. 
[21:38:38] [FINE   ] Enxugador pegou o prato #1180 do escorredor. 
[21:38:38] [FINE   ] Lavador terminou de lavar o prato #1190 
[21:38:38] [FINE   ] Escorredor CHEIO! Quantidade de pratos: 10 
[21:38:38] [FINE   ] Lavador colocou o prato #1190 no escorredor. 
[21:38:38] [FINE   ] Lavador pegou o prato #1191 (Sujeira: BAIXO) 
[21:38:38] [FINE   ] Enxugador terminou de secar o prato #1180 em 5ms. 
[21:38:38] [FINE   ] Enxugador pegou o prato #1181 do escorredor. 
[21:38:38] [FINE   ] Lavador terminou de lavar o prato #1191 
[21:38:38] [FINE   ] Escorredor CHEIO! Quantidade de pratos: 10 
[21:38:38] [FINE   ] Lavador colocou o prato #1191 no escorredor. 
[21:38:38] [FINE   ] Lavador pegou o prato #1192 (Sujeira: BAIXO) 
[21:38:38] [FINE   ] Lavador terminou de lavar o prato #1192 
[21:38:38] [FINE   ] Enxugador terminou de secar o prato #1181 em 5ms. 
[21:38:38] [FINE   ] Enxugador pegou o prato #1182 do escorredor. 
[21:38:38] [FINE   ] Escorredor CHEIO! Quantidade de pratos: 10 
[21:38:38] [FINE   ] Lavador colocou o prato #1192 no escorredor. 
[21:38:38] [FINE   ] Lavador pegou o prato #1193 (Sujeira: MEDIO) 
[21:38:38] [FINE   ] Lavador terminou de lavar o prato #1193 
[21:38:38] [FINE   ] Enxugador terminou de secar o prato #1182 em 7ms. 
[21:38:38] [FINE   ] Enxugador pegou o prato #1183 do escorredor. 
[21:38:38] [FINE   ] Escorredor CHEIO! Quantidade de pratos: 10 
[21:38:38] [FINE   ] Lavador colocou o prato #1193 no escorredor. 
[21:38:38] [FINE   ] Lavador pegou o prato #1194 (Sujeira: BAIXO) 
[21:38:38] [FINE   ] Lavador terminou de lavar o prato #1194 
[21:38:38] [FINE   ] Enxugador terminou de secar o prato #1183 em 6ms. 
[21:38:38] [FINE   ] Enxugador pegou o prato #1184 do escorredor. 
[21:38:38] [FINE   ] Escorredor CHEIO! Quantidade de pratos: 10 
[21:38:38] [FINE   ] Lavador colocou o prato #1194 no escorredor. 
[21:38:38] [FINE   ] Lavador pegou o prato #1195 (Sujeira: MEDIO) 
[21:38:38] [FINE   ] Lavador terminou de lavar o prato #1195 
[21:38:38] [FINE   ] Enxugador terminou de secar o prato #1184 em 7ms. 
[21:38:38] [FINE   ] Enxugador pegou o prato #1185 do escorredor. 
[21:38:38] [FINE   ] Escorredor CHEIO! Quantidade de pratos: 10 
[21:38:38] [FINE   ] Lavador colocou o prato #1195 no escorredor. 
[21:38:38] [FINE   ] Lavador pegou o prato #1196 (Sujeira: ENGORDURADO) 
[21:38:38] [FINE   ] Enxugador terminou de secar o prato #1185 em 5ms. 
[21:38:38] [FINE   ] Enxugador pegou o prato #1186 do escorredor. 
[21:38:38] [FINE   ] Lavador terminou de lavar o prato #1196 
[21:38:38] [FINE   ] Escorredor CHEIO! Quantidade de pratos: 10 
[21:38:38] [FINE   ] Lavador colocou o prato #1196 no escorredor. 
[21:38:38] [FINE   ] Lavador pegou o prato #1197 (Sujeira: MEDIO) 
[21:38:38] [FINE   ] Enxugador terminou de secar o prato #1186 em 6ms. 
[21:38:38] [FINE   ] Enxugador pegou o prato #1187 do escorredor. 
[21:38:38] [FINE   ] Lavador terminou de lavar o prato #1197 
[21:38:38] [FINE   ] Escorredor CHEIO! Quantidade de pratos: 10 
[21:38:38] [FINE   ] Lavador colocou o prato #1197 no escorredor. 
[21:38:38] [FINE   ] Lavador pegou o prato #1198 (Sujeira: MEDIO) 
[21:38:38] [FINE   ] Enxugador terminou de secar o prato #1187 em 6ms. 
[21:38:38] [FINE   ] Enxugador pegou o prato #1188 do escorredor. 
[21:38:38] [FINE   ] Lavador terminou de lavar o prato #1198 
[21:38:38] [FINE   ] Escorredor CHEIO! Quantidade de pratos: 10 
[21:38:38] [FINE   ] Lavador colocou o prato #1198 no escorredor. 
[21:38:38] [FINE   ] Lavador pegou o prato #1199 (Sujeira: ENGORDURADO) 
[21:38:38] [FINE   ] Enxugador terminou de secar o prato #1188 em 9ms. 
[21:38:38] [FINE   ] Enxugador pegou o prato #1189 do escorredor. 
[21:38:38] [FINE   ] Lavador terminou de lavar o prato #1199 
[21:38:38] [FINE   ] Escorredor CHEIO! Quantidade de pratos: 10 
[21:38:38] [FINE   ] Enxugador terminou de secar o prato #1189 em 4ms. 
[21:38:38] [FINE   ] Lavador colocou o prato #1199 no escorredor. 
[21:38:38] [FINE   ] Lavador pegou o prato #1200 (Sujeira: MEDIO) 
[21:38:38] [FINE   ] Enxugador pegou o prato #1190 do escorredor. 
[21:38:38] [FINE   ] Lavador terminou de lavar o prato #1200 
[21:38:38] [FINE   ] Escorredor CHEIO! Quantidade de pratos: 10 
[21:38:38] [FINE   ] Lavador colocou o prato #1200 no escorredor. 
[21:38:38] [FINE   ] Lavador pegou o prato #1201 (Sujeira: ENGORDURADO) 
[21:38:38] [FINE   ] Enxugador terminou de secar o prato #1190 em 7ms. 
[21:38:38] [FINE   ] Enxugador pegou o prato #1191 do escorredor. 
[21:38:38] [FINE   ] Lavador terminou de lavar o prato #1201 
[21:38:38] [FINE   ] Enxugador terminou de secar o prato #1191 em 8ms. 
[21:38:38] [FINE   ] Escorredor CHEIO! Quantidade de pratos: 10 
[21:38:38] [FINE   ] Lavador colocou o prato #1201 no escorredor. 
[21:38:38] [FINE   ] Enxugador pegou o prato #1192 do escorredor. 
[21:38:38] [FINE   ] Lavador pegou o prato #1202 (Sujeira: MEDIO) 
[21:38:38] [FINE   ] Lavador terminou de lavar o prato #1202 
[21:38:38] [FINE   ] Escorredor CHEIO! Quantidade de pratos: 10 
[21:38:38] [FINE   ] Lavador colocou o prato #1202 no escorredor. 
[21:38:38] [FINE   ] Lavador pegou o prato #1203 (Sujeira: ENGORDURADO) 
[21:38:38] [FINE   ] Enxugador terminou de secar o prato #1192 em 6ms. 
[21:38:38] [FINE   ] Enxugador pegou o prato #1193 do escorredor. 
[21:38:38] [FINE   ] Lavador terminou de lavar o prato #1203 
[21:38:38] [FINE   ] Escorredor CHEIO! Quantidade de pratos: 10 
[21:38:38] [FINE   ] Lavador colocou o prato #1203 no escorredor. 
[21:38:38] [FINE   ] Lavador pegou o prato #1204 (Sujeira: MEDIO) 
[21:38:38] [FINE   ] Enxugador terminou de secar o prato #1193 em 9ms. 
[21:38:38] [FINE   ] Enxugador pegou o prato #1194 do escorredor. 
[21:38:38] [FINE   ] Lavador terminou de lavar o prato #1204 
[21:38:38] [FINE   ] Escorredor CHEIO! Quantidade de pratos: 10 
[21:38:38] [FINE   ] Lavador colocou o prato #1204 no escorredor. 
[21:38:38] [FINE   ] Lavador pegou o prato #1205 (Sujeira: MEDIO) 
[21:38:38] [FINE   ] Enxugador terminou de secar o prato #1194 em 10ms. 
[21:38:38] [FINE   ] Lavador terminou de lavar o prato #1205 
[21:38:38] [FINE   ] Enxugador pegou o prato #1195 do escorredor. 
[21:38:38] [FINE   ] Escorredor CHEIO! Quantidade de pratos: 10 
[21:38:38] [FINE   ] Lavador colocou o prato #1205 no escorredor. 
[21:38:38] [FINE   ] Lavador pegou o prato #1206 (Sujeira: MEDIO) 
[21:38:38] [FINE   ] Lavador terminou de lavar o prato #1206 
[21:38:38] [FINE   ] Enxugador terminou de secar o prato #1195 em 8ms. 
[21:38:38] [FINE   ] Enxugador pegou o prato #1196 do escorredor. 
[21:38:38] [FINE   ] Escorredor CHEIO! Quantidade de pratos: 10 
[21:38:38] [FINE   ] Lavador colocou o prato #1206 no escorredor. 
[21:38:38] [FINE   ] Lavador pegou o prato #1207 (Sujeira: MEDIO) 
[21:38:38] [FINE   ] Lavador terminou de lavar o prato #1207 
[21:38:38] [FINE   ] Enxugador terminou de secar o prato #1196 em 9ms. 
[21:38:38] [FINE   ] Enxugador pegou o prato #1197 do escorredor. 
[21:38:38] [FINE   ] Escorredor CHEIO! Quantidade de pratos: 10 
[21:38:38] [FINE   ] Lavador colocou o prato #1207 no escorredor. 
[21:38:38] [FINE   ] Lavador pegou o prato #1208 (Sujeira: MEDIO) 
[21:38:38] [FINE   ] Enxugador terminou de secar o prato #1197 em 3ms. 
[21:38:38] [FINE   ] Enxugador pegou o prato #1198 do escorredor. 
[21:38:38] [FINE   ] Lavador terminou de lavar o prato #1208 
[21:38:38] [FINE   ] Escorredor CHEIO! Quantidade de pratos: 10 
[21:38:38] [FINE   ] Lavador colocou o prato #1208 no escorredor. 
[21:38:38] [FINE   ] Lavador pegou o prato #1209 (Sujeira: MEDIO) 
[21:38:38] [FINE   ] Enxugador terminou de secar o prato #1198 em 4ms. 
[21:38:38] [FINE   ] Enxugador pegou o prato #1199 do escorredor. 
[21:38:38] [FINE   ] Lavador terminou de lavar o prato #1209 
[21:38:38] [FINE   ] Escorredor CHEIO! Quantidade de pratos: 10 
[21:38:38] [FINE   ] Lavador colocou o prato #1209 no escorredor. 
[21:38:38] [FINE   ] Lavador pegou o prato #1210 (Sujeira: MEDIO) 
[21:38:38] [FINE   ] Enxugador terminou de secar o prato #1199 em 9ms. 
[21:38:38] [FINE   ] Enxugador pegou o prato #1200 do escorredor. 
[21:38:38] [FINE   ] Lavador terminou de lavar o prato #1210 
[21:38:38] [FINE   ] Escorredor CHEIO! Quantidade de pratos: 10 
[21:38:38] [FINE   ] Lavador colocou o prato #1210 no escorredor. 
[21:38:38] [FINE   ] Lavador pegou o prato #1211 (Sujeira: MEDIO) 
[21:38:38] [FINE   ] Enxugador terminou de secar o prato #1200 em 3ms. 
[21:38:38] [FINE   ] Enxugador pegou o prato #1201 do escorredor. 
[21:38:38] [FINE   ] Lavador terminou de lavar o prato #1211 
[21:38:38] [FINE   ] Escorredor CHEIO! Quantidade de pratos: 10 
[21:38:38] [FINE   ] Lavador colocou o prato #1211 no escorredor. 
[21:38:38] [FINE   ] Lavador pegou o prato #1212 (Sujeira: MEDIO) 
[21:38:38] [FINE   ] Enxugador terminou de secar o prato #1201 em 9ms. 
[21:38:38] [FINE   ] Enxugador pegou o prato #1202 do escorredor. 
[21:38:38] [FINE   ] Lavador terminou de lavar o prato #1212 
[21:38:38] [FINE   ] Escorredor CHEIO! Quantidade de pratos: 10 
[21:38:38] [FINE   ] Lavador colocou o prato #1212 no escorredor. 
[21:38:38] [FINE   ] Lavador pegou o prato #1213 (Sujeira: BAIXO) 
[21:38:38] [FINE   ] Lavador terminou de lavar o prato #1213 
[21:38:38] [FINE   ] Enxugador terminou de secar o prato #1202 em 9ms. 
[21:38:38] [FINE   ] Enxugador pegou o prato #1203 do escorredor. 
[21:38:38] [FINE   ] Escorredor CHEIO! Quantidade de pratos: 10 
[21:38:38] [FINE   ] Lavador colocou o prato #1213 no escorredor. 
[21:38:38] [FINE   ] Lavador pegou o prato #1214 (Sujeira: MEDIO) 
[21:38:38] [FINE   ] Lavador terminou de lavar o prato #1214 
[21:38:38] [FINE   ] Enxugador terminou de secar o prato #1203 em 10ms. 
[21:38:38] [FINE   ] Enxugador pegou o prato #1204 do escorredor. 
[21:38:38] [FINE   ] Escorredor CHEIO! Quantidade de pratos: 10 
[21:38:38] [FINE   ] Lavador colocou o prato #1214 no escorredor. 
[21:38:38] [FINE   ] Lavador pegou o prato #1215 (Sujeira: MEDIO) 
[21:38:38] [FINE   ] Lavador terminou de lavar o prato #1215 
[21:38:38] [FINE   ] Enxugador terminou de secar o prato #1204 em 9ms. 
[21:38:38] [FINE   ] Enxugador pegou o prato #1205 do escorredor. 
[21:38:38] [FINE   ] Escorredor CHEIO! Quantidade de pratos: 10 
[21:38:38] [FINE   ] Lavador colocou o prato #1215 no escorredor. 
[21:38:38] [FINE   ] Lavador pegou o prato #1216 (Sujeira: MEDIO) 
[21:38:38] [FINE   ] Lavador terminou de lavar o prato #1216 
[21:38:38] [FINE   ] Enxugador terminou de secar o prato #1205 em 10ms. 
[21:38:38] [FINE   ] Enxugador pegou o prato #1206 do escorredor. 
[21:38:38] [FINE   ] Escorredor CHEIO! Quantidade de pratos: 10 
[21:38:38] [FINE   ] Lavador colocou o prato #1216 no escorredor. 
[21:38:38] [FINE   ] Lavador pegou o prato #1217 (Sujeira: BAIXO) 
[21:38:38] [FINE   ] Enxugador terminou de secar o prato #1206 em 3ms. 
[21:38:38] [FINE   ] Lavador terminou de lavar o prato #1217 
[21:38:38] [FINE   ] Enxugador pegou o prato #1207 do escorredor. 
[21:38:38] [FINE   ] Escorredor CHEIO! Quantidade de pratos: 10 
[21:38:38] [FINE   ] Lavador colocou o prato #1217 no escorredor. 
[21:38:38] [FINE   ] Lavador pegou o prato #1218 (Sujeira: MEDIO) 
[21:38:38] [FINE   ] Lavador terminou de lavar o prato #1218 
[21:38:38] [FINE   ] Enxugador terminou de secar o prato #1207 em 6ms. 
[21:38:38] [FINE   ] Enxugador pegou o prato #1208 do escorredor. 
[21:38:38] [FINE   ] Escorredor CHEIO! Quantidade de pratos: 10 
[21:38:38] [FINE   ] Lavador colocou o prato #1218 no escorredor. 
[21:38:38] [FINE   ] Lavador pegou o prato #1219 (Sujeira: MEDIO) 
[21:38:38] [FINE   ] Lavador terminou de lavar o prato #1219 
[21:38:38] [FINE   ] Enxugador terminou de secar o prato #1208 em 9ms. 
[21:38:38] [FINE   ] Enxugador pegou o prato #1209 do escorredor. 
[21:38:38] [FINE   ] Escorredor CHEIO! Quantidade de pratos: 10 
[21:38:38] [FINE   ] Lavador colocou o prato #1219 no escorredor. 
[21:38:38] [FINE   ] Lavador pegou o prato #1220 (Sujeira: ENGORDURADO) 
[21:38:38] [FINE   ] Enxugador terminou de secar o prato #1209 em 5ms. 
[21:38:38] [FINE   ] Enxugador pegou o prato #1210 do escorredor. 
[21:38:38] [FINE   ] Lavador terminou de lavar o prato #1220 
[21:38:38] [FINE   ] Escorredor CHEIO! Quantidade de pratos: 10 
[21:38:38] [FINE   ] Lavador colocou o prato #1220 no escorredor. 
[21:38:38] [FINE   ] Lavador pegou o prato #1221 (Sujeira: MEDIO) 
[21:38:38] [FINE   ] Lavador terminou de lavar o prato #1221 
[21:38:38] [FINE   ] Enxugador terminou de secar o prato #1210 em 10ms. 
[21:38:38] [FINE   ] Escorredor CHEIO! Quantidade de pratos: 10 
[21:38:38] [FINE   ] Enxugador pegou o prato #1211 do escorredor. 
[21:38:38] [FINE   ] Lavador colocou o prato #1221 no escorredor. 
[21:38:38] [FINE   ] Lavador pegou o prato #1222 (Sujeira: MEDIO) 
[21:38:38] [FINE   ] Lavador terminou de lavar o prato #1222 
[21:38:38] [FINE   ] Enxugador terminou de secar o prato #1211 em 5ms. 
[21:38:38] [FINE   ] Enxugador pegou o prato #1212 do escorredor. 
[21:38:38] [FINE   ] Escorredor CHEIO! Quantidade de pratos: 10 
[21:38:38] [FINE   ] Lavador colocou o prato #1222 no escorredor. 
[21:38:38] [FINE   ] Lavador pegou o prato #1223 (Sujeira: BAIXO) 
[21:38:38] [FINE   ] Lavador terminou de lavar o prato #1223 
[21:38:38] [FINE   ] Enxugador terminou de secar o prato #1212 em 3ms. 
[21:38:38] [FINE   ] Enxugador pegou o prato #1213 do escorredor. 
[21:38:38] [FINE   ] Escorredor CHEIO! Quantidade de pratos: 10 
[21:38:38] [FINE   ] Lavador colocou o prato #1223 no escorredor. 
[21:38:38] [FINE   ] Lavador pegou o prato #1224 (Sujeira: BAIXO) 
[21:38:38] [FINE   ] Lavador terminou de lavar o prato #1224 
[21:38:38] [FINE   ] Enxugador terminou de secar o prato #1213 em 4ms. 
[21:38:38] [FINE   ] Enxugador pegou o prato #1214 do escorredor. 
[21:38:38] [FINE   ] Escorredor CHEIO! Quantidade de pratos: 10 
[21:38:38] [FINE   ] Lavador colocou o prato #1224 no escorredor. 
[21:38:38] [FINE   ] Lavador pegou o prato #1225 (Sujeira: BAIXO) 
[21:38:38] [FINE   ] Lavador terminou de lavar o prato #1225 
[21:38:38] [FINE   ] Enxugador terminou de secar o prato #1214 em 10ms. 
[21:38:38] [FINE   ] Enxugador pegou o prato #1215 do escorredor. 
[21:38:38] [FINE   ] Escorredor CHEIO! Quantidade de pratos: 10 
[21:38:38] [FINE   ] Lavador colocou o prato #1225 no escorredor. 
[21:38:38] [FINE   ] Lavador pegou o prato #1226 (Sujeira: MEDIO) 
[21:38:38] [FINE   ] Lavador terminou de lavar o prato #1226 
[21:38:38] [FINE   ] Enxugador terminou de secar o prato #1215 em 9ms. 
[21:38:38] [FINE   ] Enxugador pegou o prato #1216 do escorredor. 
[21:38:38] [FINE   ] Escorredor CHEIO! Quantidade de pratos: 10 
[21:38:38] [FINE   ] Lavador colocou o prato #1226 no escorredor. 
[21:38:38] [FINE   ] Lavador pegou o prato #1227 (Sujeira: MEDIO) 
[21:38:38] [FINE   ] Enxugador terminou de secar o prato #1216 em 3ms. 
[21:38:38] [FINE   ] Enxugador pegou o prato #1217 do escorredor. 
[21:38:38] [FINE   ] Lavador terminou de lavar o prato #1227 
[21:38:38] [FINE   ] Escorredor CHEIO! Quantidade de pratos: 10 
[21:38:38] [FINE   ] Lavador colocou o prato #1227 no escorredor. 
[21:38:38] [FINE   ] Lavador pegou o prato #1228 (Sujeira: MEDIO) 
[21:38:38] [FINE   ] Enxugador terminou de secar o prato #1217 em 6ms. 
[21:38:38] [FINE   ] Enxugador pegou o prato #1218 do escorredor. 
[21:38:38] [FINE   ] Lavador terminou de lavar o prato #1228 
[21:38:38] [FINE   ] Escorredor CHEIO! Quantidade de pratos: 10 
[21:38:38] [FINE   ] Lavador colocou o prato #1228 no escorredor. 
[21:38:38] [FINE   ] Lavador pegou o prato #1229 (Sujeira: ENGORDURADO) 
[21:38:38] [FINE   ] Enxugador terminou de secar o prato #1218 em 7ms. 
[21:38:38] [FINE   ] Enxugador pegou o prato #1219 do escorredor. 
[21:38:38] [FINE   ] Lavador terminou de lavar o prato #1229 
[21:38:38] [FINE   ] Enxugador terminou de secar o prato #1219 em 4ms. 
[21:38:38] [FINE   ] Escorredor CHEIO! Quantidade de pratos: 10 
[21:38:38] [FINE   ] Lavador colocou o prato #1229 no escorredor. 
[21:38:38] [FINE   ] Enxugador pegou o prato #1220 do escorredor. 
[21:38:38] [FINE   ] Lavador pegou o prato #1230 (Sujeira: MEDIO) 
[21:38:38] [FINE   ] Lavador terminou de lavar o prato #1230 
[21:38:38] [FINE   ] Escorredor CHEIO! Quantidade de pratos: 10 
[21:38:38] [FINE   ] Lavador colocou o prato #1230 no escorredor. 
[21:38:38] [FINE   ] Lavador pegou o prato #1231 (Sujeira: BAIXO) 
[21:38:38] [FINE   ] Enxugador terminou de secar o prato #1220 em 9ms. 
[21:38:38] [FINE   ] Enxugador pegou o prato #1221 do escorredor. 
[21:38:38] [FINE   ] Lavador terminou de lavar o prato #1231 
[21:38:38] [FINE   ] Escorredor CHEIO! Quantidade de pratos: 10 
[21:38:38] [FINE   ] Lavador colocou o prato #1231 no escorredor. 
[21:38:38] [FINE   ] Lavador pegou o prato #1232 (Sujeira: MEDIO) 
[21:38:38] [FINE   ] Enxugador terminou de secar o prato #1221 em 5ms. 
[21:38:38] [FINE   ] Enxugador pegou o prato #1222 do escorredor. 
[21:38:38] [FINE   ] Lavador terminou de lavar o prato #1232 
[21:38:38] [FINE   ] Escorredor CHEIO! Quantidade de pratos: 10 
[21:38:38] [FINE   ] Lavador colocou o prato #1232 no escorredor. 
[21:38:38] [FINE   ] Lavador pegou o prato #1233 (Sujeira: MEDIO) 
[21:38:38] [FINE   ] Enxugador terminou de secar o prato #1222 em 4ms. 
[21:38:38] [FINE   ] Enxugador pegou o prato #1223 do escorredor. 
[21:38:38] [FINE   ] Lavador terminou de lavar o prato #1233 
[21:38:38] [FINE   ] Escorredor CHEIO! Quantidade de pratos: 10 
[21:38:38] [FINE   ] Lavador colocou o prato #1233 no escorredor. 
[21:38:38] [FINE   ] Lavador pegou o prato #1234 (Sujeira: BAIXO) 
[21:38:39] [FINE   ] Lavador terminou de lavar o prato #1234 
[21:38:39] [FINE   ] Enxugador terminou de secar o prato #1223 em 9ms. 
[21:38:39] [FINE   ] Enxugador pegou o prato #1224 do escorredor. 
[21:38:39] [FINE   ] Escorredor CHEIO! Quantidade de pratos: 10 
[21:38:39] [FINE   ] Lavador colocou o prato #1234 no escorredor. 
[21:38:39] [FINE   ] Lavador pegou o prato #1235 (Sujeira: ENGORDURADO) 
[21:38:39] [FINE   ] Lavador terminou de lavar o prato #1235 
[21:38:39] [FINE   ] Enxugador terminou de secar o prato #1224 em 10ms. 
[21:38:39] [FINE   ] Enxugador pegou o prato #1225 do escorredor. 
[21:38:39] [FINE   ] Escorredor CHEIO! Quantidade de pratos: 10 
[21:38:39] [FINE   ] Lavador colocou o prato #1235 no escorredor. 
[21:38:39] [FINE   ] Lavador pegou o prato #1236 (Sujeira: MEDIO) 
[21:38:39] [FINE   ] Lavador terminou de lavar o prato #1236 
[21:38:39] [FINE   ] Enxugador terminou de secar o prato #1225 em 7ms. 
[21:38:39] [FINE   ] Enxugador pegou o prato #1226 do escorredor. 
[21:38:39] [FINE   ] Escorredor CHEIO! Quantidade de pratos: 10 
[21:38:39] [FINE   ] Lavador colocou o prato #1236 no escorredor. 
[21:38:39] [FINE   ] Lavador pegou o prato #1237 (Sujeira: MEDIO) 
[21:38:39] [FINE   ] Lavador terminou de lavar o prato #1237 
[21:38:39] [FINE   ] Enxugador terminou de secar o prato #1226 em 7ms. 
[21:38:39] [FINE   ] Enxugador pegou o prato #1227 do escorredor. 
[21:38:39] [FINE   ] Escorredor CHEIO! Quantidade de pratos: 10 
[21:38:39] [FINE   ] Lavador colocou o prato #1237 no escorredor. 
[21:38:39] [FINE   ] Lavador pegou o prato #1238 (Sujeira: ENGORDURADO) 
[21:38:39] [FINE   ] Enxugador terminou de secar o prato #1227 em 10ms. 
[21:38:39] [FINE   ] Lavador terminou de lavar o prato #1238 
[21:38:39] [FINE   ] Enxugador pegou o prato #1228 do escorredor. 
[21:38:39] [FINE   ] Escorredor CHEIO! Quantidade de pratos: 10 
[21:38:39] [FINE   ] Lavador colocou o prato #1238 no escorredor. 
[21:38:39] [FINE   ] Lavador pegou o prato #1239 (Sujeira: MEDIO) 
[21:38:39] [FINE   ] Lavador terminou de lavar o prato #1239 
[21:38:39] [FINE   ] Enxugador terminou de secar o prato #1228 em 8ms. 
[21:38:39] [FINE   ] Enxugador pegou o prato #1229 do escorredor. 
[21:38:39] [FINE   ] Escorredor CHEIO! Quantidade de pratos: 10 
[21:38:39] [FINE   ] Lavador colocou o prato #1239 no escorredor. 
[21:38:39] [FINE   ] Lavador pegou o prato #1240 (Sujeira: MEDIO) 
[21:38:39] [FINE   ] Enxugador terminou de secar o prato #1229 em 3ms. 
[21:38:39] [FINE   ] Enxugador pegou o prato #1230 do escorredor. 
[21:38:39] [FINE   ] Lavador terminou de lavar o prato #1240 
[21:38:39] [FINE   ] Escorredor CHEIO! Quantidade de pratos: 10 
[21:38:39] [FINE   ] Lavador colocou o prato #1240 no escorredor. 
[21:38:39] [FINE   ] Lavador pegou o prato #1241 (Sujeira: BAIXO) 
[21:38:39] [FINE   ] Lavador terminou de lavar o prato #1241 
[21:38:39] [FINE   ] Enxugador terminou de secar o prato #1230 em 5ms. 
[21:38:39] [FINE   ] Enxugador pegou o prato #1231 do escorredor. 
[21:38:39] [FINE   ] Escorredor CHEIO! Quantidade de pratos: 10 
[21:38:39] [FINE   ] Lavador colocou o prato #1241 no escorredor. 
[21:38:39] [FINE   ] Lavador pegou o prato #1242 (Sujeira: BAIXO) 
[21:38:39] [FINE   ] Lavador terminou de lavar o prato #1242 
[21:38:39] [FINE   ] Enxugador terminou de secar o prato #1231 em 9ms. 
[21:38:39] [FINE   ] Enxugador pegou o prato #1232 do escorredor. 
[21:38:39] [FINE   ] Escorredor CHEIO! Quantidade de pratos: 10 
[21:38:39] [FINE   ] Lavador colocou o prato #1242 no escorredor. 
[21:38:39] [FINE   ] Lavador pegou o prato #1243 (Sujeira: ENGORDURADO) 
[21:38:39] [FINE   ] Enxugador terminou de secar o prato #1232 em 6ms. 
[21:38:39] [FINE   ] Enxugador pegou o prato #1233 do escorredor. 
[21:38:39] [FINE   ] Enxugador terminou de secar o prato #1233 em 5ms. 
[21:38:39] [FINE   ] Enxugador pegou o prato #1234 do escorredor. 
[21:38:39] [FINE   ] Lavador terminou de lavar o prato #1243 
[21:38:39] [FINE   ] Lavador colocou o prato #1243 no escorredor. 
[21:38:39] [FINE   ] Lavador pegou o prato #1244 (Sujeira: BAIXO) 
[21:38:39] [FINE   ] Lavador terminou de lavar o prato #1244 
[21:38:39] [FINE   ] Escorredor CHEIO! Quantidade de pratos: 10 
[21:38:39] [FINE   ] Lavador colocou o prato #1244 no escorredor. 
[21:38:39] [FINE   ] Lavador pegou o prato #1245 (Sujeira: ENGORDURADO) 
[21:38:39] [FINE   ] Enxugador terminou de secar o prato #1234 em 5ms. 
[21:38:39] [FINE   ] Enxugador pegou o prato #1235 do escorredor. 
[21:38:39] [FINE   ] Lavador terminou de lavar o prato #1245 
[21:38:39] [FINE   ] Enxugador terminou de secar o prato #1235 em 8ms. 
[21:38:39] [FINE   ] Escorredor CHEIO! Quantidade de pratos: 10 
[21:38:39] [FINE   ] Lavador colocou o prato #1245 no escorredor. 
[21:38:39] [FINE   ] Enxugador pegou o prato #1236 do escorredor. 
[21:38:39] [FINE   ] Lavador pegou o prato #1246 (Sujeira: ENGORDURADO) 
[21:38:39] [FINE   ] Enxugador terminou de secar o prato #1236 em 4ms. 
[21:38:39] [FINE   ] Enxugador pegou o prato #1237 do escorredor. 
[21:38:39] [FINE   ] Enxugador terminou de secar o prato #1237 em 4ms. 
[21:38:39] [FINE   ] Enxugador pegou o prato #1238 do escorredor. 
[21:38:39] [FINE   ] Lavador terminou de lavar o prato #1246 
[21:38:39] [FINE   ] Lavador colocou o prato #1246 no escorredor. 
[21:38:39] [FINE   ] Lavador pegou o prato #1247 (Sujeira: ENGORDURADO) 
[21:38:39] [FINE   ] Enxugador terminou de secar o prato #1238 em 7ms. 
[21:38:39] [FINE   ] Enxugador pegou o prato #1239 do escorredor. 
[21:38:39] [FINE   ] Lavador terminou de lavar o prato #1247 
[21:38:39] [FINE   ] Lavador colocou o prato #1247 no escorredor. 
[21:38:39] [FINE   ] Lavador pegou o prato #1248 (Sujeira: MEDIO) 
[21:38:39] [FINE   ] Enxugador terminou de secar o prato #1239 em 6ms. 
[21:38:39] [FINE   ] Enxugador pegou o prato #1240 do escorredor. 
[21:38:39] [FINE   ] Lavador terminou de lavar o prato #1248 
[21:38:39] [FINE   ] Lavador colocou o prato #1248 no escorredor. 
[21:38:39] [FINE   ] Lavador pegou o prato #1249 (Sujeira: MEDIO) 
[21:38:39] [FINE   ] Lavador terminou de lavar o prato #1249 
[21:38:39] [FINE   ] Lavador colocou o prato #1249 no escorredor. 
[21:38:39] [FINE   ] Lavador pegou o prato #1250 (Sujeira: MEDIO) 
[21:38:39] [FINE   ] Enxugador terminou de secar o prato #1240 em 6ms. 
[21:38:39] [FINE   ] Enxugador pegou o prato #1241 do escorredor. 
[21:38:39] [FINE   ] Lavador terminou de lavar o prato #1250 
[21:38:39] [FINE   ] Lavador colocou o prato #1250 no escorredor. 
[21:38:39] [FINE   ] Lavador pegou o prato #1251 (Sujeira: MEDIO) 
[21:38:39] [FINE   ] Enxugador terminou de secar o prato #1241 em 9ms. 
[21:38:39] [FINE   ] Enxugador pegou o prato #1242 do escorredor. 
[21:38:39] [FINE   ] Lavador terminou de lavar o prato #1251 
[21:38:39] [FINE   ] Lavador colocou o prato #1251 no escorredor. 
[21:38:39] [FINE   ] Lavador pegou o prato #1252 (Sujeira: ENGORDURADO) 
[21:38:39] [FINE   ] Enxugador terminou de secar o prato #1242 em 4ms. 
[21:38:39] [FINE   ] Enxugador pegou o prato #1243 do escorredor. 
[21:38:39] [FINE   ] Enxugador terminou de secar o prato #1243 em 6ms. 
[21:38:39] [FINE   ] Enxugador pegou o prato #1244 do escorredor. 
[21:38:39] [FINE   ] Lavador terminou de lavar o prato #1252 
[21:38:39] [FINE   ] Lavador colocou o prato #1252 no escorredor. 
[21:38:39] [FINE   ] Lavador pegou o prato #1253 (Sujeira: BAIXO) 
[21:38:39] [FINE   ] Lavador terminou de lavar o prato #1253 
[21:38:39] [FINE   ] Lavador colocou o prato #1253 no escorredor. 
[21:38:39] [FINE   ] Lavador pegou o prato #1254 (Sujeira: MEDIO) 
[21:38:39] [FINE   ] Enxugador terminou de secar o prato #1244 em 7ms. 
[21:38:39] [FINE   ] Enxugador pegou o prato #1245 do escorredor. 
[21:38:39] [FINE   ] Lavador terminou de lavar o prato #1254 
[21:38:39] [FINE   ] Lavador colocou o prato #1254 no escorredor. 
[21:38:39] [FINE   ] Lavador pegou o prato #1255 (Sujeira: MEDIO) 
[21:38:39] [FINE   ] Enxugador terminou de secar o prato #1245 em 6ms. 
[21:38:39] [FINE   ] Enxugador pegou o prato #1246 do escorredor. 
[21:38:39] [FINE   ] Lavador terminou de lavar o prato #1255 
[21:38:39] [FINE   ] Lavador colocou o prato #1255 no escorredor. 
[21:38:39] [FINE   ] Lavador pegou o prato #1256 (Sujeira: MEDIO) 
[21:38:39] [FINE   ] Enxugador terminou de secar o prato #1246 em 5ms. 
[21:38:39] [FINE   ] Enxugador pegou o prato #1247 do escorredor. 
[21:38:39] [FINE   ] Lavador terminou de lavar o prato #1256 
[21:38:39] [FINE   ] Lavador colocou o prato #1256 no escorredor. 
[21:38:39] [FINE   ] Lavador pegou o prato #1257 (Sujeira: BAIXO) 
[21:38:39] [FINE   ] Enxugador terminou de secar o prato #1247 em 4ms. 
[21:38:39] [FINE   ] Enxugador pegou o prato #1248 do escorredor. 
[21:38:39] [FINE   ] Lavador terminou de lavar o prato #1257 
[21:38:39] [FINE   ] Lavador colocou o prato #1257 no escorredor. 
[21:38:39] [FINE   ] Lavador pegou o prato #1258 (Sujeira: MEDIO) 
[21:38:39] [FINE   ] Enxugador terminou de secar o prato #1248 em 3ms. 
[21:38:39] [FINE   ] Enxugador pegou o prato #1249 do escorredor. 
[21:38:39] [FINE   ] Lavador terminou de lavar o prato #1258 
[21:38:39] [FINE   ] Lavador colocou o prato #1258 no escorredor. 
[21:38:39] [FINE   ] Lavador pegou o prato #1259 (Sujeira: ENGORDURADO) 
[21:38:39] [FINE   ] Enxugador terminou de secar o prato #1249 em 7ms. 
[21:38:39] [FINE   ] Enxugador pegou o prato #1250 do escorredor. 
[21:38:39] [FINE   ] Lavador terminou de lavar o prato #1259 
[21:38:39] [FINE   ] Lavador colocou o prato #1259 no escorredor. 
[21:38:39] [FINE   ] Enxugador terminou de secar o prato #1250 em 7ms. 
[21:38:39] [FINE   ] Lavador pegou o prato #1260 (Sujeira: BAIXO) 
[21:38:39] [FINE   ] Enxugador pegou o prato #1251 do escorredor. 
[21:38:39] [FINE   ] Lavador terminou de lavar o prato #1260 
[21:38:39] [FINE   ] Enxugador terminou de secar o prato #1251 em 4ms. 
[21:38:39] [FINE   ] Lavador colocou o prato #1260 no escorredor. 
[21:38:39] [FINE   ] Enxugador pegou o prato #1252 do escorredor. 
[21:38:39] [FINE   ] Lavador pegou o prato #1261 (Sujeira: ENGORDURADO) 
[21:38:39] [FINE   ] Enxugador terminou de secar o prato #1252 em 3ms. 
[21:38:39] [FINE   ] Enxugador pegou o prato #1253 do escorredor. 
[21:38:39] [FINE   ] Lavador terminou de lavar o prato #1261 
[21:38:39] [FINE   ] Lavador colocou o prato #1261 no escorredor. 
[21:38:39] [FINE   ] Lavador pegou o prato #1262 (Sujeira: MEDIO) 
[21:38:39] [FINE   ] Enxugador terminou de secar o prato #1253 em 9ms. 
[21:38:39] [FINE   ] Enxugador pegou o prato #1254 do escorredor. 
[21:38:39] [FINE   ] Lavador terminou de lavar o prato #1262 
[21:38:39] [FINE   ] Lavador colocou o prato #1262 no escorredor. 
[21:38:39] [FINE   ] Lavador pegou o prato #1263 (Sujeira: BAIXO) 
[21:38:39] [FINE   ] Enxugador terminou de secar o prato #1254 em 6ms. 
[21:38:39] [FINE   ] Enxugador pegou o prato #1255 do escorredor. 
[21:38:39] [FINE   ] Lavador terminou de lavar o prato #1263 
[21:38:39] [FINE   ] Lavador colocou o prato #1263 no escorredor. 
[21:38:39] [FINE   ] Lavador pegou o prato #1264 (Sujeira: BAIXO) 
[21:38:39] [FINE   ] Enxugador terminou de secar o prato #1255 em 4ms. 
[21:38:39] [FINE   ] Enxugador pegou o prato #1256 do escorredor. 
[21:38:39] [FINE   ] Lavador terminou de lavar o prato #1264 
[21:38:39] [FINE   ] Lavador colocou o prato #1264 no escorredor. 
[21:38:39] [FINE   ] Lavador pegou o prato #1265 (Sujeira: BAIXO) 
[21:38:39] [FINE   ] Lavador terminou de lavar o prato #1265 
[21:38:39] [FINE   ] Lavador colocou o prato #1265 no escorredor. 
[21:38:39] [FINE   ] Lavador pegou o prato #1266 (Sujeira: MEDIO) 
[21:38:39] [FINE   ] Enxugador terminou de secar o prato #1256 em 8ms. 
[21:38:39] [FINE   ] Enxugador pegou o prato #1257 do escorredor. 
[21:38:39] [FINE   ] Lavador terminou de lavar o prato #1266 
[21:38:39] [FINE   ] Lavador colocou o prato #1266 no escorredor. 
[21:38:39] [FINE   ] Lavador pegou o prato #1267 (Sujeira: BAIXO) 
[21:38:39] [FINE   ] Lavador terminou de lavar o prato #1267 
[21:38:39] [FINE   ] Enxugador terminou de secar o prato #1257 em 7ms. 
[21:38:39] [FINE   ] Escorredor CHEIO! Quantidade de pratos: 10 
[21:38:39] [FINE   ] Lavador colocou o prato #1267 no escorredor. 
[21:38:39] [FINE   ] Lavador pegou o prato #1268 (Sujeira: MEDIO) 
[21:38:39] [FINE   ] Enxugador pegou o prato #1258 do escorredor. 
[21:38:39] [FINE   ] Lavador terminou de lavar o prato #1268 
[21:38:39] [FINE   ] Escorredor CHEIO! Quantidade de pratos: 10 
[21:38:39] [FINE   ] Lavador colocou o prato #1268 no escorredor. 
[21:38:39] [FINE   ] Lavador pegou o prato #1269 (Sujeira: BAIXO) 
[21:38:39] [FINE   ] Enxugador terminou de secar o prato #1258 em 5ms. 
[21:38:39] [FINE   ] Enxugador pegou o prato #1259 do escorredor. 
[21:38:39] [FINE   ] Lavador terminou de lavar o prato #1269 
[21:38:39] [FINE   ] Escorredor CHEIO! Quantidade de pratos: 10 
[21:38:39] [FINE   ] Lavador colocou o prato #1269 no escorredor. 
[21:38:39] [FINE   ] Lavador pegou o prato #1270 (Sujeira: MEDIO) 
[21:38:39] [FINE   ] Enxugador terminou de secar o prato #1259 em 5ms. 
[21:38:39] [FINE   ] Enxugador pegou o prato #1260 do escorredor. 
[21:38:39] [FINE   ] Lavador terminou de lavar o prato #1270 
[21:38:39] [FINE   ] Escorredor CHEIO! Quantidade de pratos: 10 
[21:38:39] [FINE   ] Lavador colocou o prato #1270 no escorredor. 
[21:38:39] [FINE   ] Lavador pegou o prato #1271 (Sujeira: MEDIO) 
[21:38:39] [FINE   ] Enxugador terminou de secar o prato #1260 em 8ms. 
[21:38:39] [FINE   ] Lavador terminou de lavar o prato #1271 
[21:38:39] [FINE   ] Enxugador pegou o prato #1261 do escorredor. 
[21:38:39] [FINE   ] Escorredor CHEIO! Quantidade de pratos: 10 
[21:38:39] [FINE   ] Lavador colocou o prato #1271 no escorredor. 
[21:38:39] [FINE   ] Lavador pegou o prato #1272 (Sujeira: MEDIO) 
[21:38:39] [FINE   ] Lavador terminou de lavar o prato #1272 
[21:38:39] [FINE   ] Enxugador terminou de secar o prato #1261 em 5ms. 
[21:38:39] [FINE   ] Enxugador pegou o prato #1262 do escorredor. 
[21:38:39] [FINE   ] Escorredor CHEIO! Quantidade de pratos: 10 
[21:38:39] [FINE   ] Lavador colocou o prato #1272 no escorredor. 
[21:38:39] [FINE   ] Lavador pegou o prato #1273 (Sujeira: BAIXO) 
[21:38:39] [FINE   ] Lavador terminou de lavar o prato #1273 
[21:38:39] [FINE   ] Enxugador terminou de secar o prato #1262 em 7ms. 
[21:38:39] [FINE   ] Enxugador pegou o prato #1263 do escorredor. 
[21:38:39] [FINE   ] Escorredor CHEIO! Quantidade de pratos: 10 
[21:38:39] [FINE   ] Lavador colocou o prato #1273 no escorredor. 
[21:38:39] [FINE   ] Lavador pegou o prato #1274 (Sujeira: ENGORDURADO) 
[21:38:39] [FINE   ] Enxugador terminou de secar o prato #1263 em 4ms. 
[21:38:39] [FINE   ] Enxugador pegou o prato #1264 do escorredor. 
[21:38:39] [FINE   ] Enxugador terminou de secar o prato #1264 em 5ms. 
[21:38:39] [FINE   ] Enxugador pegou o prato #1265 do escorredor. 
[21:38:39] [FINE   ] Lavador terminou de lavar o prato #1274 
[21:38:39] [FINE   ] Lavador colocou o prato #1274 no escorredor. 
[21:38:39] [FINE   ] Lavador pegou o prato #1275 (Sujeira: MEDIO) 
[21:38:39] [FINE   ] Lavador terminou de lavar o prato #1275 
[21:38:39] [FINE   ] Escorredor CHEIO! Quantidade de pratos: 10 
[21:38:39] [FINE   ] Lavador colocou o prato #1275 no escorredor. 
[21:38:39] [FINE   ] Lavador pegou o prato #1276 (Sujeira: ENGORDURADO) 
[21:38:39] [FINE   ] Enxugador terminou de secar o prato #1265 em 8ms. 
[21:38:39] [FINE   ] Enxugador pegou o prato #1266 do escorredor. 
[21:38:39] [FINE   ] Lavador terminou de lavar o prato #1276 
[21:38:39] [FINE   ] Escorredor CHEIO! Quantidade de pratos: 10 
[21:38:39] [FINE   ] Lavador colocou o prato #1276 no escorredor. 
[21:38:39] [FINE   ] Lavador pegou o prato #1277 (Sujeira: MEDIO) 
[21:38:39] [FINE   ] Enxugador terminou de secar o prato #1266 em 10ms. 
[21:38:39] [FINE   ] Enxugador pegou o prato #1267 do escorredor. 
[21:38:39] [FINE   ] Lavador terminou de lavar o prato #1277 
[21:38:39] [FINE   ] Escorredor CHEIO! Quantidade de pratos: 10 
[21:38:39] [FINE   ] Lavador colocou o prato #1277 no escorredor. 
[21:38:39] [FINE   ] Lavador pegou o prato #1278 (Sujeira: BAIXO) 
[21:38:39] [FINE   ] Lavador terminou de lavar o prato #1278 
[21:38:39] [FINE   ] Enxugador terminou de secar o prato #1267 em 6ms. 
[21:38:39] [FINE   ] Enxugador pegou o prato #1268 do escorredor. 
[21:38:39] [FINE   ] Escorredor CHEIO! Quantidade de pratos: 10 
[21:38:39] [FINE   ] Lavador colocou o prato #1278 no escorredor. 
[21:38:39] [FINE   ] Lavador pegou o prato #1279 (Sujeira: MEDIO) 
[21:38:39] [FINE   ] Enxugador terminou de secar o prato #1268 em 3ms. 
[21:38:39] [FINE   ] Enxugador pegou o prato #1269 do escorredor. 
[21:38:39] [FINE   ] Lavador terminou de lavar o prato #1279 
[21:38:39] [FINE   ] Escorredor CHEIO! Quantidade de pratos: 10 
[21:38:39] [FINE   ] Lavador colocou o prato #1279 no escorredor. 
[21:38:39] [FINE   ] Lavador pegou o prato #1280 (Sujeira: MEDIO) 
[21:38:39] [FINE   ] Lavador terminou de lavar o prato #1280 
[21:38:39] [FINE   ] Enxugador terminou de secar o prato #1269 em 8ms. 
[21:38:39] [FINE   ] Enxugador pegou o prato #1270 do escorredor. 
[21:38:39] [FINE   ] Escorredor CHEIO! Quantidade de pratos: 10 
[21:38:39] [FINE   ] Lavador colocou o prato #1280 no escorredor. 
[21:38:39] [FINE   ] Lavador pegou o prato #1281 (Sujeira: BAIXO) 
[21:38:39] [FINE   ] Lavador terminou de lavar o prato #1281 
[21:38:39] [FINE   ] Enxugador terminou de secar o prato #1270 em 3ms. 
[21:38:39] [FINE   ] Enxugador pegou o prato #1271 do escorredor. 
[21:38:39] [FINE   ] Escorredor CHEIO! Quantidade de pratos: 10 
[21:38:39] [FINE   ] Lavador colocou o prato #1281 no escorredor. 
[21:38:39] [FINE   ] Lavador pegou o prato #1282 (Sujeira: MEDIO) 
[21:38:39] [FINE   ] Lavador terminou de lavar o prato #1282 
[21:38:39] [FINE   ] Enxugador terminou de secar o prato #1271 em 6ms. 
[21:38:39] [FINE   ] Enxugador pegou o prato #1272 do escorredor. 
[21:38:39] [FINE   ] Escorredor CHEIO! Quantidade de pratos: 10 
[21:38:39] [FINE   ] Lavador colocou o prato #1282 no escorredor. 
[21:38:39] [FINE   ] Lavador pegou o prato #1283 (Sujeira: ENGORDURADO) 
[21:38:39] [FINE   ] Lavador terminou de lavar o prato #1283 
[21:38:39] [FINE   ] Enxugador terminou de secar o prato #1272 em 10ms. 
[21:38:39] [FINE   ] Enxugador pegou o prato #1273 do escorredor. 
[21:38:39] [FINE   ] Escorredor CHEIO! Quantidade de pratos: 10 
[21:38:39] [FINE   ] Lavador colocou o prato #1283 no escorredor. 
[21:38:39] [FINE   ] Lavador pegou o prato #1284 (Sujeira: BAIXO) 
[21:38:39] [FINE   ] Lavador terminou de lavar o prato #1284 
[21:38:39] [FINE   ] Enxugador terminou de secar o prato #1273 em 3ms. 
[21:38:39] [FINE   ] Enxugador pegou o prato #1274 do escorredor. 
[21:38:39] [FINE   ] Escorredor CHEIO! Quantidade de pratos: 10 
[21:38:39] [FINE   ] Lavador colocou o prato #1284 no escorredor. 
[21:38:39] [FINE   ] Lavador pegou o prato #1285 (Sujeira: ENGORDURADO) 
[21:38:39] [FINE   ] Enxugador terminou de secar o prato #1274 em 9ms. 
[21:38:39] [FINE   ] Enxugador pegou o prato #1275 do escorredor. 
[21:38:39] [FINE   ] Lavador terminou de lavar o prato #1285 
[21:38:39] [FINE   ] Escorredor CHEIO! Quantidade de pratos: 10 
[21:38:39] [FINE   ] Lavador colocou o prato #1285 no escorredor. 
[21:38:39] [FINE   ] Lavador pegou o prato #1286 (Sujeira: BAIXO) 
[21:38:39] [FINE   ] Enxugador terminou de secar o prato #1275 em 3ms. 
[21:38:39] [FINE   ] Enxugador pegou o prato #1276 do escorredor. 
[21:38:39] [FINE   ] Lavador terminou de lavar o prato #1286 
[21:38:39] [FINE   ] Escorredor CHEIO! Quantidade de pratos: 10 
[21:38:39] [FINE   ] Lavador colocou o prato #1286 no escorredor. 
[21:38:39] [FINE   ] Lavador pegou o prato #1287 (Sujeira: MEDIO) 
[21:38:39] [FINE   ] Enxugador terminou de secar o prato #1276 em 5ms. 
[21:38:39] [FINE   ] Enxugador pegou o prato #1277 do escorredor. 
[21:38:39] [FINE   ] Lavador terminou de lavar o prato #1287 
[21:38:39] [FINE   ] Escorredor CHEIO! Quantidade de pratos: 10 
[21:38:39] [FINE   ] Lavador colocou o prato #1287 no escorredor. 
[21:38:39] [FINE   ] Lavador pegou o prato #1288 (Sujeira: BAIXO) 
[21:38:39] [FINE   ] Lavador terminou de lavar o prato #1288 
[21:38:39] [FINE   ] Enxugador terminou de secar o prato #1277 em 6ms. 
[21:38:39] [FINE   ] Enxugador pegou o prato #1278 do escorredor. 
[21:38:39] [FINE   ] Escorredor CHEIO! Quantidade de pratos: 10 
[21:38:39] [FINE   ] Lavador colocou o prato #1288 no escorredor. 
[21:38:39] [FINE   ] Lavador pegou o prato #1289 (Sujeira: MEDIO) 
[21:38:39] [FINE   ] Enxugador terminou de secar o prato #1278 em 5ms. 
[21:38:39] [FINE   ] Enxugador pegou o prato #1279 do escorredor. 
[21:38:39] [FINE   ] Lavador terminou de lavar o prato #1289 
[21:38:39] [FINE   ] Escorredor CHEIO! Quantidade de pratos: 10 
[21:38:39] [FINE   ] Lavador colocou o prato #1289 no escorredor. 
[21:38:39] [FINE   ] Lavador pegou o prato #1290 (Sujeira: ENGORDURADO) 
[21:38:39] [FINE   ] Enxugador terminou de secar o prato #1279 em 10ms. 
[21:38:39] [FINE   ] Enxugador pegou o prato #1280 do escorredor. 
[21:38:39] [FINE   ] Enxugador terminou de secar o prato #1280 em 3ms. 
[21:38:39] [FINE   ] Enxugador pegou o prato #1281 do escorredor. 
[21:38:39] [FINE   ] Enxugador terminou de secar o prato #1281 em 5ms. 
[21:38:39] [FINE   ] Enxugador pegou o prato #1282 do escorredor. 
[21:38:39] [FINE   ] Lavador terminou de lavar o prato #1290 
[21:38:39] [FINE   ] Lavador colocou o prato #1290 no escorredor. 
[21:38:39] [FINE   ] Lavador pegou o prato #1291 (Sujeira: MEDIO) 
[21:38:39] [FINE   ] Lavador terminou de lavar o prato #1291 
[21:38:39] [FINE   ] Lavador colocou o prato #1291 no escorredor. 
[21:38:39] [FINE   ] Lavador pegou o prato #1292 (Sujeira: BAIXO) 
[21:38:39] [FINE   ] Enxugador terminou de secar o prato #1282 em 9ms. 
[21:38:39] [FINE   ] Enxugador pegou o prato #1283 do escorredor. 
[21:38:39] [FINE   ] Lavador terminou de lavar o prato #1292 
[21:38:39] [FINE   ] Lavador colocou o prato #1292 no escorredor. 
[21:38:39] [FINE   ] Lavador pegou o prato #1293 (Sujeira: MEDIO) 
[21:38:39] [FINE   ] Enxugador terminou de secar o prato #1283 em 7ms. 
[21:38:39] [FINE   ] Enxugador pegou o prato #1284 do escorredor. 
[21:38:39] [FINE   ] Lavador terminou de lavar o prato #1293 
[21:38:39] [FINE   ] Lavador colocou o prato #1293 no escorredor. 
[21:38:39] [FINE   ] Lavador pegou o prato #1294 (Sujeira: BAIXO) 
[21:38:39] [FINE   ] Lavador terminou de lavar o prato #1294 
[21:38:39] [FINE   ] Escorredor CHEIO! Quantidade de pratos: 10 
[21:38:39] [FINE   ] Lavador colocou o prato #1294 no escorredor. 
[21:38:39] [FINE   ] Lavador pegou o prato #1295 (Sujeira: MEDIO) 
[21:38:39] [FINE   ] Enxugador terminou de secar o prato #1284 em 7ms. 
[21:38:39] [FINE   ] Enxugador pegou o prato #1285 do escorredor. 
[21:38:39] [FINE   ] Lavador terminou de lavar o prato #1295 
[21:38:39] [FINE   ] Escorredor CHEIO! Quantidade de pratos: 10 
[21:38:39] [FINE   ] Lavador colocou o prato #1295 no escorredor. 
[21:38:39] [FINE   ] Lavador pegou o prato #1296 (Sujeira: MEDIO) 
[21:38:39] [FINE   ] Enxugador terminou de secar o prato #1285 em 4ms. 
[21:38:39] [FINE   ] Enxugador pegou o prato #1286 do escorredor. 
[21:38:39] [FINE   ] Lavador terminou de lavar o prato #1296 
[21:38:39] [FINE   ] Escorredor CHEIO! Quantidade de pratos: 10 
[21:38:39] [FINE   ] Lavador colocou o prato #1296 no escorredor. 
[21:38:39] [FINE   ] Lavador pegou o prato #1297 (Sujeira: MEDIO) 
[21:38:39] [FINE   ] Enxugador terminou de secar o prato #1286 em 6ms. 
[21:38:39] [FINE   ] Enxugador pegou o prato #1287 do escorredor. 
[21:38:39] [FINE   ] Lavador terminou de lavar o prato #1297 
[21:38:39] [FINE   ] Escorredor CHEIO! Quantidade de pratos: 10 
[21:38:39] [FINE   ] Lavador colocou o prato #1297 no escorredor. 
[21:38:39] [FINE   ] Lavador pegou o prato #1298 (Sujeira: MEDIO) 
[21:38:39] [FINE   ] Lavador terminou de lavar o prato #1298 
[21:38:39] [FINE   ] Enxugador terminou de secar o prato #1287 em 10ms. 
[21:38:39] [FINE   ] Enxugador pegou o prato #1288 do escorredor. 
[21:38:39] [FINE   ] Escorredor CHEIO! Quantidade de pratos: 10 
[21:38:39] [FINE   ] Lavador colocou o prato #1298 no escorredor. 
[21:38:39] [FINE   ] Lavador pegou o prato #1299 (Sujeira: MEDIO) 
[21:38:39] [FINE   ] Lavador terminou de lavar o prato #1299 
[21:38:39] [FINE   ] Enxugador terminou de secar o prato #1288 em 9ms. 
[21:38:39] [FINE   ] Enxugador pegou o prato #1289 do escorredor. 
[21:38:39] [FINE   ] Escorredor CHEIO! Quantidade de pratos: 10 
[21:38:39] [FINE   ] Lavador colocou o prato #1299 no escorredor. 
[21:38:39] [FINE   ] Lavador pegou o prato #1300 (Sujeira: BAIXO) 
[21:38:39] [FINE   ] Lavador terminou de lavar o prato #1300 
[21:38:39] [FINE   ] Enxugador terminou de secar o prato #1289 em 10ms. 
[21:38:39] [FINE   ] Enxugador pegou o prato #1290 do escorredor. 
[21:38:39] [FINE   ] Escorredor CHEIO! Quantidade de pratos: 10 
[21:38:39] [FINE   ] Lavador colocou o prato #1300 no escorredor. 
[21:38:39] [FINE   ] Lavador pegou o prato #1301 (Sujeira: BAIXO) 
[21:38:39] [FINE   ] Lavador terminou de lavar o prato #1301 
[21:38:39] [FINE   ] Enxugador terminou de secar o prato #1290 em 8ms. 
[21:38:39] [FINE   ] Enxugador pegou o prato #1291 do escorredor. 
[21:38:39] [FINE   ] Escorredor CHEIO! Quantidade de pratos: 10 
[21:38:39] [FINE   ] Lavador colocou o prato #1301 no escorredor. 
[21:38:39] [FINE   ] Lavador pegou o prato #1302 (Sujeira: BAIXO) 
[21:38:39] [FINE   ] Lavador terminou de lavar o prato #1302 
[21:38:39] [FINE   ] Enxugador terminou de secar o prato #1291 em 7ms. 
[21:38:39] [FINE   ] Enxugador pegou o prato #1292 do escorredor. 
[21:38:39] [FINE   ] Escorredor CHEIO! Quantidade de pratos: 10 
[21:38:39] [FINE   ] Lavador colocou o prato #1302 no escorredor. 
[21:38:39] [FINE   ] Lavador pegou o prato #1303 (Sujeira: ENGORDURADO) 
[21:38:39] [FINE   ] Enxugador terminou de secar o prato #1292 em 6ms. 
[21:38:39] [FINE   ] Enxugador pegou o prato #1293 do escorredor. 
[21:38:39] [FINE   ] Lavador terminou de lavar o prato #1303 
[21:38:39] [FINE   ] Escorredor CHEIO! Quantidade de pratos: 10 
[21:38:39] [FINE   ] Lavador colocou o prato #1303 no escorredor. 
[21:38:39] [FINE   ] Lavador pegou o prato #1304 (Sujeira: MEDIO) 
[21:38:39] [FINE   ] Enxugador terminou de secar o prato #1293 em 5ms. 
[21:38:39] [FINE   ] Enxugador pegou o prato #1294 do escorredor. 
[21:38:39] [FINE   ] Lavador terminou de lavar o prato #1304 
[21:38:39] [FINE   ] Escorredor CHEIO! Quantidade de pratos: 10 
[21:38:39] [FINE   ] Lavador colocou o prato #1304 no escorredor. 
[21:38:39] [FINE   ] Lavador pegou o prato #1305 (Sujeira: MEDIO) 
[21:38:39] [FINE   ] Enxugador terminou de secar o prato #1294 em 8ms. 
[21:38:39] [FINE   ] Enxugador pegou o prato #1295 do escorredor. 
[21:38:39] [FINE   ] Lavador terminou de lavar o prato #1305 
[21:38:39] [FINE   ] Escorredor CHEIO! Quantidade de pratos: 10 
[21:38:39] [FINE   ] Lavador colocou o prato #1305 no escorredor. 
[21:38:39] [FINE   ] Lavador pegou o prato #1306 (Sujeira: MEDIO) 
[21:38:39] [FINE   ] Enxugador terminou de secar o prato #1295 em 6ms. 
[21:38:39] [FINE   ] Enxugador pegou o prato #1296 do escorredor. 
[21:38:39] [FINE   ] Lavador terminou de lavar o prato #1306 
[21:38:39] [FINE   ] Escorredor CHEIO! Quantidade de pratos: 10 
[21:38:39] [FINE   ] Lavador colocou o prato #1306 no escorredor. 
[21:38:39] [FINE   ] Lavador pegou o prato #1307 (Sujeira: BAIXO) 
[21:38:39] [FINE   ] Lavador terminou de lavar o prato #1307 
[21:38:39] [FINE   ] Enxugador terminou de secar o prato #1296 em 5ms. 
[21:38:39] [FINE   ] Enxugador pegou o prato #1297 do escorredor. 
[21:38:39] [FINE   ] Escorredor CHEIO! Quantidade de pratos: 10 
[21:38:39] [FINE   ] Lavador colocou o prato #1307 no escorredor. 
[21:38:39] [FINE   ] Lavador pegou o prato #1308 (Sujeira: BAIXO) 
[21:38:39] [FINE   ] Lavador terminou de lavar o prato #1308 
[21:38:39] [FINE   ] Enxugador terminou de secar o prato #1297 em 6ms. 
[21:38:39] [FINE   ] Enxugador pegou o prato #1298 do escorredor. 
[21:38:39] [FINE   ] Escorredor CHEIO! Quantidade de pratos: 10 
[21:38:39] [FINE   ] Lavador colocou o prato #1308 no escorredor. 
[21:38:39] [FINE   ] Lavador pegou o prato #1309 (Sujeira: MEDIO) 
[21:38:39] [FINE   ] Lavador terminou de lavar o prato #1309 
[21:38:39] [FINE   ] Enxugador terminou de secar o prato #1298 em 4ms. 
[21:38:39] [FINE   ] Enxugador pegou o prato #1299 do escorredor. 
[21:38:39] [FINE   ] Escorredor CHEIO! Quantidade de pratos: 10 
[21:38:39] [FINE   ] Lavador colocou o prato #1309 no escorredor. 
[21:38:39] [FINE   ] Lavador pegou o prato #1310 (Sujeira: MEDIO) 
[21:38:39] [FINE   ] Enxugador terminou de secar o prato #1299 em 5ms. 
[21:38:39] [FINE   ] Lavador terminou de lavar o prato #1310 
[21:38:39] [FINE   ] Enxugador pegou o prato #1300 do escorredor. 
[21:38:39] [FINE   ] Escorredor CHEIO! Quantidade de pratos: 10 
[21:38:39] [FINE   ] Lavador colocou o prato #1310 no escorredor. 
[21:38:39] [FINE   ] Lavador pegou o prato #1311 (Sujeira: BAIXO) 
[21:38:39] [FINE   ] Lavador terminou de lavar o prato #1311 
[21:38:39] [FINE   ] Enxugador terminou de secar o prato #1300 em 8ms. 
[21:38:39] [FINE   ] Enxugador pegou o prato #1301 do escorredor. 
[21:38:39] [FINE   ] Escorredor CHEIO! Quantidade de pratos: 10 
[21:38:39] [FINE   ] Lavador colocou o prato #1311 no escorredor. 
[21:38:39] [FINE   ] Lavador pegou o prato #1312 (Sujeira: MEDIO) 
[21:38:39] [FINE   ] Lavador terminou de lavar o prato #1312 
[21:38:39] [FINE   ] Enxugador terminou de secar o prato #1301 em 10ms. 
[21:38:39] [FINE   ] Enxugador pegou o prato #1302 do escorredor. 
[21:38:39] [FINE   ] Escorredor CHEIO! Quantidade de pratos: 10 
[21:38:39] [FINE   ] Lavador colocou o prato #1312 no escorredor. 
[21:38:39] [FINE   ] Lavador pegou o prato #1313 (Sujeira: MEDIO) 
[21:38:39] [FINE   ] Enxugador terminou de secar o prato #1302 em 7ms. 
[21:38:39] [FINE   ] Lavador terminou de lavar o prato #1313 
[21:38:39] [FINE   ] Enxugador pegou o prato #1303 do escorredor. 
[21:38:39] [FINE   ] Escorredor CHEIO! Quantidade de pratos: 10 
[21:38:39] [FINE   ] Lavador colocou o prato #1313 no escorredor. 
[21:38:39] [FINE   ] Lavador pegou o prato #1314 (Sujeira: MEDIO) 
[21:38:39] [FINE   ] Lavador terminou de lavar o prato #1314 
[21:38:39] [FINE   ] Enxugador terminou de secar o prato #1303 em 10ms. 
[21:38:39] [FINE   ] Enxugador pegou o prato #1304 do escorredor. 
[21:38:39] [FINE   ] Escorredor CHEIO! Quantidade de pratos: 10 
[21:38:39] [FINE   ] Lavador colocou o prato #1314 no escorredor. 
[21:38:39] [FINE   ] Lavador pegou o prato #1315 (Sujeira: MEDIO) 
[21:38:39] [FINE   ] Lavador terminou de lavar o prato #1315 
[21:38:39] [FINE   ] Enxugador terminou de secar o prato #1304 em 10ms. 
[21:38:39] [FINE   ] Enxugador pegou o prato #1305 do escorredor. 
[21:38:39] [FINE   ] Escorredor CHEIO! Quantidade de pratos: 10 
[21:38:39] [FINE   ] Lavador colocou o prato #1315 no escorredor. 
[21:38:39] [FINE   ] Lavador pegou o prato #1316 (Sujeira: MEDIO) 
[21:38:39] [FINE   ] Enxugador terminou de secar o prato #1305 em 5ms. 
[21:38:39] [FINE   ] Enxugador pegou o prato #1306 do escorredor. 
[21:38:39] [FINE   ] Lavador terminou de lavar o prato #1316 
[21:38:39] [FINE   ] Escorredor CHEIO! Quantidade de pratos: 10 
[21:38:39] [FINE   ] Lavador colocou o prato #1316 no escorredor. 
[21:38:39] [FINE   ] Lavador pegou o prato #1317 (Sujeira: BAIXO) 
[21:38:39] [FINE   ] Lavador terminou de lavar o prato #1317 
[21:38:39] [FINE   ] Enxugador terminou de secar o prato #1306 em 5ms. 
[21:38:39] [FINE   ] Enxugador pegou o prato #1307 do escorredor. 
[21:38:39] [FINE   ] Escorredor CHEIO! Quantidade de pratos: 10 
[21:38:39] [FINE   ] Lavador colocou o prato #1317 no escorredor. 
[21:38:39] [FINE   ] Lavador pegou o prato #1318 (Sujeira: BAIXO) 
[21:38:39] [FINE   ] Lavador terminou de lavar o prato #1318 
[21:38:39] [FINE   ] Enxugador terminou de secar o prato #1307 em 9ms. 
[21:38:39] [FINE   ] Enxugador pegou o prato #1308 do escorredor. 
[21:38:39] [FINE   ] Escorredor CHEIO! Quantidade de pratos: 10 
[21:38:39] [FINE   ] Lavador colocou o prato #1318 no escorredor. 
[21:38:39] [FINE   ] Lavador pegou o prato #1319 (Sujeira: BAIXO) 
[21:38:39] [FINE   ] Lavador terminou de lavar o prato #1319 
[21:38:39] [FINE   ] Enxugador terminou de secar o prato #1308 em 7ms. 
[21:38:39] [FINE   ] Enxugador pegou o prato #1309 do escorredor. 
[21:38:39] [FINE   ] Escorredor CHEIO! Quantidade de pratos: 10 
[21:38:39] [FINE   ] Lavador colocou o prato #1319 no escorredor. 
[21:38:39] [FINE   ] Lavador pegou o prato #1320 (Sujeira: MEDIO) 
[21:38:39] [FINE   ] Lavador terminou de lavar o prato #1320 
[21:38:39] [FINE   ] Enxugador terminou de secar o prato #1309 em 6ms. 
[21:38:39] [FINE   ] Enxugador pegou o prato #1310 do escorredor. 
[21:38:39] [FINE   ] Escorredor CHEIO! Quantidade de pratos: 10 
[21:38:39] [FINE   ] Lavador colocou o prato #1320 no escorredor. 
[21:38:39] [FINE   ] Lavador pegou o prato #1321 (Sujeira: MEDIO) 
[21:38:39] [FINE   ] Lavador terminou de lavar o prato #1321 
[21:38:39] [FINE   ] Enxugador terminou de secar o prato #1310 em 6ms. 
[21:38:39] [FINE   ] Enxugador pegou o prato #1311 do escorredor. 
[21:38:39] [FINE   ] Escorredor CHEIO! Quantidade de pratos: 10 
[21:38:39] [FINE   ] Lavador colocou o prato #1321 no escorredor. 
[21:38:39] [FINE   ] Lavador pegou o prato #1322 (Sujeira: MEDIO) 
[21:38:39] [FINE   ] Lavador terminou de lavar o prato #1322 
[21:38:39] [FINE   ] Enxugador terminou de secar o prato #1311 em 6ms. 
[21:38:39] [FINE   ] Enxugador pegou o prato #1312 do escorredor. 
[21:38:39] [FINE   ] Escorredor CHEIO! Quantidade de pratos: 10 
[21:38:39] [FINE   ] Lavador colocou o prato #1322 no escorredor. 
[21:38:39] [FINE   ] Lavador pegou o prato #1323 (Sujeira: BAIXO) 
[21:38:39] [FINE   ] Lavador terminou de lavar o prato #1323 
[21:38:39] [FINE   ] Enxugador terminou de secar o prato #1312 em 8ms. 
[21:38:39] [FINE   ] Enxugador pegou o prato #1313 do escorredor. 
[21:38:39] [FINE   ] Escorredor CHEIO! Quantidade de pratos: 10 
[21:38:39] [FINE   ] Lavador colocou o prato #1323 no escorredor. 
[21:38:39] [FINE   ] Lavador pegou o prato #1324 (Sujeira: MEDIO) 
[21:38:39] [FINE   ] Enxugador terminou de secar o prato #1313 em 4ms. 
[21:38:39] [FINE   ] Enxugador pegou o prato #1314 do escorredor. 
[21:38:39] [FINE   ] Lavador terminou de lavar o prato #1324 
[21:38:39] [FINE   ] Escorredor CHEIO! Quantidade de pratos: 10 
[21:38:39] [FINE   ] Lavador colocou o prato #1324 no escorredor. 
[21:38:39] [FINE   ] Lavador pegou o prato #1325 (Sujeira: BAIXO) 
[21:38:39] [FINE   ] Lavador terminou de lavar o prato #1325 
[21:38:39] [FINE   ] Enxugador terminou de secar o prato #1314 em 6ms. 
[21:38:39] [FINE   ] Enxugador pegou o prato #1315 do escorredor. 
[21:38:39] [FINE   ] Escorredor CHEIO! Quantidade de pratos: 10 
[21:38:39] [FINE   ] Lavador colocou o prato #1325 no escorredor. 
[21:38:39] [FINE   ] Lavador pegou o prato #1326 (Sujeira: MEDIO) 
[21:38:39] [FINE   ] Lavador terminou de lavar o prato #1326 
[21:38:39] [FINE   ] Enxugador terminou de secar o prato #1315 em 7ms. 
[21:38:39] [FINE   ] Enxugador pegou o prato #1316 do escorredor. 
[21:38:39] [FINE   ] Escorredor CHEIO! Quantidade de pratos: 10 
[21:38:39] [FINE   ] Lavador colocou o prato #1326 no escorredor. 
[21:38:39] [FINE   ] Lavador pegou o prato #1327 (Sujeira: MEDIO) 
[21:38:39] [FINE   ] Enxugador terminou de secar o prato #1316 em 3ms. 
[21:38:39] [FINE   ] Enxugador pegou o prato #1317 do escorredor. 
[21:38:39] [FINE   ] Lavador terminou de lavar o prato #1327 
[21:38:39] [FINE   ] Escorredor CHEIO! Quantidade de pratos: 10 
[21:38:39] [FINE   ] Lavador colocou o prato #1327 no escorredor. 
[21:38:39] [FINE   ] Lavador pegou o prato #1328 (Sujeira: BAIXO) 
[21:38:39] [FINE   ] Lavador terminou de lavar o prato #1328 
[21:38:39] [FINE   ] Enxugador terminou de secar o prato #1317 em 10ms. 
[21:38:39] [FINE   ] Enxugador pegou o prato #1318 do escorredor. 
[21:38:39] [FINE   ] Escorredor CHEIO! Quantidade de pratos: 10 
[21:38:39] [FINE   ] Lavador colocou o prato #1328 no escorredor. 
[21:38:39] [FINE   ] Lavador pegou o prato #1329 (Sujeira: MEDIO) 
[21:38:39] [FINE   ] Lavador terminou de lavar o prato #1329 
[21:38:39] [FINE   ] Enxugador terminou de secar o prato #1318 em 7ms. 
[21:38:39] [FINE   ] Enxugador pegou o prato #1319 do escorredor. 
[21:38:39] [FINE   ] Escorredor CHEIO! Quantidade de pratos: 10 
[21:38:39] [FINE   ] Lavador colocou o prato #1329 no escorredor. 
[21:38:39] [FINE   ] Lavador pegou o prato #1330 (Sujeira: BAIXO) 
[21:38:39] [FINE   ] Lavador terminou de lavar o prato #1330 
[21:38:39] [FINE   ] Enxugador terminou de secar o prato #1319 em 4ms. 
[21:38:39] [FINE   ] Enxugador pegou o prato #1320 do escorredor. 
[21:38:39] [FINE   ] Escorredor CHEIO! Quantidade de pratos: 10 
[21:38:39] [FINE   ] Lavador colocou o prato #1330 no escorredor. 
[21:38:39] [FINE   ] Lavador pegou o prato #1331 (Sujeira: ENGORDURADO) 
[21:38:39] [FINE   ] Enxugador terminou de secar o prato #1320 em 3ms. 
[21:38:39] [FINE   ] Enxugador pegou o prato #1321 do escorredor. 
[21:38:39] [FINE   ] Lavador terminou de lavar o prato #1331 
[21:38:39] [FINE   ] Escorredor CHEIO! Quantidade de pratos: 10 
[21:38:39] [FINE   ] Lavador colocou o prato #1331 no escorredor. 
[21:38:39] [FINE   ] Lavador pegou o prato #1332 (Sujeira: BAIXO) 
[21:38:39] [FINE   ] Enxugador terminou de secar o prato #1321 em 8ms. 
[21:38:39] [FINE   ] Enxugador pegou o prato #1322 do escorredor. 
[21:38:39] [FINE   ] Lavador terminou de lavar o prato #1332 
[21:38:39] [FINE   ] Escorredor CHEIO! Quantidade de pratos: 10 
[21:38:39] [FINE   ] Lavador colocou o prato #1332 no escorredor. 
[21:38:39] [FINE   ] Lavador pegou o prato #1333 (Sujeira: MEDIO) 
[21:38:39] [FINE   ] Enxugador terminou de secar o prato #1322 em 5ms. 
[21:38:39] [FINE   ] Enxugador pegou o prato #1323 do escorredor. 
[21:38:39] [FINE   ] Lavador terminou de lavar o prato #1333 
[21:38:39] [FINE   ] Escorredor CHEIO! Quantidade de pratos: 10 
[21:38:39] [FINE   ] Lavador colocou o prato #1333 no escorredor. 
[21:38:39] [FINE   ] Lavador pegou o prato #1334 (Sujeira: MEDIO) 
[21:38:39] [FINE   ] Lavador terminou de lavar o prato #1334 
[21:38:39] [FINE   ] Enxugador terminou de secar o prato #1323 em 6ms. 
[21:38:39] [FINE   ] Enxugador pegou o prato #1324 do escorredor. 
[21:38:39] [FINE   ] Escorredor CHEIO! Quantidade de pratos: 10 
[21:38:39] [FINE   ] Lavador colocou o prato #1334 no escorredor. 
[21:38:39] [FINE   ] Lavador pegou o prato #1335 (Sujeira: MEDIO) 
[21:38:39] [FINE   ] Lavador terminou de lavar o prato #1335 
[21:38:39] [FINE   ] Enxugador terminou de secar o prato #1324 em 8ms. 
[21:38:39] [FINE   ] Enxugador pegou o prato #1325 do escorredor. 
[21:38:39] [FINE   ] Escorredor CHEIO! Quantidade de pratos: 10 
[21:38:39] [FINE   ] Lavador colocou o prato #1335 no escorredor. 
[21:38:39] [FINE   ] Lavador pegou o prato #1336 (Sujeira: ENGORDURADO) 
[21:38:39] [FINE   ] Enxugador terminou de secar o prato #1325 em 8ms. 
[21:38:39] [FINE   ] Enxugador pegou o prato #1326 do escorredor. 
[21:38:39] [FINE   ] Lavador terminou de lavar o prato #1336 
[21:38:39] [FINE   ] Escorredor CHEIO! Quantidade de pratos: 10 
[21:38:39] [FINE   ] Lavador colocou o prato #1336 no escorredor. 
[21:38:39] [FINE   ] Lavador pegou o prato #1337 (Sujeira: MEDIO) 
[21:38:39] [FINE   ] Enxugador terminou de secar o prato #1326 em 3ms. 
[21:38:39] [FINE   ] Enxugador pegou o prato #1327 do escorredor. 
[21:38:39] [FINE   ] Lavador terminou de lavar o prato #1337 
[21:38:39] [FINE   ] Escorredor CHEIO! Quantidade de pratos: 10 
[21:38:39] [FINE   ] Lavador colocou o prato #1337 no escorredor. 
[21:38:39] [FINE   ] Lavador pegou o prato #1338 (Sujeira: MEDIO) 
[21:38:39] [FINE   ] Enxugador terminou de secar o prato #1327 em 7ms. 
[21:38:39] [FINE   ] Enxugador pegou o prato #1328 do escorredor. 
[21:38:39] [FINE   ] Lavador terminou de lavar o prato #1338 
[21:38:39] [FINE   ] Escorredor CHEIO! Quantidade de pratos: 10 
[21:38:39] [FINE   ] Lavador colocou o prato #1338 no escorredor. 
[21:38:39] [FINE   ] Lavador pegou o prato #1339 (Sujeira: BAIXO) 
[21:38:39] [FINE   ] Lavador terminou de lavar o prato #1339 
[21:38:39] [FINE   ] Enxugador terminou de secar o prato #1328 em 9ms. 
[21:38:39] [FINE   ] Enxugador pegou o prato #1329 do escorredor. 
[21:38:39] [FINE   ] Escorredor CHEIO! Quantidade de pratos: 10 
[21:38:39] [FINE   ] Lavador colocou o prato #1339 no escorredor. 
[21:38:39] [FINE   ] Lavador pegou o prato #1340 (Sujeira: ENGORDURADO) 
[21:38:39] [FINE   ] Enxugador terminou de secar o prato #1329 em 6ms. 
[21:38:39] [FINE   ] Enxugador pegou o prato #1330 do escorredor. 
[21:38:39] [FINE   ] Lavador terminou de lavar o prato #1340 
[21:38:39] [FINE   ] Escorredor CHEIO! Quantidade de pratos: 10 
[21:38:39] [FINE   ] Lavador colocou o prato #1340 no escorredor. 
[21:38:39] [FINE   ] Lavador pegou o prato #1341 (Sujeira: BAIXO) 
[21:38:39] [FINE   ] Enxugador terminou de secar o prato #1330 em 6ms. 
[21:38:39] [FINE   ] Enxugador pegou o prato #1331 do escorredor. 
[21:38:39] [FINE   ] Lavador terminou de lavar o prato #1341 
[21:38:39] [FINE   ] Escorredor CHEIO! Quantidade de pratos: 10 
[21:38:39] [FINE   ] Lavador colocou o prato #1341 no escorredor. 
[21:38:39] [FINE   ] Lavador pegou o prato #1342 (Sujeira: MEDIO) 
[21:38:39] [FINE   ] Lavador terminou de lavar o prato #1342 
[21:38:39] [FINE   ] Enxugador terminou de secar o prato #1331 em 7ms. 
[21:38:39] [FINE   ] Enxugador pegou o prato #1332 do escorredor. 
[21:38:39] [FINE   ] Escorredor CHEIO! Quantidade de pratos: 10 
[21:38:39] [FINE   ] Lavador colocou o prato #1342 no escorredor. 
[21:38:39] [FINE   ] Lavador pegou o prato #1343 (Sujeira: MEDIO) 
[21:38:39] [FINE   ] Lavador terminou de lavar o prato #1343 
[21:38:39] [FINE   ] Enxugador terminou de secar o prato #1332 em 9ms. 
[21:38:39] [FINE   ] Enxugador pegou o prato #1333 do escorredor. 
[21:38:39] [FINE   ] Escorredor CHEIO! Quantidade de pratos: 10 
[21:38:39] [FINE   ] Lavador colocou o prato #1343 no escorredor. 
[21:38:39] [FINE   ] Lavador pegou o prato #1344 (Sujeira: MEDIO) 
[21:38:39] [FINE   ] Lavador terminou de lavar o prato #1344 
[21:38:39] [FINE   ] Enxugador terminou de secar o prato #1333 em 7ms. 
[21:38:39] [FINE   ] Enxugador pegou o prato #1334 do escorredor. 
[21:38:39] [FINE   ] Escorredor CHEIO! Quantidade de pratos: 10 
[21:38:39] [FINE   ] Lavador colocou o prato #1344 no escorredor. 
[21:38:39] [FINE   ] Lavador pegou o prato #1345 (Sujeira: BAIXO) 
[21:38:39] [FINE   ] Lavador terminou de lavar o prato #1345 
[21:38:39] [FINE   ] Enxugador terminou de secar o prato #1334 em 3ms. 
[21:38:39] [FINE   ] Enxugador pegou o prato #1335 do escorredor. 
[21:38:39] [FINE   ] Escorredor CHEIO! Quantidade de pratos: 10 
[21:38:39] [FINE   ] Lavador colocou o prato #1345 no escorredor. 
[21:38:39] [FINE   ] Lavador pegou o prato #1346 (Sujeira: MEDIO) 
[21:38:39] [FINE   ] Lavador terminou de lavar o prato #1346 
[21:38:39] [FINE   ] Enxugador terminou de secar o prato #1335 em 9ms. 
[21:38:39] [FINE   ] Enxugador pegou o prato #1336 do escorredor. 
[21:38:39] [FINE   ] Escorredor CHEIO! Quantidade de pratos: 10 
[21:38:39] [FINE   ] Lavador colocou o prato #1346 no escorredor. 
[21:38:39] [FINE   ] Lavador pegou o prato #1347 (Sujeira: BAIXO) 
[21:38:39] [FINE   ] Lavador terminou de lavar o prato #1347 
[21:38:39] [FINE   ] Enxugador terminou de secar o prato #1336 em 8ms. 
[21:38:39] [FINE   ] Enxugador pegou o prato #1337 do escorredor. 
[21:38:39] [FINE   ] Escorredor CHEIO! Quantidade de pratos: 10 
[21:38:39] [FINE   ] Lavador colocou o prato #1347 no escorredor. 
[21:38:39] [FINE   ] Lavador pegou o prato #1348 (Sujeira: MEDIO) 
[21:38:39] [FINE   ] Enxugador terminou de secar o prato #1337 em 4ms. 
[21:38:39] [FINE   ] Enxugador pegou o prato #1338 do escorredor. 
[21:38:39] [FINE   ] Lavador terminou de lavar o prato #1348 
[21:38:39] [FINE   ] Escorredor CHEIO! Quantidade de pratos: 10 
[21:38:39] [FINE   ] Lavador colocou o prato #1348 no escorredor. 
[21:38:39] [FINE   ] Lavador pegou o prato #1349 (Sujeira: BAIXO) 
[21:38:39] [FINE   ] Lavador terminou de lavar o prato #1349 
[21:38:39] [FINE   ] Enxugador terminou de secar o prato #1338 em 5ms. 
[21:38:39] [FINE   ] Enxugador pegou o prato #1339 do escorredor. 
[21:38:39] [FINE   ] Escorredor CHEIO! Quantidade de pratos: 10 
[21:38:39] [FINE   ] Lavador colocou o prato #1349 no escorredor. 
[21:38:39] [FINE   ] Lavador pegou o prato #1350 (Sujeira: MEDIO) 
[21:38:39] [FINE   ] Enxugador terminou de secar o prato #1339 em 4ms. 
[21:38:39] [FINE   ] Enxugador pegou o prato #1340 do escorredor. 
[21:38:39] [FINE   ] Lavador terminou de lavar o prato #1350 
[21:38:39] [FINE   ] Escorredor CHEIO! Quantidade de pratos: 10 
[21:38:39] [FINE   ] Lavador colocou o prato #1350 no escorredor. 
[21:38:39] [FINE   ] Lavador pegou o prato #1351 (Sujeira: MEDIO) 
[21:38:39] [FINE   ] Enxugador terminou de secar o prato #1340 em 4ms. 
[21:38:39] [FINE   ] Enxugador pegou o prato #1341 do escorredor. 
[21:38:39] [FINE   ] Lavador terminou de lavar o prato #1351 
[21:38:39] [FINE   ] Escorredor CHEIO! Quantidade de pratos: 10 
[21:38:39] [FINE   ] Lavador colocou o prato #1351 no escorredor. 
[21:38:39] [FINE   ] Lavador pegou o prato #1352 (Sujeira: MEDIO) 
[21:38:39] [FINE   ] Lavador terminou de lavar o prato #1352 
[21:38:39] [FINE   ] Enxugador terminou de secar o prato #1341 em 9ms. 
[21:38:39] [FINE   ] Enxugador pegou o prato #1342 do escorredor. 
[21:38:39] [FINE   ] Escorredor CHEIO! Quantidade de pratos: 10 
[21:38:39] [FINE   ] Lavador colocou o prato #1352 no escorredor. 
[21:38:39] [FINE   ] Lavador pegou o prato #1353 (Sujeira: MEDIO) 
[21:38:39] [FINE   ] Enxugador terminou de secar o prato #1342 em 4ms. 
[21:38:39] [FINE   ] Enxugador pegou o prato #1343 do escorredor. 
[21:38:39] [FINE   ] Lavador terminou de lavar o prato #1353 
[21:38:39] [FINE   ] Escorredor CHEIO! Quantidade de pratos: 10 
[21:38:39] [FINE   ] Lavador colocou o prato #1353 no escorredor. 
[21:38:39] [FINE   ] Lavador pegou o prato #1354 (Sujeira: BAIXO) 
[21:38:39] [FINE   ] Lavador terminou de lavar o prato #1354 
[21:38:39] [FINE   ] Enxugador terminou de secar o prato #1343 em 5ms. 
[21:38:39] [FINE   ] Enxugador pegou o prato #1344 do escorredor. 
[21:38:39] [FINE   ] Escorredor CHEIO! Quantidade de pratos: 10 
[21:38:39] [FINE   ] Lavador colocou o prato #1354 no escorredor. 
[21:38:39] [FINE   ] Lavador pegou o prato #1355 (Sujeira: MEDIO) 
[21:38:39] [FINE   ] Lavador terminou de lavar o prato #1355 
[21:38:39] [FINE   ] Enxugador terminou de secar o prato #1344 em 10ms. 
[21:38:39] [FINE   ] Enxugador pegou o prato #1345 do escorredor. 
[21:38:39] [FINE   ] Escorredor CHEIO! Quantidade de pratos: 10 
[21:38:39] [FINE   ] Lavador colocou o prato #1355 no escorredor. 
[21:38:39] [FINE   ] Lavador pegou o prato #1356 (Sujeira: MEDIO) 
[21:38:39] [FINE   ] Lavador terminou de lavar o prato #1356 
[21:38:39] [FINE   ] Enxugador terminou de secar o prato #1345 em 7ms. 
[21:38:39] [FINE   ] Enxugador pegou o prato #1346 do escorredor. 
[21:38:39] [FINE   ] Escorredor CHEIO! Quantidade de pratos: 10 
[21:38:39] [FINE   ] Lavador colocou o prato #1356 no escorredor. 
[21:38:39] [FINE   ] Lavador pegou o prato #1357 (Sujeira: MEDIO) 
[21:38:39] [FINE   ] Enxugador terminou de secar o prato #1346 em 4ms. 
[21:38:39] [FINE   ] Lavador terminou de lavar o prato #1357 
[21:38:39] [FINE   ] Enxugador pegou o prato #1347 do escorredor. 
[21:38:39] [FINE   ] Escorredor CHEIO! Quantidade de pratos: 10 
[21:38:39] [FINE   ] Lavador colocou o prato #1357 no escorredor. 
[21:38:39] [FINE   ] Lavador pegou o prato #1358 (Sujeira: BAIXO) 
[21:38:39] [FINE   ] Enxugador terminou de secar o prato #1347 em 4ms. 
[21:38:39] [FINE   ] Enxugador pegou o prato #1348 do escorredor. 
[21:38:39] [FINE   ] Lavador terminou de lavar o prato #1358 
[21:38:39] [FINE   ] Escorredor CHEIO! Quantidade de pratos: 10 
[21:38:39] [FINE   ] Lavador colocou o prato #1358 no escorredor. 
[21:38:39] [FINE   ] Lavador pegou o prato #1359 (Sujeira: ENGORDURADO) 
[21:38:39] [FINE   ] Enxugador terminou de secar o prato #1348 em 8ms. 
[21:38:39] [FINE   ] Enxugador pegou o prato #1349 do escorredor. 
[21:38:40] [FINE   ] Lavador terminou de lavar o prato #1359 
[21:38:40] [FINE   ] Escorredor CHEIO! Quantidade de pratos: 10 
[21:38:40] [FINE   ] Lavador colocou o prato #1359 no escorredor. 
[21:38:40] [FINE   ] Lavador pegou o prato #1360 (Sujeira: MEDIO) 
[21:38:40] [FINE   ] Enxugador terminou de secar o prato #1349 em 3ms. 
[21:38:40] [FINE   ] Enxugador pegou o prato #1350 do escorredor. 
[21:38:40] [FINE   ] Enxugador terminou de secar o prato #1350 em 3ms. 
[21:38:40] [FINE   ] Enxugador pegou o prato #1351 do escorredor. 
[21:38:40] [FINE   ] Lavador terminou de lavar o prato #1360 
[21:38:40] [FINE   ] Lavador colocou o prato #1360 no escorredor. 
[21:38:40] [FINE   ] Lavador pegou o prato #1361 (Sujeira: MEDIO) 
[21:38:40] [FINE   ] Enxugador terminou de secar o prato #1351 em 3ms. 
[21:38:40] [FINE   ] Enxugador pegou o prato #1352 do escorredor. 
[21:38:40] [FINE   ] Lavador terminou de lavar o prato #1361 
[21:38:40] [FINE   ] Lavador colocou o prato #1361 no escorredor. 
[21:38:40] [FINE   ] Lavador pegou o prato #1362 (Sujeira: MEDIO) 
[21:38:40] [FINE   ] Enxugador terminou de secar o prato #1352 em 4ms. 
[21:38:40] [FINE   ] Enxugador pegou o prato #1353 do escorredor. 
[21:38:40] [FINE   ] Lavador terminou de lavar o prato #1362 
[21:38:40] [FINE   ] Lavador colocou o prato #1362 no escorredor. 
[21:38:40] [FINE   ] Lavador pegou o prato #1363 (Sujeira: ENGORDURADO) 
[21:38:40] [FINE   ] Enxugador terminou de secar o prato #1353 em 10ms. 
[21:38:40] [FINE   ] Enxugador pegou o prato #1354 do escorredor. 
[21:38:40] [FINE   ] Lavador terminou de lavar o prato #1363 
[21:38:40] [FINE   ] Lavador colocou o prato #1363 no escorredor. 
[21:38:40] [FINE   ] Lavador pegou o prato #1364 (Sujeira: MEDIO) 
[21:38:40] [FINE   ] Lavador terminou de lavar o prato #1364 
[21:38:40] [FINE   ] Escorredor CHEIO! Quantidade de pratos: 10 
[21:38:40] [FINE   ] Lavador colocou o prato #1364 no escorredor. 
[21:38:40] [FINE   ] Lavador pegou o prato #1365 (Sujeira: ENGORDURADO) 
[21:38:40] [FINE   ] Enxugador terminou de secar o prato #1354 em 10ms. 
[21:38:40] [FINE   ] Enxugador pegou o prato #1355 do escorredor. 
[21:38:40] [FINE   ] Enxugador terminou de secar o prato #1355 em 9ms. 
[21:38:40] [FINE   ] Enxugador pegou o prato #1356 do escorredor. 
[21:38:40] [FINE   ] Lavador terminou de lavar o prato #1365 
[21:38:40] [FINE   ] Lavador colocou o prato #1365 no escorredor. 
[21:38:40] [FINE   ] Lavador pegou o prato #1366 (Sujeira: MEDIO) 
[21:38:40] [FINE   ] Enxugador terminou de secar o prato #1356 em 5ms. 
[21:38:40] [FINE   ] Enxugador pegou o prato #1357 do escorredor. 
[21:38:40] [FINE   ] Lavador terminou de lavar o prato #1366 
[21:38:40] [FINE   ] Lavador colocou o prato #1366 no escorredor. 
[21:38:40] [FINE   ] Lavador pegou o prato #1367 (Sujeira: MEDIO) 
[21:38:40] [FINE   ] Enxugador terminou de secar o prato #1357 em 9ms. 
[21:38:40] [FINE   ] Enxugador pegou o prato #1358 do escorredor. 
[21:38:40] [FINE   ] Lavador terminou de lavar o prato #1367 
[21:38:40] [FINE   ] Lavador colocou o prato #1367 no escorredor. 
[21:38:40] [FINE   ] Lavador pegou o prato #1368 (Sujeira: MEDIO) 
[21:38:40] [FINE   ] Lavador terminou de lavar o prato #1368 
[21:38:40] [FINE   ] Escorredor CHEIO! Quantidade de pratos: 10 
[21:38:40] [FINE   ] Lavador colocou o prato #1368 no escorredor. 
[21:38:40] [FINE   ] Lavador pegou o prato #1369 (Sujeira: MEDIO) 
[21:38:40] [FINE   ] Enxugador terminou de secar o prato #1358 em 9ms. 
[21:38:40] [FINE   ] Enxugador pegou o prato #1359 do escorredor. 
[21:38:40] [FINE   ] Lavador terminou de lavar o prato #1369 
[21:38:40] [FINE   ] Enxugador terminou de secar o prato #1359 em 3ms. 
[21:38:40] [FINE   ] Escorredor CHEIO! Quantidade de pratos: 10 
[21:38:40] [FINE   ] Lavador colocou o prato #1369 no escorredor. 
[21:38:40] [FINE   ] Enxugador pegou o prato #1360 do escorredor. 
[21:38:40] [FINE   ] Lavador pegou o prato #1370 (Sujeira: MEDIO) 
[21:38:40] [FINE   ] Lavador terminou de lavar o prato #1370 
[21:38:40] [FINE   ] Escorredor CHEIO! Quantidade de pratos: 10 
[21:38:40] [FINE   ] Lavador colocou o prato #1370 no escorredor. 
[21:38:40] [FINE   ] Lavador pegou o prato #1371 (Sujeira: ENGORDURADO) 
[21:38:40] [FINE   ] Enxugador terminou de secar o prato #1360 em 7ms. 
[21:38:40] [FINE   ] Enxugador pegou o prato #1361 do escorredor. 
[21:38:40] [FINE   ] Lavador terminou de lavar o prato #1371 
[21:38:40] [FINE   ] Enxugador terminou de secar o prato #1361 em 7ms. 
[21:38:40] [FINE   ] Escorredor CHEIO! Quantidade de pratos: 10 
[21:38:40] [FINE   ] Lavador colocou o prato #1371 no escorredor. 
[21:38:40] [FINE   ] Enxugador pegou o prato #1362 do escorredor. 
[21:38:40] [FINE   ] Lavador pegou o prato #1372 (Sujeira: MEDIO) 
[21:38:40] [FINE   ] Enxugador terminou de secar o prato #1362 em 4ms. 
[21:38:40] [FINE   ] Enxugador pegou o prato #1363 do escorredor. 
[21:38:40] [FINE   ] Lavador terminou de lavar o prato #1372 
[21:38:40] [FINE   ] Lavador colocou o prato #1372 no escorredor. 
[21:38:40] [FINE   ] Lavador pegou o prato #1373 (Sujeira: MEDIO) 
[21:38:40] [FINE   ] Enxugador terminou de secar o prato #1363 em 4ms. 
[21:38:40] [FINE   ] Enxugador pegou o prato #1364 do escorredor. 
[21:38:40] [FINE   ] Lavador terminou de lavar o prato #1373 
[21:38:40] [FINE   ] Lavador colocou o prato #1373 no escorredor. 
[21:38:40] [FINE   ] Lavador pegou o prato #1374 (Sujeira: ENGORDURADO) 
[21:38:40] [FINE   ] Enxugador terminou de secar o prato #1364 em 3ms. 
[21:38:40] [FINE   ] Enxugador pegou o prato #1365 do escorredor. 
[21:38:40] [FINE   ] Enxugador terminou de secar o prato #1365 em 5ms. 
[21:38:40] [FINE   ] Enxugador pegou o prato #1366 do escorredor. 
[21:38:40] [FINE   ] Lavador terminou de lavar o prato #1374 
[21:38:40] [FINE   ] Lavador colocou o prato #1374 no escorredor. 
[21:38:40] [FINE   ] Enxugador terminou de secar o prato #1366 em 3ms. 
[21:38:40] [FINE   ] Lavador pegou o prato #1375 (Sujeira: MEDIO) 
[21:38:40] [FINE   ] Enxugador pegou o prato #1367 do escorredor. 
[21:38:40] [FINE   ] Enxugador terminou de secar o prato #1367 em 4ms. 
[21:38:40] [FINE   ] Enxugador pegou o prato #1368 do escorredor. 
[21:38:40] [FINE   ] Lavador terminou de lavar o prato #1375 
[21:38:40] [FINE   ] Lavador colocou o prato #1375 no escorredor. 
[21:38:40] [FINE   ] Lavador pegou o prato #1376 (Sujeira: MEDIO) 
[21:38:40] [FINE   ] Lavador terminou de lavar o prato #1376 
[21:38:40] [FINE   ] Lavador colocou o prato #1376 no escorredor. 
[21:38:40] [FINE   ] Lavador pegou o prato #1377 (Sujeira: MEDIO) 
[21:38:40] [FINE   ] Lavador terminou de lavar o prato #1377 
[21:38:40] [FINE   ] Lavador colocou o prato #1377 no escorredor. 
[21:38:40] [FINE   ] Lavador pegou o prato #1378 (Sujeira: ENGORDURADO) 
[21:38:40] [FINE   ] Enxugador terminou de secar o prato #1368 em 10ms. 
[21:38:40] [FINE   ] Enxugador pegou o prato #1369 do escorredor. 
[21:38:40] [FINE   ] Enxugador terminou de secar o prato #1369 em 8ms. 
[21:38:40] [FINE   ] Enxugador pegou o prato #1370 do escorredor. 
[21:38:40] [FINE   ] Lavador terminou de lavar o prato #1378 
[21:38:40] [FINE   ] Lavador colocou o prato #1378 no escorredor. 
[21:38:40] [FINE   ] Lavador pegou o prato #1379 (Sujeira: MEDIO) 
[21:38:40] [FINE   ] Enxugador terminou de secar o prato #1370 em 7ms. 
[21:38:40] [FINE   ] Enxugador pegou o prato #1371 do escorredor. 
[21:38:40] [FINE   ] Lavador terminou de lavar o prato #1379 
[21:38:40] [FINE   ] Lavador colocou o prato #1379 no escorredor. 
[21:38:40] [FINE   ] Lavador pegou o prato #1380 (Sujeira: BAIXO) 
[21:38:40] [FINE   ] Lavador terminou de lavar o prato #1380 
[21:38:40] [FINE   ] Lavador colocou o prato #1380 no escorredor. 
[21:38:40] [FINE   ] Lavador pegou o prato #1381 (Sujeira: BAIXO) 
[21:38:40] [FINE   ] Enxugador terminou de secar o prato #1371 em 10ms. 
[21:38:40] [FINE   ] Enxugador pegou o prato #1372 do escorredor. 
[21:38:40] [FINE   ] Lavador terminou de lavar o prato #1381 
[21:38:40] [FINE   ] Lavador colocou o prato #1381 no escorredor. 
[21:38:40] [FINE   ] Lavador pegou o prato #1382 (Sujeira: MEDIO) 
[21:38:40] [FINE   ] Lavador terminou de lavar o prato #1382 
[21:38:40] [FINE   ] Escorredor CHEIO! Quantidade de pratos: 10 
[21:38:40] [FINE   ] Lavador colocou o prato #1382 no escorredor. 
[21:38:40] [FINE   ] Lavador pegou o prato #1383 (Sujeira: MEDIO) 
[21:38:40] [FINE   ] Enxugador terminou de secar o prato #1372 em 7ms. 
[21:38:40] [FINE   ] Enxugador pegou o prato #1373 do escorredor. 
[21:38:40] [FINE   ] Lavador terminou de lavar o prato #1383 
[21:38:40] [FINE   ] Escorredor CHEIO! Quantidade de pratos: 10 
[21:38:40] [FINE   ] Lavador colocou o prato #1383 no escorredor. 
[21:38:40] [FINE   ] Lavador pegou o prato #1384 (Sujeira: BAIXO) 
[21:38:40] [FINE   ] Lavador terminou de lavar o prato #1384 
[21:38:40] [FINE   ] Enxugador terminou de secar o prato #1373 em 9ms. 
[21:38:40] [FINE   ] Enxugador pegou o prato #1374 do escorredor. 
[21:38:40] [FINE   ] Escorredor CHEIO! Quantidade de pratos: 10 
[21:38:40] [FINE   ] Lavador colocou o prato #1384 no escorredor. 
[21:38:40] [FINE   ] Lavador pegou o prato #1385 (Sujeira: MEDIO) 
[21:38:40] [FINE   ] Enxugador terminou de secar o prato #1374 em 3ms. 
[21:38:40] [FINE   ] Enxugador pegou o prato #1375 do escorredor. 
[21:38:40] [FINE   ] Lavador terminou de lavar o prato #1385 
[21:38:40] [FINE   ] Escorredor CHEIO! Quantidade de pratos: 10 
[21:38:40] [FINE   ] Lavador colocou o prato #1385 no escorredor. 
[21:38:40] [FINE   ] Lavador pegou o prato #1386 (Sujeira: MEDIO) 
[21:38:40] [FINE   ] Lavador terminou de lavar o prato #1386 
[21:38:40] [FINE   ] Enxugador terminou de secar o prato #1375 em 8ms. 
[21:38:40] [FINE   ] Enxugador pegou o prato #1376 do escorredor. 
[21:38:40] [FINE   ] Escorredor CHEIO! Quantidade de pratos: 10 
[21:38:40] [FINE   ] Lavador colocou o prato #1386 no escorredor. 
[21:38:40] [FINE   ] Lavador pegou o prato #1387 (Sujeira: BAIXO) 
[21:38:40] [FINE   ] Lavador terminou de lavar o prato #1387 
[21:38:40] [FINE   ] Enxugador terminou de secar o prato #1376 em 10ms. 
[21:38:40] [FINE   ] Enxugador pegou o prato #1377 do escorredor. 
[21:38:40] [FINE   ] Escorredor CHEIO! Quantidade de pratos: 10 
[21:38:40] [FINE   ] Lavador colocou o prato #1387 no escorredor. 
[21:38:40] [FINE   ] Lavador pegou o prato #1388 (Sujeira: MEDIO) 
[21:38:40] [FINE   ] Lavador terminou de lavar o prato #1388 
[21:38:40] [FINE   ] Enxugador terminou de secar o prato #1377 em 10ms. 
[21:38:40] [FINE   ] Enxugador pegou o prato #1378 do escorredor. 
[21:38:40] [FINE   ] Escorredor CHEIO! Quantidade de pratos: 10 
[21:38:40] [FINE   ] Lavador colocou o prato #1388 no escorredor. 
[21:38:40] [FINE   ] Lavador pegou o prato #1389 (Sujeira: BAIXO) 
[21:38:40] [FINE   ] Lavador terminou de lavar o prato #1389 
[21:38:40] [FINE   ] Enxugador terminou de secar o prato #1378 em 9ms. 
[21:38:40] [FINE   ] Enxugador pegou o prato #1379 do escorredor. 
[21:38:40] [FINE   ] Escorredor CHEIO! Quantidade de pratos: 10 
[21:38:40] [FINE   ] Lavador colocou o prato #1389 no escorredor. 
[21:38:40] [FINE   ] Lavador pegou o prato #1390 (Sujeira: MEDIO) 
[21:38:40] [FINE   ] Lavador terminou de lavar o prato #1390 
[21:38:40] [FINE   ] Enxugador terminou de secar o prato #1379 em 8ms. 
[21:38:40] [FINE   ] Enxugador pegou o prato #1380 do escorredor. 
[21:38:40] [FINE   ] Escorredor CHEIO! Quantidade de pratos: 10 
[21:38:40] [FINE   ] Lavador colocou o prato #1390 no escorredor. 
[21:38:40] [FINE   ] Lavador pegou o prato #1391 (Sujeira: MEDIO) 
[21:38:40] [FINE   ] Lavador terminou de lavar o prato #1391 
[21:38:40] [FINE   ] Enxugador terminou de secar o prato #1380 em 9ms. 
[21:38:40] [FINE   ] Enxugador pegou o prato #1381 do escorredor. 
[21:38:40] [FINE   ] Escorredor CHEIO! Quantidade de pratos: 10 
[21:38:40] [FINE   ] Lavador colocou o prato #1391 no escorredor. 
[21:38:40] [FINE   ] Lavador pegou o prato #1392 (Sujeira: MEDIO) 
[21:38:40] [FINE   ] Lavador terminou de lavar o prato #1392 
[21:38:40] [FINE   ] Enxugador terminou de secar o prato #1381 em 7ms. 
[21:38:40] [FINE   ] Enxugador pegou o prato #1382 do escorredor. 
[21:38:40] [FINE   ] Escorredor CHEIO! Quantidade de pratos: 10 
[21:38:40] [FINE   ] Lavador colocou o prato #1392 no escorredor. 
[21:38:40] [FINE   ] Lavador pegou o prato #1393 (Sujeira: MEDIO) 
[21:38:40] [FINE   ] Lavador terminou de lavar o prato #1393 
[21:38:40] [FINE   ] Enxugador terminou de secar o prato #1382 em 8ms. 
[21:38:40] [FINE   ] Enxugador pegou o prato #1383 do escorredor. 
[21:38:40] [FINE   ] Escorredor CHEIO! Quantidade de pratos: 10 
[21:38:40] [FINE   ] Lavador colocou o prato #1393 no escorredor. 
[21:38:40] [FINE   ] Lavador pegou o prato #1394 (Sujeira: BAIXO) 
[21:38:40] [FINE   ] Lavador terminou de lavar o prato #1394 
[21:38:40] [FINE   ] Enxugador terminou de secar o prato #1383 em 5ms. 
[21:38:40] [FINE   ] Enxugador pegou o prato #1384 do escorredor. 
[21:38:40] [FINE   ] Escorredor CHEIO! Quantidade de pratos: 10 
[21:38:40] [FINE   ] Lavador colocou o prato #1394 no escorredor. 
[21:38:40] [FINE   ] Lavador pegou o prato #1395 (Sujeira: MEDIO) 
[21:38:40] [FINE   ] Lavador terminou de lavar o prato #1395 
[21:38:40] [FINE   ] Enxugador terminou de secar o prato #1384 em 8ms. 
[21:38:40] [FINE   ] Enxugador pegou o prato #1385 do escorredor. 
[21:38:40] [FINE   ] Escorredor CHEIO! Quantidade de pratos: 10 
[21:38:40] [FINE   ] Lavador colocou o prato #1395 no escorredor. 
[21:38:40] [FINE   ] Lavador pegou o prato #1396 (Sujeira: ENGORDURADO) 
[21:38:40] [FINE   ] Enxugador terminou de secar o prato #1385 em 6ms. 
[21:38:40] [FINE   ] Enxugador pegou o prato #1386 do escorredor. 
[21:38:40] [FINE   ] Lavador terminou de lavar o prato #1396 
[21:38:40] [FINE   ] Enxugador terminou de secar o prato #1386 em 3ms. 
[21:38:40] [FINE   ] Escorredor CHEIO! Quantidade de pratos: 10 
[21:38:40] [FINE   ] Lavador colocou o prato #1396 no escorredor. 
[21:38:40] [FINE   ] Enxugador pegou o prato #1387 do escorredor. 
[21:38:40] [FINE   ] Lavador pegou o prato #1397 (Sujeira: MEDIO) 
[21:38:40] [FINE   ] Lavador terminou de lavar o prato #1397 
[21:38:40] [FINE   ] Escorredor CHEIO! Quantidade de pratos: 10 
[21:38:40] [FINE   ] Lavador colocou o prato #1397 no escorredor. 
[21:38:40] [FINE   ] Lavador pegou o prato #1398 (Sujeira: MEDIO) 
[21:38:40] [FINE   ] Enxugador terminou de secar o prato #1387 em 7ms. 
[21:38:40] [FINE   ] Enxugador pegou o prato #1388 do escorredor. 
[21:38:40] [FINE   ] Lavador terminou de lavar o prato #1398 
[21:38:40] [FINE   ] Escorredor CHEIO! Quantidade de pratos: 10 
[21:38:40] [FINE   ] Lavador colocou o prato #1398 no escorredor. 
[21:38:40] [FINE   ] Lavador pegou o prato #1399 (Sujeira: BAIXO) 
[21:38:40] [FINE   ] Lavador terminou de lavar o prato #1399 
[21:38:40] [FINE   ] Enxugador terminou de secar o prato #1388 em 7ms. 
[21:38:40] [FINE   ] Enxugador pegou o prato #1389 do escorredor. 
[21:38:40] [FINE   ] Escorredor CHEIO! Quantidade de pratos: 10 
[21:38:40] [FINE   ] Lavador colocou o prato #1399 no escorredor. 
[21:38:40] [FINE   ] Lavador pegou o prato #1400 (Sujeira: ENGORDURADO) 
[21:38:40] [FINE   ] Enxugador terminou de secar o prato #1389 em 3ms. 
[21:38:40] [FINE   ] Enxugador pegou o prato #1390 do escorredor. 
[21:38:40] [FINE   ] Lavador terminou de lavar o prato #1400 
[21:38:40] [FINE   ] Escorredor CHEIO! Quantidade de pratos: 10 
[21:38:40] [FINE   ] Lavador colocou o prato #1400 no escorredor. 
[21:38:40] [FINE   ] Lavador pegou o prato #1401 (Sujeira: MEDIO) 
[21:38:40] [FINE   ] Enxugador terminou de secar o prato #1390 em 7ms. 
[21:38:40] [FINE   ] Enxugador pegou o prato #1391 do escorredor. 
[21:38:40] [FINE   ] Lavador terminou de lavar o prato #1401 
[21:38:40] [FINE   ] Escorredor CHEIO! Quantidade de pratos: 10 
[21:38:40] [FINE   ] Lavador colocou o prato #1401 no escorredor. 
[21:38:40] [FINE   ] Lavador pegou o prato #1402 (Sujeira: MEDIO) 
[21:38:40] [FINE   ] Enxugador terminou de secar o prato #1391 em 5ms. 
[21:38:40] [FINE   ] Enxugador pegou o prato #1392 do escorredor. 
[21:38:40] [FINE   ] Lavador terminou de lavar o prato #1402 
[21:38:40] [FINE   ] Escorredor CHEIO! Quantidade de pratos: 10 
[21:38:40] [FINE   ] Lavador colocou o prato #1402 no escorredor. 
[21:38:40] [FINE   ] Lavador pegou o prato #1403 (Sujeira: BAIXO) 
[21:38:40] [FINE   ] Lavador terminou de lavar o prato #1403 
[21:38:40] [FINE   ] Enxugador terminou de secar o prato #1392 em 9ms. 
[21:38:40] [FINE   ] Enxugador pegou o prato #1393 do escorredor. 
[21:38:40] [FINE   ] Escorredor CHEIO! Quantidade de pratos: 10 
[21:38:40] [FINE   ] Lavador colocou o prato #1403 no escorredor. 
[21:38:40] [FINE   ] Lavador pegou o prato #1404 (Sujeira: BAIXO) 
[21:38:40] [FINE   ] Lavador terminou de lavar o prato #1404 
[21:38:40] [FINE   ] Enxugador terminou de secar o prato #1393 em 6ms. 
[21:38:40] [FINE   ] Enxugador pegou o prato #1394 do escorredor. 
[21:38:40] [FINE   ] Escorredor CHEIO! Quantidade de pratos: 10 
[21:38:40] [FINE   ] Lavador colocou o prato #1404 no escorredor. 
[21:38:40] [FINE   ] Lavador pegou o prato #1405 (Sujeira: BAIXO) 
[21:38:40] [FINE   ] Lavador terminou de lavar o prato #1405 
[21:38:40] [FINE   ] Enxugador terminou de secar o prato #1394 em 9ms. 
[21:38:40] [FINE   ] Enxugador pegou o prato #1395 do escorredor. 
[21:38:40] [FINE   ] Escorredor CHEIO! Quantidade de pratos: 10 
[21:38:40] [FINE   ] Lavador colocou o prato #1405 no escorredor. 
[21:38:40] [FINE   ] Lavador pegou o prato #1406 (Sujeira: MEDIO) 
[21:38:40] [FINE   ] Enxugador terminou de secar o prato #1395 em 3ms. 
[21:38:40] [FINE   ] Enxugador pegou o prato #1396 do escorredor. 
[21:38:40] [FINE   ] Lavador terminou de lavar o prato #1406 
[21:38:40] [FINE   ] Escorredor CHEIO! Quantidade de pratos: 10 
[21:38:40] [FINE   ] Lavador colocou o prato #1406 no escorredor. 
[21:38:40] [FINE   ] Lavador pegou o prato #1407 (Sujeira: MEDIO) 
[21:38:40] [FINE   ] Enxugador terminou de secar o prato #1396 em 5ms. 
[21:38:40] [FINE   ] Enxugador pegou o prato #1397 do escorredor. 
[21:38:40] [FINE   ] Lavador terminou de lavar o prato #1407 
[21:38:40] [FINE   ] Escorredor CHEIO! Quantidade de pratos: 10 
[21:38:40] [FINE   ] Lavador colocou o prato #1407 no escorredor. 
[21:38:40] [FINE   ] Lavador pegou o prato #1408 (Sujeira: MEDIO) 
[21:38:40] [FINE   ] Enxugador terminou de secar o prato #1397 em 5ms. 
[21:38:40] [FINE   ] Enxugador pegou o prato #1398 do escorredor. 
[21:38:40] [FINE   ] Lavador terminou de lavar o prato #1408 
[21:38:40] [FINE   ] Escorredor CHEIO! Quantidade de pratos: 10 
[21:38:40] [FINE   ] Lavador colocou o prato #1408 no escorredor. 
[21:38:40] [FINE   ] Lavador pegou o prato #1409 (Sujeira: ENGORDURADO) 
[21:38:40] [FINE   ] Enxugador terminou de secar o prato #1398 em 10ms. 
[21:38:40] [FINE   ] Enxugador pegou o prato #1399 do escorredor. 
[21:38:40] [FINE   ] Lavador terminou de lavar o prato #1409 
[21:38:40] [FINE   ] Escorredor CHEIO! Quantidade de pratos: 10 
[21:38:40] [FINE   ] Lavador colocou o prato #1409 no escorredor. 
[21:38:40] [FINE   ] Lavador pegou o prato #1410 (Sujeira: MEDIO) 
[21:38:40] [FINE   ] Enxugador terminou de secar o prato #1399 em 9ms. 
[21:38:40] [FINE   ] Enxugador pegou o prato #1400 do escorredor. 
[21:38:40] [FINE   ] Lavador terminou de lavar o prato #1410 
[21:38:40] [FINE   ] Escorredor CHEIO! Quantidade de pratos: 10 
[21:38:40] [FINE   ] Lavador colocou o prato #1410 no escorredor. 
[21:38:40] [FINE   ] Lavador pegou o prato #1411 (Sujeira: ENGORDURADO) 
[21:38:40] [FINE   ] Enxugador terminou de secar o prato #1400 em 3ms. 
[21:38:40] [FINE   ] Enxugador pegou o prato #1401 do escorredor. 
[21:38:40] [FINE   ] Enxugador terminou de secar o prato #1401 em 7ms. 
[21:38:40] [FINE   ] Enxugador pegou o prato #1402 do escorredor. 
[21:38:40] [FINE   ] Lavador terminou de lavar o prato #1411 
[21:38:40] [FINE   ] Lavador colocou o prato #1411 no escorredor. 
[21:38:40] [FINE   ] Lavador pegou o prato #1412 (Sujeira: MEDIO) 
[21:38:40] [FINE   ] Lavador terminou de lavar o prato #1412 
[21:38:40] [FINE   ] Enxugador terminou de secar o prato #1402 em 6ms. 
[21:38:40] [FINE   ] Escorredor CHEIO! Quantidade de pratos: 10 
[21:38:40] [FINE   ] Lavador colocou o prato #1412 no escorredor. 
[21:38:40] [FINE   ] Enxugador pegou o prato #1403 do escorredor. 
[21:38:40] [FINE   ] Lavador pegou o prato #1413 (Sujeira: MEDIO) 
[21:38:40] [FINE   ] Enxugador terminou de secar o prato #1403 em 3ms. 
[21:38:40] [FINE   ] Enxugador pegou o prato #1404 do escorredor. 
[21:38:40] [FINE   ] Lavador terminou de lavar o prato #1413 
[21:38:40] [FINE   ] Lavador colocou o prato #1413 no escorredor. 
[21:38:40] [FINE   ] Lavador pegou o prato #1414 (Sujeira: MEDIO) 
[21:38:40] [FINE   ] Enxugador terminou de secar o prato #1404 em 3ms. 
[21:38:40] [FINE   ] Enxugador pegou o prato #1405 do escorredor. 
[21:38:40] [FINE   ] Lavador terminou de lavar o prato #1414 
[21:38:40] [FINE   ] Lavador colocou o prato #1414 no escorredor. 
[21:38:40] [FINE   ] Lavador pegou o prato #1415 (Sujeira: MEDIO) 
[21:38:40] [FINE   ] Enxugador terminou de secar o prato #1405 em 9ms. 
[21:38:40] [FINE   ] Lavador terminou de lavar o prato #1415 
[21:38:40] [FINE   ] Enxugador pegou o prato #1406 do escorredor. 
[21:38:40] [FINE   ] Lavador colocou o prato #1415 no escorredor. 
[21:38:40] [FINE   ] Lavador pegou o prato #1416 (Sujeira: MEDIO) 
[21:38:40] [FINE   ] Lavador terminou de lavar o prato #1416 
[21:38:40] [FINE   ] Escorredor CHEIO! Quantidade de pratos: 10 
[21:38:40] [FINE   ] Lavador colocou o prato #1416 no escorredor. 
[21:38:40] [FINE   ] Lavador pegou o prato #1417 (Sujeira: MEDIO) 
[21:38:40] [FINE   ] Enxugador terminou de secar o prato #1406 em 6ms. 
[21:38:40] [FINE   ] Enxugador pegou o prato #1407 do escorredor. 
[21:38:40] [FINE   ] Lavador terminou de lavar o prato #1417 
[21:38:40] [FINE   ] Escorredor CHEIO! Quantidade de pratos: 10 
[21:38:40] [FINE   ] Lavador colocou o prato #1417 no escorredor. 
[21:38:40] [FINE   ] Lavador pegou o prato #1418 (Sujeira: MEDIO) 
[21:38:40] [FINE   ] Enxugador terminou de secar o prato #1407 em 7ms. 
[21:38:40] [FINE   ] Enxugador pegou o prato #1408 do escorredor. 
[21:38:40] [FINE   ] Lavador terminou de lavar o prato #1418 
[21:38:40] [FINE   ] Escorredor CHEIO! Quantidade de pratos: 10 
[21:38:40] [FINE   ] Lavador colocou o prato #1418 no escorredor. 
[21:38:40] [FINE   ] Lavador pegou o prato #1419 (Sujeira: MEDIO) 
[21:38:40] [FINE   ] Lavador terminou de lavar o prato #1419 
[21:38:40] [FINE   ] Enxugador terminou de secar o prato #1408 em 10ms. 
[21:38:40] [FINE   ] Enxugador pegou o prato #1409 do escorredor. 
[21:38:40] [FINE   ] Escorredor CHEIO! Quantidade de pratos: 10 
[21:38:40] [FINE   ] Lavador colocou o prato #1419 no escorredor. 
[21:38:40] [FINE   ] Lavador pegou o prato #1420 (Sujeira: BAIXO) 
[21:38:40] [FINE   ] Lavador terminou de lavar o prato #1420 
[21:38:40] [FINE   ] Enxugador terminou de secar o prato #1409 em 7ms. 
[21:38:40] [FINE   ] Enxugador pegou o prato #1410 do escorredor. 
[21:38:40] [FINE   ] Escorredor CHEIO! Quantidade de pratos: 10 
[21:38:40] [FINE   ] Lavador colocou o prato #1420 no escorredor. 
[21:38:40] [FINE   ] Lavador pegou o prato #1421 (Sujeira: MEDIO) 
[21:38:40] [FINE   ] Lavador terminou de lavar o prato #1421 
[21:38:40] [FINE   ] Enxugador terminou de secar o prato #1410 em 8ms. 
[21:38:40] [FINE   ] Enxugador pegou o prato #1411 do escorredor. 
[21:38:40] [FINE   ] Escorredor CHEIO! Quantidade de pratos: 10 
[21:38:40] [FINE   ] Lavador colocou o prato #1421 no escorredor. 
[21:38:40] [FINE   ] Lavador pegou o prato #1422 (Sujeira: MEDIO) 
[21:38:40] [FINE   ] Enxugador terminou de secar o prato #1411 em 5ms. 
[21:38:40] [FINE   ] Enxugador pegou o prato #1412 do escorredor. 
[21:38:40] [FINE   ] Lavador terminou de lavar o prato #1422 
[21:38:40] [FINE   ] Escorredor CHEIO! Quantidade de pratos: 10 
[21:38:40] [FINE   ] Lavador colocou o prato #1422 no escorredor. 
[21:38:40] [FINE   ] Lavador pegou o prato #1423 (Sujeira: MEDIO) 
[21:38:40] [FINE   ] Enxugador terminou de secar o prato #1412 em 5ms. 
[21:38:40] [FINE   ] Enxugador pegou o prato #1413 do escorredor. 
[21:38:40] [FINE   ] Lavador terminou de lavar o prato #1423 
[21:38:40] [FINE   ] Escorredor CHEIO! Quantidade de pratos: 10 
[21:38:40] [FINE   ] Lavador colocou o prato #1423 no escorredor. 
[21:38:40] [FINE   ] Lavador pegou o prato #1424 (Sujeira: MEDIO) 
[21:38:40] [FINE   ] Lavador terminou de lavar o prato #1424 
[21:38:40] [FINE   ] Enxugador terminou de secar o prato #1413 em 6ms. 
[21:38:40] [FINE   ] Enxugador pegou o prato #1414 do escorredor. 
[21:38:40] [FINE   ] Escorredor CHEIO! Quantidade de pratos: 10 
[21:38:40] [FINE   ] Lavador colocou o prato #1424 no escorredor. 
[21:38:40] [FINE   ] Lavador pegou o prato #1425 (Sujeira: MEDIO) 
[21:38:40] [FINE   ] Lavador terminou de lavar o prato #1425 
[21:38:40] [FINE   ] Enxugador terminou de secar o prato #1414 em 6ms. 
[21:38:40] [FINE   ] Enxugador pegou o prato #1415 do escorredor. 
[21:38:40] [FINE   ] Escorredor CHEIO! Quantidade de pratos: 10 
[21:38:40] [FINE   ] Lavador colocou o prato #1425 no escorredor. 
[21:38:40] [FINE   ] Lavador pegou o prato #1426 (Sujeira: MEDIO) 
[21:38:40] [FINE   ] Lavador terminou de lavar o prato #1426 
[21:38:40] [FINE   ] Enxugador terminou de secar o prato #1415 em 6ms. 
[21:38:40] [FINE   ] Enxugador pegou o prato #1416 do escorredor. 
[21:38:40] [FINE   ] Escorredor CHEIO! Quantidade de pratos: 10 
[21:38:40] [FINE   ] Lavador colocou o prato #1426 no escorredor. 
[21:38:40] [FINE   ] Lavador pegou o prato #1427 (Sujeira: MEDIO) 
[21:38:40] [FINE   ] Enxugador terminou de secar o prato #1416 em 4ms. 
[21:38:40] [FINE   ] Enxugador pegou o prato #1417 do escorredor. 
[21:38:40] [FINE   ] Lavador terminou de lavar o prato #1427 
[21:38:40] [FINE   ] Escorredor CHEIO! Quantidade de pratos: 10 
[21:38:40] [FINE   ] Lavador colocou o prato #1427 no escorredor. 
[21:38:40] [FINE   ] Lavador pegou o prato #1428 (Sujeira: MEDIO) 
[21:38:40] [FINE   ] Lavador terminou de lavar o prato #1428 
[21:38:40] [FINE   ] Enxugador terminou de secar o prato #1417 em 7ms. 
[21:38:40] [FINE   ] Enxugador pegou o prato #1418 do escorredor. 
[21:38:40] [FINE   ] Escorredor CHEIO! Quantidade de pratos: 10 
[21:38:40] [FINE   ] Lavador colocou o prato #1428 no escorredor. 
[21:38:40] [FINE   ] Lavador pegou o prato #1429 (Sujeira: BAIXO) 
[21:38:40] [FINE   ] Lavador terminou de lavar o prato #1429 
[21:38:40] [FINE   ] Enxugador terminou de secar o prato #1418 em 8ms. 
[21:38:40] [FINE   ] Enxugador pegou o prato #1419 do escorredor. 
[21:38:40] [FINE   ] Escorredor CHEIO! Quantidade de pratos: 10 
[21:38:40] [FINE   ] Lavador colocou o prato #1429 no escorredor. 
[21:38:40] [FINE   ] Lavador pegou o prato #1430 (Sujeira: MEDIO) 
[21:38:40] [FINE   ] Lavador terminou de lavar o prato #1430 
[21:38:40] [FINE   ] Enxugador terminou de secar o prato #1419 em 9ms. 
[21:38:40] [FINE   ] Enxugador pegou o prato #1420 do escorredor. 
[21:38:40] [FINE   ] Escorredor CHEIO! Quantidade de pratos: 10 
[21:38:40] [FINE   ] Lavador colocou o prato #1430 no escorredor. 
[21:38:40] [FINE   ] Lavador pegou o prato #1431 (Sujeira: BAIXO) 
[21:38:40] [FINE   ] Lavador terminou de lavar o prato #1431 
[21:38:40] [FINE   ] Enxugador terminou de secar o prato #1420 em 6ms. 
[21:38:40] [FINE   ] Enxugador pegou o prato #1421 do escorredor. 
[21:38:40] [FINE   ] Escorredor CHEIO! Quantidade de pratos: 10 
[21:38:40] [FINE   ] Lavador colocou o prato #1431 no escorredor. 
[21:38:40] [FINE   ] Lavador pegou o prato #1432 (Sujeira: MEDIO) 
[21:38:40] [FINE   ] Lavador terminou de lavar o prato #1432 
[21:38:40] [FINE   ] Enxugador terminou de secar o prato #1421 em 5ms. 
[21:38:40] [FINE   ] Enxugador pegou o prato #1422 do escorredor. 
[21:38:40] [FINE   ] Escorredor CHEIO! Quantidade de pratos: 10 
[21:38:40] [FINE   ] Lavador colocou o prato #1432 no escorredor. 
[21:38:40] [FINE   ] Lavador pegou o prato #1433 (Sujeira: MEDIO) 
[21:38:40] [FINE   ] Lavador terminou de lavar o prato #1433 
[21:38:40] [FINE   ] Enxugador terminou de secar o prato #1422 em 9ms. 
[21:38:40] [FINE   ] Enxugador pegou o prato #1423 do escorredor. 
[21:38:40] [FINE   ] Escorredor CHEIO! Quantidade de pratos: 10 
[21:38:40] [FINE   ] Lavador colocou o prato #1433 no escorredor. 
[21:38:40] [FINE   ] Lavador pegou o prato #1434 (Sujeira: BAIXO) 
[21:38:40] [FINE   ] Lavador terminou de lavar o prato #1434 
[21:38:40] [FINE   ] Enxugador terminou de secar o prato #1423 em 7ms. 
[21:38:40] [FINE   ] Escorredor CHEIO! Quantidade de pratos: 10 
[21:38:40] [FINE   ] Enxugador pegou o prato #1424 do escorredor. 
[21:38:40] [FINE   ] Lavador colocou o prato #1434 no escorredor. 
[21:38:40] [FINE   ] Lavador pegou o prato #1435 (Sujeira: MEDIO) 
[21:38:40] [FINE   ] Lavador terminou de lavar o prato #1435 
[21:38:40] [FINE   ] Enxugador terminou de secar o prato #1424 em 8ms. 
[21:38:40] [FINE   ] Enxugador pegou o prato #1425 do escorredor. 
[21:38:40] [FINE   ] Escorredor CHEIO! Quantidade de pratos: 10 
[21:38:40] [FINE   ] Lavador colocou o prato #1435 no escorredor. 
[21:38:40] [FINE   ] Lavador pegou o prato #1436 (Sujeira: MEDIO) 
[21:38:40] [FINE   ] Enxugador terminou de secar o prato #1425 em 4ms. 
[21:38:40] [FINE   ] Enxugador pegou o prato #1426 do escorredor. 
[21:38:40] [FINE   ] Lavador terminou de lavar o prato #1436 
[21:38:40] [FINE   ] Escorredor CHEIO! Quantidade de pratos: 10 
[21:38:40] [FINE   ] Lavador colocou o prato #1436 no escorredor. 
[21:38:40] [FINE   ] Lavador pegou o prato #1437 (Sujeira: MEDIO) 
[21:38:40] [FINE   ] Enxugador terminou de secar o prato #1426 em 4ms. 
[21:38:40] [FINE   ] Enxugador pegou o prato #1427 do escorredor. 
[21:38:40] [FINE   ] Lavador terminou de lavar o prato #1437 
[21:38:40] [FINE   ] Escorredor CHEIO! Quantidade de pratos: 10 
[21:38:40] [FINE   ] Lavador colocou o prato #1437 no escorredor. 
[21:38:40] [FINE   ] Lavador pegou o prato #1438 (Sujeira: MEDIO) 
[21:38:40] [FINE   ] Enxugador terminou de secar o prato #1427 em 6ms. 
[21:38:40] [FINE   ] Enxugador pegou o prato #1428 do escorredor. 
[21:38:40] [FINE   ] Lavador terminou de lavar o prato #1438 
[21:38:40] [FINE   ] Escorredor CHEIO! Quantidade de pratos: 10 
[21:38:40] [FINE   ] Lavador colocou o prato #1438 no escorredor. 
[21:38:40] [FINE   ] Lavador pegou o prato #1439 (Sujeira: BAIXO) 
[21:38:40] [FINE   ] Lavador terminou de lavar o prato #1439 
[21:38:40] [FINE   ] Enxugador terminou de secar o prato #1428 em 8ms. 
[21:38:40] [FINE   ] Enxugador pegou o prato #1429 do escorredor. 
[21:38:40] [FINE   ] Escorredor CHEIO! Quantidade de pratos: 10 
[21:38:40] [FINE   ] Lavador colocou o prato #1439 no escorredor. 
[21:38:40] [FINE   ] Lavador pegou o prato #1440 (Sujeira: MEDIO) 
[21:38:40] [FINE   ] Enxugador terminou de secar o prato #1429 em 4ms. 
[21:38:40] [FINE   ] Enxugador pegou o prato #1430 do escorredor. 
[21:38:40] [FINE   ] Lavador terminou de lavar o prato #1440 
[21:38:40] [FINE   ] Escorredor CHEIO! Quantidade de pratos: 10 
[21:38:40] [FINE   ] Lavador colocou o prato #1440 no escorredor. 
[21:38:40] [FINE   ] Lavador pegou o prato #1441 (Sujeira: MEDIO) 
[21:38:40] [FINE   ] Enxugador terminou de secar o prato #1430 em 5ms. 
[21:38:40] [FINE   ] Enxugador pegou o prato #1431 do escorredor. 
[21:38:40] [FINE   ] Lavador terminou de lavar o prato #1441 
[21:38:40] [FINE   ] Escorredor CHEIO! Quantidade de pratos: 10 
[21:38:40] [FINE   ] Lavador colocou o prato #1441 no escorredor. 
[21:38:40] [FINE   ] Lavador pegou o prato #1442 (Sujeira: MEDIO) 
[21:38:40] [FINE   ] Enxugador terminou de secar o prato #1431 em 4ms. 
[21:38:40] [FINE   ] Enxugador pegou o prato #1432 do escorredor. 
[21:38:40] [FINE   ] Lavador terminou de lavar o prato #1442 
[21:38:40] [FINE   ] Escorredor CHEIO! Quantidade de pratos: 10 
[21:38:40] [FINE   ] Lavador colocou o prato #1442 no escorredor. 
[21:38:40] [FINE   ] Lavador pegou o prato #1443 (Sujeira: BAIXO) 
[21:38:40] [FINE   ] Enxugador terminou de secar o prato #1432 em 5ms. 
[21:38:40] [FINE   ] Enxugador pegou o prato #1433 do escorredor. 
[21:38:40] [FINE   ] Lavador terminou de lavar o prato #1443 
[21:38:40] [FINE   ] Escorredor CHEIO! Quantidade de pratos: 10 
[21:38:40] [FINE   ] Lavador colocou o prato #1443 no escorredor. 
[21:38:40] [FINE   ] Lavador pegou o prato #1444 (Sujeira: ENGORDURADO) 
[21:38:40] [FINE   ] Enxugador terminou de secar o prato #1433 em 6ms. 
[21:38:40] [FINE   ] Enxugador pegou o prato #1434 do escorredor. 
[21:38:40] [FINE   ] Lavador terminou de lavar o prato #1444 
[21:38:40] [FINE   ] Escorredor CHEIO! Quantidade de pratos: 10 
[21:38:40] [FINE   ] Lavador colocou o prato #1444 no escorredor. 
[21:38:40] [FINE   ] Lavador pegou o prato #1445 (Sujeira: MEDIO) 
[21:38:40] [FINE   ] Lavador terminou de lavar o prato #1445 
[21:38:40] [FINE   ] Enxugador terminou de secar o prato #1434 em 10ms. 
[21:38:40] [FINE   ] Enxugador pegou o prato #1435 do escorredor. 
[21:38:40] [FINE   ] Escorredor CHEIO! Quantidade de pratos: 10 
[21:38:40] [FINE   ] Lavador colocou o prato #1445 no escorredor. 
[21:38:40] [FINE   ] Lavador pegou o prato #1446 (Sujeira: MEDIO) 
[21:38:40] [FINE   ] Enxugador terminou de secar o prato #1435 em 3ms. 
[21:38:40] [FINE   ] Enxugador pegou o prato #1436 do escorredor. 
[21:38:40] [FINE   ] Lavador terminou de lavar o prato #1446 
[21:38:40] [FINE   ] Escorredor CHEIO! Quantidade de pratos: 10 
[21:38:40] [FINE   ] Lavador colocou o prato #1446 no escorredor. 
[21:38:40] [FINE   ] Lavador pegou o prato #1447 (Sujeira: MEDIO) 
[21:38:40] [FINE   ] Enxugador terminou de secar o prato #1436 em 3ms. 
[21:38:40] [FINE   ] Enxugador pegou o prato #1437 do escorredor. 
[21:38:40] [FINE   ] Lavador terminou de lavar o prato #1447 
[21:38:40] [FINE   ] Escorredor CHEIO! Quantidade de pratos: 10 
[21:38:40] [FINE   ] Lavador colocou o prato #1447 no escorredor. 
[21:38:40] [FINE   ] Lavador pegou o prato #1448 (Sujeira: MEDIO) 
[21:38:40] [FINE   ] Lavador terminou de lavar o prato #1448 
[21:38:40] [FINE   ] Enxugador terminou de secar o prato #1437 em 9ms. 
[21:38:40] [FINE   ] Enxugador pegou o prato #1438 do escorredor. 
[21:38:40] [FINE   ] Escorredor CHEIO! Quantidade de pratos: 10 
[21:38:40] [FINE   ] Lavador colocou o prato #1448 no escorredor. 
[21:38:40] [FINE   ] Lavador pegou o prato #1449 (Sujeira: BAIXO) 
[21:38:40] [FINE   ] Lavador terminou de lavar o prato #1449 
[21:38:40] [FINE   ] Enxugador terminou de secar o prato #1438 em 7ms. 
[21:38:40] [FINE   ] Enxugador pegou o prato #1439 do escorredor. 
[21:38:40] [FINE   ] Escorredor CHEIO! Quantidade de pratos: 10 
[21:38:40] [FINE   ] Lavador colocou o prato #1449 no escorredor. 
[21:38:40] [FINE   ] Lavador pegou o prato #1450 (Sujeira: BAIXO) 
[21:38:40] [FINE   ] Lavador terminou de lavar o prato #1450 
[21:38:40] [FINE   ] Enxugador terminou de secar o prato #1439 em 3ms. 
[21:38:40] [FINE   ] Enxugador pegou o prato #1440 do escorredor. 
[21:38:40] [FINE   ] Escorredor CHEIO! Quantidade de pratos: 10 
[21:38:40] [FINE   ] Lavador colocou o prato #1450 no escorredor. 
[21:38:40] [FINE   ] Lavador pegou o prato #1451 (Sujeira: ENGORDURADO) 
[21:38:40] [FINE   ] Lavador terminou de lavar o prato #1451 
[21:38:40] [FINE   ] Enxugador terminou de secar o prato #1440 em 10ms. 
[21:38:40] [FINE   ] Enxugador pegou o prato #1441 do escorredor. 
[21:38:40] [FINE   ] Escorredor CHEIO! Quantidade de pratos: 10 
[21:38:40] [FINE   ] Lavador colocou o prato #1451 no escorredor. 
[21:38:40] [FINE   ] Lavador pegou o prato #1452 (Sujeira: BAIXO) 
[21:38:40] [FINE   ] Lavador terminou de lavar o prato #1452 
[21:38:40] [FINE   ] Enxugador terminou de secar o prato #1441 em 7ms. 
[21:38:40] [FINE   ] Enxugador pegou o prato #1442 do escorredor. 
[21:38:40] [FINE   ] Escorredor CHEIO! Quantidade de pratos: 10 
[21:38:40] [FINE   ] Lavador colocou o prato #1452 no escorredor. 
[21:38:40] [FINE   ] Lavador pegou o prato #1453 (Sujeira: ENGORDURADO) 
[21:38:40] [FINE   ] Enxugador terminou de secar o prato #1442 em 6ms. 
[21:38:40] [FINE   ] Enxugador pegou o prato #1443 do escorredor. 
[21:38:40] [FINE   ] Enxugador terminou de secar o prato #1443 em 4ms. 
[21:38:40] [FINE   ] Lavador terminou de lavar o prato #1453 
[21:38:40] [FINE   ] Lavador colocou o prato #1453 no escorredor. 
[21:38:40] [FINE   ] Enxugador pegou o prato #1444 do escorredor. 
[21:38:40] [FINE   ] Lavador pegou o prato #1454 (Sujeira: MEDIO) 
[21:38:40] [FINE   ] Enxugador terminou de secar o prato #1444 em 3ms. 
[21:38:40] [FINE   ] Enxugador pegou o prato #1445 do escorredor. 
[21:38:40] [FINE   ] Lavador terminou de lavar o prato #1454 
[21:38:40] [FINE   ] Lavador colocou o prato #1454 no escorredor. 
[21:38:40] [FINE   ] Lavador pegou o prato #1455 (Sujeira: MEDIO) 
[21:38:40] [FINE   ] Enxugador terminou de secar o prato #1445 em 5ms. 
[21:38:40] [FINE   ] Enxugador pegou o prato #1446 do escorredor. 
[21:38:40] [FINE   ] Lavador terminou de lavar o prato #1455 
[21:38:40] [FINE   ] Lavador colocou o prato #1455 no escorredor. 
[21:38:40] [FINE   ] Lavador pegou o prato #1456 (Sujeira: MEDIO) 
[21:38:40] [FINE   ] Enxugador terminou de secar o prato #1446 em 7ms. 
[21:38:40] [FINE   ] Enxugador pegou o prato #1447 do escorredor. 
[21:38:40] [FINE   ] Lavador terminou de lavar o prato #1456 
[21:38:40] [FINE   ] Lavador colocou o prato #1456 no escorredor. 
[21:38:40] [FINE   ] Lavador pegou o prato #1457 (Sujeira: BAIXO) 
[21:38:40] [FINE   ] Enxugador terminou de secar o prato #1447 em 3ms. 
[21:38:40] [FINE   ] Enxugador pegou o prato #1448 do escorredor. 
[21:38:40] [FINE   ] Lavador terminou de lavar o prato #1457 
[21:38:40] [FINE   ] Lavador colocou o prato #1457 no escorredor. 
[21:38:40] [FINE   ] Lavador pegou o prato #1458 (Sujeira: BAIXO) 
[21:38:40] [FINE   ] Lavador terminou de lavar o prato #1458 
[21:38:40] [FINE   ] Escorredor CHEIO! Quantidade de pratos: 10 
[21:38:40] [FINE   ] Lavador colocou o prato #1458 no escorredor. 
[21:38:40] [FINE   ] Lavador pegou o prato #1459 (Sujeira: BAIXO) 
[21:38:40] [FINE   ] Lavador terminou de lavar o prato #1459 
[21:38:40] [FINE   ] Enxugador terminou de secar o prato #1448 em 10ms. 
[21:38:40] [FINE   ] Escorredor CHEIO! Quantidade de pratos: 10 
[21:38:40] [FINE   ] Enxugador pegou o prato #1449 do escorredor. 
[21:38:40] [FINE   ] Lavador colocou o prato #1459 no escorredor. 
[21:38:40] [FINE   ] Lavador pegou o prato #1460 (Sujeira: BAIXO) 
[21:38:40] [FINE   ] Lavador terminou de lavar o prato #1460 
[21:38:40] [FINE   ] Enxugador terminou de secar o prato #1449 em 10ms. 
[21:38:40] [FINE   ] Enxugador pegou o prato #1450 do escorredor. 
[21:38:40] [FINE   ] Escorredor CHEIO! Quantidade de pratos: 10 
[21:38:40] [FINE   ] Lavador colocou o prato #1460 no escorredor. 
[21:38:40] [FINE   ] Lavador pegou o prato #1461 (Sujeira: MEDIO) 
[21:38:40] [FINE   ] Lavador terminou de lavar o prato #1461 
[21:38:40] [FINE   ] Enxugador terminou de secar o prato #1450 em 8ms. 
[21:38:40] [FINE   ] Enxugador pegou o prato #1451 do escorredor. 
[21:38:40] [FINE   ] Escorredor CHEIO! Quantidade de pratos: 10 
[21:38:40] [FINE   ] Lavador colocou o prato #1461 no escorredor. 
[21:38:40] [FINE   ] Lavador pegou o prato #1462 (Sujeira: BAIXO) 
[21:38:40] [FINE   ] Lavador terminou de lavar o prato #1462 
[21:38:40] [FINE   ] Enxugador terminou de secar o prato #1451 em 6ms. 
[21:38:40] [FINE   ] Escorredor CHEIO! Quantidade de pratos: 10 
[21:38:40] [FINE   ] Lavador colocou o prato #1462 no escorredor. 
[21:38:40] [FINE   ] Lavador pegou o prato #1463 (Sujeira: MEDIO) 
[21:38:40] [FINE   ] Enxugador pegou o prato #1452 do escorredor. 
[21:38:40] [FINE   ] Enxugador terminou de secar o prato #1452 em 5ms. 
[21:38:40] [FINE   ] Enxugador pegou o prato #1453 do escorredor. 
[21:38:40] [FINE   ] Lavador terminou de lavar o prato #1463 
[21:38:40] [FINE   ] Escorredor CHEIO! Quantidade de pratos: 10 
[21:38:40] [FINE   ] Lavador colocou o prato #1463 no escorredor. 
[21:38:40] [FINE   ] Lavador pegou o prato #1464 (Sujeira: MEDIO) 
[21:38:40] [FINE   ] Enxugador terminou de secar o prato #1453 em 4ms. 
[21:38:40] [FINE   ] Enxugador pegou o prato #1454 do escorredor. 
[21:38:40] [FINE   ] Lavador terminou de lavar o prato #1464 
[21:38:40] [FINE   ] Escorredor CHEIO! Quantidade de pratos: 10 
[21:38:40] [FINE   ] Lavador colocou o prato #1464 no escorredor. 
[21:38:40] [FINE   ] Lavador pegou o prato #1465 (Sujeira: BAIXO) 
[21:38:40] [FINE   ] Lavador terminou de lavar o prato #1465 
[21:38:40] [FINE   ] Enxugador terminou de secar o prato #1454 em 6ms. 
[21:38:40] [FINE   ] Enxugador pegou o prato #1455 do escorredor. 
[21:38:40] [FINE   ] Escorredor CHEIO! Quantidade de pratos: 10 
[21:38:40] [FINE   ] Lavador colocou o prato #1465 no escorredor. 
[21:38:40] [FINE   ] Lavador pegou o prato #1466 (Sujeira: BAIXO) 
[21:38:40] [FINE   ] Lavador terminou de lavar o prato #1466 
[21:38:40] [FINE   ] Enxugador terminou de secar o prato #1455 em 8ms. 
[21:38:40] [FINE   ] Enxugador pegou o prato #1456 do escorredor. 
[21:38:40] [FINE   ] Escorredor CHEIO! Quantidade de pratos: 10 
[21:38:40] [FINE   ] Lavador colocou o prato #1466 no escorredor. 
[21:38:40] [FINE   ] Lavador pegou o prato #1467 (Sujeira: BAIXO) 
[21:38:40] [FINE   ] Lavador terminou de lavar o prato #1467 
[21:38:40] [FINE   ] Enxugador terminou de secar o prato #1456 em 6ms. 
[21:38:40] [FINE   ] Enxugador pegou o prato #1457 do escorredor. 
[21:38:40] [FINE   ] Escorredor CHEIO! Quantidade de pratos: 10 
[21:38:40] [FINE   ] Lavador colocou o prato #1467 no escorredor. 
[21:38:40] [FINE   ] Lavador pegou o prato #1468 (Sujeira: BAIXO) 
[21:38:40] [FINE   ] Lavador terminou de lavar o prato #1468 
[21:38:40] [FINE   ] Enxugador terminou de secar o prato #1457 em 6ms. 
[21:38:40] [FINE   ] Enxugador pegou o prato #1458 do escorredor. 
[21:38:40] [FINE   ] Escorredor CHEIO! Quantidade de pratos: 10 
[21:38:40] [FINE   ] Lavador colocou o prato #1468 no escorredor. 
[21:38:40] [FINE   ] Lavador pegou o prato #1469 (Sujeira: MEDIO) 
[21:38:40] [FINE   ] Lavador terminou de lavar o prato #1469 
[21:38:40] [FINE   ] Enxugador terminou de secar o prato #1458 em 6ms. 
[21:38:40] [FINE   ] Enxugador pegou o prato #1459 do escorredor. 
[21:38:40] [FINE   ] Escorredor CHEIO! Quantidade de pratos: 10 
[21:38:40] [FINE   ] Lavador colocou o prato #1469 no escorredor. 
[21:38:40] [FINE   ] Lavador pegou o prato #1470 (Sujeira: MEDIO) 
[21:38:40] [FINE   ] Lavador terminou de lavar o prato #1470 
[21:38:40] [FINE   ] Enxugador terminou de secar o prato #1459 em 10ms. 
[21:38:40] [FINE   ] Enxugador pegou o prato #1460 do escorredor. 
[21:38:40] [FINE   ] Escorredor CHEIO! Quantidade de pratos: 10 
[21:38:40] [FINE   ] Lavador colocou o prato #1470 no escorredor. 
[21:38:40] [FINE   ] Lavador pegou o prato #1471 (Sujeira: BAIXO) 
[21:38:40] [FINE   ] Lavador terminou de lavar o prato #1471 
[21:38:40] [FINE   ] Enxugador terminou de secar o prato #1460 em 8ms. 
[21:38:40] [FINE   ] Enxugador pegou o prato #1461 do escorredor. 
[21:38:40] [FINE   ] Escorredor CHEIO! Quantidade de pratos: 10 
[21:38:40] [FINE   ] Lavador colocou o prato #1471 no escorredor. 
[21:38:40] [FINE   ] Lavador pegou o prato #1472 (Sujeira: MEDIO) 
[21:38:40] [FINE   ] Lavador terminou de lavar o prato #1472 
[21:38:40] [FINE   ] Enxugador terminou de secar o prato #1461 em 9ms. 
[21:38:40] [FINE   ] Enxugador pegou o prato #1462 do escorredor. 
[21:38:40] [FINE   ] Escorredor CHEIO! Quantidade de pratos: 10 
[21:38:40] [FINE   ] Lavador colocou o prato #1472 no escorredor. 
[21:38:40] [FINE   ] Lavador pegou o prato #1473 (Sujeira: MEDIO) 
[21:38:40] [FINE   ] Enxugador terminou de secar o prato #1462 em 4ms. 
[21:38:40] [FINE   ] Enxugador pegou o prato #1463 do escorredor. 
[21:38:40] [FINE   ] Lavador terminou de lavar o prato #1473 
[21:38:40] [FINE   ] Escorredor CHEIO! Quantidade de pratos: 10 
[21:38:40] [FINE   ] Lavador colocou o prato #1473 no escorredor. 
[21:38:40] [FINE   ] Lavador pegou o prato #1474 (Sujeira: MEDIO) 
[21:38:40] [FINE   ] Enxugador terminou de secar o prato #1463 em 6ms. 
[21:38:40] [FINE   ] Enxugador pegou o prato #1464 do escorredor. 
[21:38:40] [FINE   ] Lavador terminou de lavar o prato #1474 
[21:38:40] [FINE   ] Escorredor CHEIO! Quantidade de pratos: 10 
[21:38:40] [FINE   ] Lavador colocou o prato #1474 no escorredor. 
[21:38:40] [FINE   ] Lavador pegou o prato #1475 (Sujeira: BAIXO) 
[21:38:40] [FINE   ] Lavador terminou de lavar o prato #1475 
[21:38:40] [FINE   ] Enxugador terminou de secar o prato #1464 em 5ms. 
[21:38:40] [FINE   ] Enxugador pegou o prato #1465 do escorredor. 
[21:38:40] [FINE   ] Escorredor CHEIO! Quantidade de pratos: 10 
[21:38:40] [FINE   ] Lavador colocou o prato #1475 no escorredor. 
[21:38:40] [FINE   ] Lavador pegou o prato #1476 (Sujeira: MEDIO) 
[21:38:40] [FINE   ] Enxugador terminou de secar o prato #1465 em 3ms. 
[21:38:40] [FINE   ] Enxugador pegou o prato #1466 do escorredor. 
[21:38:40] [FINE   ] Lavador terminou de lavar o prato #1476 
[21:38:40] [FINE   ] Escorredor CHEIO! Quantidade de pratos: 10 
[21:38:40] [FINE   ] Lavador colocou o prato #1476 no escorredor. 
[21:38:40] [FINE   ] Lavador pegou o prato #1477 (Sujeira: MEDIO) 
[21:38:40] [FINE   ] Enxugador terminou de secar o prato #1466 em 3ms. 
[21:38:40] [FINE   ] Enxugador pegou o prato #1467 do escorredor. 
[21:38:40] [FINE   ] Lavador terminou de lavar o prato #1477 
[21:38:40] [FINE   ] Escorredor CHEIO! Quantidade de pratos: 10 
[21:38:40] [FINE   ] Lavador colocou o prato #1477 no escorredor. 
[21:38:40] [FINE   ] Lavador pegou o prato #1478 (Sujeira: BAIXO) 
[21:38:40] [FINE   ] Enxugador terminou de secar o prato #1467 em 5ms. 
[21:38:40] [FINE   ] Enxugador pegou o prato #1468 do escorredor. 
[21:38:40] [FINE   ] Lavador terminou de lavar o prato #1478 
[21:38:40] [FINE   ] Escorredor CHEIO! Quantidade de pratos: 10 
[21:38:40] [FINE   ] Lavador colocou o prato #1478 no escorredor. 
[21:38:40] [FINE   ] Lavador pegou o prato #1479 (Sujeira: BAIXO) 
[21:38:40] [FINE   ] Lavador terminou de lavar o prato #1479 
[21:38:40] [FINE   ] Enxugador terminou de secar o prato #1468 em 6ms. 
[21:38:40] [FINE   ] Enxugador pegou o prato #1469 do escorredor. 
[21:38:40] [FINE   ] Escorredor CHEIO! Quantidade de pratos: 10 
[21:38:40] [FINE   ] Lavador colocou o prato #1479 no escorredor. 
[21:38:40] [FINE   ] Lavador pegou o prato #1480 (Sujeira: MEDIO) 
[21:38:40] [FINE   ] Lavador terminou de lavar o prato #1480 
[21:38:40] [FINE   ] Enxugador terminou de secar o prato #1469 em 8ms. 
[21:38:40] [FINE   ] Enxugador pegou o prato #1470 do escorredor. 
[21:38:40] [FINE   ] Escorredor CHEIO! Quantidade de pratos: 10 
[21:38:40] [FINE   ] Lavador colocou o prato #1480 no escorredor. 
[21:38:40] [FINE   ] Lavador pegou o prato #1481 (Sujeira: BAIXO) 
[21:38:40] [FINE   ] Lavador terminou de lavar o prato #1481 
[21:38:40] [FINE   ] Enxugador terminou de secar o prato #1470 em 9ms. 
[21:38:40] [FINE   ] Enxugador pegou o prato #1471 do escorredor. 
[21:38:40] [FINE   ] Escorredor CHEIO! Quantidade de pratos: 10 
[21:38:40] [FINE   ] Lavador colocou o prato #1481 no escorredor. 
[21:38:40] [FINE   ] Lavador pegou o prato #1482 (Sujeira: BAIXO) 
[21:38:40] [FINE   ] Lavador terminou de lavar o prato #1482 
[21:38:40] [FINE   ] Enxugador terminou de secar o prato #1471 em 5ms. 
[21:38:40] [FINE   ] Enxugador pegou o prato #1472 do escorredor. 
[21:38:40] [FINE   ] Escorredor CHEIO! Quantidade de pratos: 10 
[21:38:40] [FINE   ] Lavador colocou o prato #1482 no escorredor. 
[21:38:40] [FINE   ] Lavador pegou o prato #1483 (Sujeira: ENGORDURADO) 
[21:38:40] [FINE   ] Enxugador terminou de secar o prato #1472 em 7ms. 
[21:38:40] [FINE   ] Enxugador pegou o prato #1473 do escorredor. 
[21:38:40] [FINE   ] Lavador terminou de lavar o prato #1483 
[21:38:40] [FINE   ] Escorredor CHEIO! Quantidade de pratos: 10 
[21:38:40] [FINE   ] Lavador colocou o prato #1483 no escorredor. 
[21:38:40] [FINE   ] Lavador pegou o prato #1484 (Sujeira: BAIXO) 
[21:38:40] [FINE   ] Lavador terminou de lavar o prato #1484 
[21:38:40] [FINE   ] Enxugador terminou de secar o prato #1473 em 6ms. 
[21:38:40] [FINE   ] Enxugador pegou o prato #1474 do escorredor. 
[21:38:40] [FINE   ] Escorredor CHEIO! Quantidade de pratos: 10 
[21:38:40] [FINE   ] Lavador colocou o prato #1484 no escorredor. 
[21:38:40] [FINE   ] Lavador pegou o prato #1485 (Sujeira: BAIXO) 
[21:38:41] [FINE   ] Lavador terminou de lavar o prato #1485 
[21:38:41] [FINE   ] Enxugador terminou de secar o prato #1474 em 9ms. 
[21:38:41] [FINE   ] Enxugador pegou o prato #1475 do escorredor. 
[21:38:41] [FINE   ] Escorredor CHEIO! Quantidade de pratos: 10 
[21:38:41] [FINE   ] Lavador colocou o prato #1485 no escorredor. 
[21:38:41] [FINE   ] Lavador pegou o prato #1486 (Sujeira: BAIXO) 
[21:38:41] [FINE   ] Lavador terminou de lavar o prato #1486 
[21:38:41] [FINE   ] Enxugador terminou de secar o prato #1475 em 4ms. 
[21:38:41] [FINE   ] Enxugador pegou o prato #1476 do escorredor. 
[21:38:41] [FINE   ] Escorredor CHEIO! Quantidade de pratos: 10 
[21:38:41] [FINE   ] Lavador colocou o prato #1486 no escorredor. 
[21:38:41] [FINE   ] Lavador pegou o prato #1487 (Sujeira: MEDIO) 
[21:38:41] [FINE   ] Lavador terminou de lavar o prato #1487 
[21:38:41] [FINE   ] Enxugador terminou de secar o prato #1476 em 8ms. 
[21:38:41] [FINE   ] Enxugador pegou o prato #1477 do escorredor. 
[21:38:41] [FINE   ] Escorredor CHEIO! Quantidade de pratos: 10 
[21:38:41] [FINE   ] Lavador colocou o prato #1487 no escorredor. 
[21:38:41] [FINE   ] Lavador pegou o prato #1488 (Sujeira: MEDIO) 
[21:38:41] [FINE   ] Lavador terminou de lavar o prato #1488 
[21:38:41] [FINE   ] Enxugador terminou de secar o prato #1477 em 6ms. 
[21:38:41] [FINE   ] Enxugador pegou o prato #1478 do escorredor. 
[21:38:41] [FINE   ] Escorredor CHEIO! Quantidade de pratos: 10 
[21:38:41] [FINE   ] Lavador colocou o prato #1488 no escorredor. 
[21:38:41] [FINE   ] Lavador pegou o prato #1489 (Sujeira: BAIXO) 
[21:38:41] [FINE   ] Lavador terminou de lavar o prato #1489 
[21:38:41] [FINE   ] Enxugador terminou de secar o prato #1478 em 9ms. 
[21:38:41] [FINE   ] Enxugador pegou o prato #1479 do escorredor. 
[21:38:41] [FINE   ] Escorredor CHEIO! Quantidade de pratos: 10 
[21:38:41] [FINE   ] Lavador colocou o prato #1489 no escorredor. 
[21:38:41] [FINE   ] Lavador pegou o prato #1490 (Sujeira: MEDIO) 
[21:38:41] [FINE   ] Lavador terminou de lavar o prato #1490 
[21:38:41] [FINE   ] Enxugador terminou de secar o prato #1479 em 10ms. 
[21:38:41] [FINE   ] Enxugador pegou o prato #1480 do escorredor. 
[21:38:41] [FINE   ] Escorredor CHEIO! Quantidade de pratos: 10 
[21:38:41] [FINE   ] Lavador colocou o prato #1490 no escorredor. 
[21:38:41] [FINE   ] Lavador pegou o prato #1491 (Sujeira: ENGORDURADO) 
[21:38:41] [FINE   ] Enxugador terminou de secar o prato #1480 em 8ms. 
[21:38:41] [FINE   ] Enxugador pegou o prato #1481 do escorredor. 
[21:38:41] [FINE   ] Lavador terminou de lavar o prato #1491 
[21:38:41] [FINE   ] Escorredor CHEIO! Quantidade de pratos: 10 
[21:38:41] [FINE   ] Lavador colocou o prato #1491 no escorredor. 
[21:38:41] [FINE   ] Lavador pegou o prato #1492 (Sujeira: MEDIO) 
[21:38:41] [FINE   ] Enxugador terminou de secar o prato #1481 em 6ms. 
[21:38:41] [FINE   ] Enxugador pegou o prato #1482 do escorredor. 
[21:38:41] [FINE   ] Lavador terminou de lavar o prato #1492 
[21:38:41] [FINE   ] Escorredor CHEIO! Quantidade de pratos: 10 
[21:38:41] [FINE   ] Lavador colocou o prato #1492 no escorredor. 
[21:38:41] [FINE   ] Lavador pegou o prato #1493 (Sujeira: MEDIO) 
[21:38:41] [FINE   ] Enxugador terminou de secar o prato #1482 em 3ms. 
[21:38:41] [FINE   ] Enxugador pegou o prato #1483 do escorredor. 
[21:38:41] [FINE   ] Lavador terminou de lavar o prato #1493 
[21:38:41] [FINE   ] Escorredor CHEIO! Quantidade de pratos: 10 
[21:38:41] [FINE   ] Lavador colocou o prato #1493 no escorredor. 
[21:38:41] [FINE   ] Lavador pegou o prato #1494 (Sujeira: BAIXO) 
[21:38:41] [FINE   ] Lavador terminou de lavar o prato #1494 
[21:38:41] [FINE   ] Enxugador terminou de secar o prato #1483 em 8ms. 
[21:38:41] [FINE   ] Enxugador pegou o prato #1484 do escorredor. 
[21:38:41] [FINE   ] Escorredor CHEIO! Quantidade de pratos: 10 
[21:38:41] [FINE   ] Lavador colocou o prato #1494 no escorredor. 
[21:38:41] [FINE   ] Lavador pegou o prato #1495 (Sujeira: MEDIO) 
[21:38:41] [FINE   ] Lavador terminou de lavar o prato #1495 
[21:38:41] [FINE   ] Enxugador terminou de secar o prato #1484 em 7ms. 
[21:38:41] [FINE   ] Enxugador pegou o prato #1485 do escorredor. 
[21:38:41] [FINE   ] Escorredor CHEIO! Quantidade de pratos: 10 
[21:38:41] [FINE   ] Lavador colocou o prato #1495 no escorredor. 
[21:38:41] [FINE   ] Lavador pegou o prato #1496 (Sujeira: MEDIO) 
[21:38:41] [FINE   ] Enxugador terminou de secar o prato #1485 em 6ms. 
[21:38:41] [FINE   ] Lavador terminou de lavar o prato #1496 
[21:38:41] [FINE   ] Enxugador pegou o prato #1486 do escorredor. 
[21:38:41] [FINE   ] Escorredor CHEIO! Quantidade de pratos: 10 
[21:38:41] [FINE   ] Lavador colocou o prato #1496 no escorredor. 
[21:38:41] [FINE   ] Lavador pegou o prato #1497 (Sujeira: ENGORDURADO) 
[21:38:41] [FINE   ] Enxugador terminou de secar o prato #1486 em 5ms. 
[21:38:41] [FINE   ] Enxugador pegou o prato #1487 do escorredor. 
[21:38:41] [FINE   ] Lavador terminou de lavar o prato #1497 
[21:38:41] [FINE   ] Escorredor CHEIO! Quantidade de pratos: 10 
[21:38:41] [FINE   ] Lavador colocou o prato #1497 no escorredor. 
[21:38:41] [FINE   ] Lavador pegou o prato #1498 (Sujeira: MEDIO) 
[21:38:41] [FINE   ] Enxugador terminou de secar o prato #1487 em 5ms. 
[21:38:41] [FINE   ] Enxugador pegou o prato #1488 do escorredor. 
[21:38:41] [FINE   ] Enxugador terminou de secar o prato #1488 em 4ms. 
[21:38:41] [FINE   ] Enxugador pegou o prato #1489 do escorredor. 
[21:38:41] [FINE   ] Lavador terminou de lavar o prato #1498 
[21:38:41] [FINE   ] Lavador colocou o prato #1498 no escorredor. 
[21:38:41] [FINE   ] Lavador pegou o prato #1499 (Sujeira: ENGORDURADO) 
[21:38:41] [FINE   ] Enxugador terminou de secar o prato #1489 em 10ms. 
[21:38:41] [FINE   ] Lavador terminou de lavar o prato #1499 
[21:38:41] [FINE   ] Enxugador pegou o prato #1490 do escorredor. 
[21:38:41] [FINE   ] Lavador colocou o prato #1499 no escorredor. 
[21:38:41] [FINE   ] Lavador pegou o prato #1500 (Sujeira: MEDIO) 
[21:38:41] [FINE   ] Lavador terminou de lavar o prato #1500 
[21:38:41] [FINE   ] Escorredor CHEIO! Quantidade de pratos: 10 
[21:38:41] [FINE   ] Lavador colocou o prato #1500 no escorredor. 
[21:38:41] [FINE   ] Lavador pegou o prato #1501 (Sujeira: MEDIO) 
[21:38:41] [FINE   ] Enxugador terminou de secar o prato #1490 em 9ms. 
[21:38:41] [FINE   ] Enxugador pegou o prato #1491 do escorredor. 
[21:38:41] [FINE   ] Lavador terminou de lavar o prato #1501 
[21:38:41] [FINE   ] Escorredor CHEIO! Quantidade de pratos: 10 
[21:38:41] [FINE   ] Lavador colocou o prato #1501 no escorredor. 
[21:38:41] [FINE   ] Lavador pegou o prato #1502 (Sujeira: MEDIO) 
[21:38:41] [FINE   ] Enxugador terminou de secar o prato #1491 em 4ms. 
[21:38:41] [FINE   ] Enxugador pegou o prato #1492 do escorredor. 
[21:38:41] [FINE   ] Lavador terminou de lavar o prato #1502 
[21:38:41] [FINE   ] Escorredor CHEIO! Quantidade de pratos: 10 
[21:38:41] [FINE   ] Lavador colocou o prato #1502 no escorredor. 
[21:38:41] [FINE   ] Lavador pegou o prato #1503 (Sujeira: MEDIO) 
[21:38:41] [FINE   ] Enxugador terminou de secar o prato #1492 em 8ms. 
[21:38:41] [FINE   ] Enxugador pegou o prato #1493 do escorredor. 
[21:38:41] [FINE   ] Lavador terminou de lavar o prato #1503 
[21:38:41] [FINE   ] Escorredor CHEIO! Quantidade de pratos: 10 
[21:38:41] [FINE   ] Lavador colocou o prato #1503 no escorredor. 
[21:38:41] [FINE   ] Lavador pegou o prato #1504 (Sujeira: BAIXO) 
[21:38:41] [FINE   ] Lavador terminou de lavar o prato #1504 
[21:38:41] [FINE   ] Enxugador terminou de secar o prato #1493 em 10ms. 
[21:38:41] [FINE   ] Enxugador pegou o prato #1494 do escorredor. 
[21:38:41] [FINE   ] Escorredor CHEIO! Quantidade de pratos: 10 
[21:38:41] [FINE   ] Lavador colocou o prato #1504 no escorredor. 
[21:38:41] [FINE   ] Lavador pegou o prato #1505 (Sujeira: ENGORDURADO) 
[21:38:41] [FINE   ] Enxugador terminou de secar o prato #1494 em 9ms. 
[21:38:41] [FINE   ] Enxugador pegou o prato #1495 do escorredor. 
[21:38:41] [FINE   ] Lavador terminou de lavar o prato #1505 
[21:38:41] [FINE   ] Escorredor CHEIO! Quantidade de pratos: 10 
[21:38:41] [FINE   ] Lavador colocou o prato #1505 no escorredor. 
[21:38:41] [FINE   ] Lavador pegou o prato #1506 (Sujeira: ENGORDURADO) 
[21:38:41] [FINE   ] Enxugador terminou de secar o prato #1495 em 7ms. 
[21:38:41] [FINE   ] Enxugador pegou o prato #1496 do escorredor. 
[21:38:41] [FINE   ] Enxugador terminou de secar o prato #1496 em 3ms. 
[21:38:41] [FINE   ] Enxugador pegou o prato #1497 do escorredor. 
[21:38:41] [FINE   ] Lavador terminou de lavar o prato #1506 
[21:38:41] [FINE   ] Lavador colocou o prato #1506 no escorredor. 
[21:38:41] [FINE   ] Lavador pegou o prato #1507 (Sujeira: BAIXO) 
[21:38:41] [FINE   ] Lavador terminou de lavar o prato #1507 
[21:38:41] [FINE   ] Escorredor CHEIO! Quantidade de pratos: 10 
[21:38:41] [FINE   ] Lavador colocou o prato #1507 no escorredor. 
[21:38:41] [FINE   ] Lavador pegou o prato #1508 (Sujeira: ENGORDURADO) 
[21:38:41] [FINE   ] Enxugador terminou de secar o prato #1497 em 8ms. 
[21:38:41] [FINE   ] Enxugador pegou o prato #1498 do escorredor. 
[21:38:41] [FINE   ] Enxugador terminou de secar o prato #1498 em 5ms. 
[21:38:41] [FINE   ] Enxugador pegou o prato #1499 do escorredor. 
[21:38:41] [FINE   ] Lavador terminou de lavar o prato #1508 
[21:38:41] [FINE   ] Lavador colocou o prato #1508 no escorredor. 
[21:38:41] [FINE   ] Lavador pegou o prato #1509 (Sujeira: MEDIO) 
[21:38:41] [FINE   ] Enxugador terminou de secar o prato #1499 em 8ms. 
[21:38:41] [FINE   ] Enxugador pegou o prato #1500 do escorredor. 
[21:38:41] [FINE   ] Lavador terminou de lavar o prato #1509 
[21:38:41] [FINE   ] Lavador colocou o prato #1509 no escorredor. 
[21:38:41] [FINE   ] Lavador pegou o prato #1510 (Sujeira: MEDIO) 
[21:38:41] [FINE   ] Enxugador terminou de secar o prato #1500 em 5ms. 
[21:38:41] [FINE   ] Enxugador pegou o prato #1501 do escorredor. 
[21:38:41] [FINE   ] Lavador terminou de lavar o prato #1510 
[21:38:41] [FINE   ] Lavador colocou o prato #1510 no escorredor. 
[21:38:41] [FINE   ] Lavador pegou o prato #1511 (Sujeira: MEDIO) 
[21:38:41] [FINE   ] Enxugador terminou de secar o prato #1501 em 6ms. 
[21:38:41] [FINE   ] Enxugador pegou o prato #1502 do escorredor. 
[21:38:41] [FINE   ] Lavador terminou de lavar o prato #1511 
[21:38:41] [FINE   ] Lavador colocou o prato #1511 no escorredor. 
[21:38:41] [FINE   ] Lavador pegou o prato #1512 (Sujeira: MEDIO) 
[21:38:41] [FINE   ] Enxugador terminou de secar o prato #1502 em 6ms. 
[21:38:41] [FINE   ] Lavador terminou de lavar o prato #1512 
[21:38:41] [FINE   ] Enxugador pegou o prato #1503 do escorredor. 
[21:38:41] [FINE   ] Lavador colocou o prato #1512 no escorredor. 
[21:38:41] [FINE   ] Lavador pegou o prato #1513 (Sujeira: BAIXO) 
[21:38:41] [FINE   ] Lavador terminou de lavar o prato #1513 
[21:38:41] [FINE   ] Escorredor CHEIO! Quantidade de pratos: 10 
[21:38:41] [FINE   ] Lavador colocou o prato #1513 no escorredor. 
[21:38:41] [FINE   ] Lavador pegou o prato #1514 (Sujeira: BAIXO) 
[21:38:41] [FINE   ] Enxugador terminou de secar o prato #1503 em 6ms. 
[21:38:41] [FINE   ] Enxugador pegou o prato #1504 do escorredor. 
[21:38:41] [FINE   ] Lavador terminou de lavar o prato #1514 
[21:38:41] [FINE   ] Escorredor CHEIO! Quantidade de pratos: 10 
[21:38:41] [FINE   ] Lavador colocou o prato #1514 no escorredor. 
[21:38:41] [FINE   ] Lavador pegou o prato #1515 (Sujeira: BAIXO) 
[21:38:41] [FINE   ] Lavador terminou de lavar o prato #1515 
[21:38:41] [FINE   ] Enxugador terminou de secar o prato #1504 em 10ms. 
[21:38:41] [FINE   ] Enxugador pegou o prato #1505 do escorredor. 
[21:38:41] [FINE   ] Escorredor CHEIO! Quantidade de pratos: 10 
[21:38:41] [FINE   ] Lavador colocou o prato #1515 no escorredor. 
[21:38:41] [FINE   ] Lavador pegou o prato #1516 (Sujeira: MEDIO) 
[21:38:41] [FINE   ] Lavador terminou de lavar o prato #1516 
[21:38:41] [FINE   ] Enxugador terminou de secar o prato #1505 em 9ms. 
[21:38:41] [FINE   ] Enxugador pegou o prato #1506 do escorredor. 
[21:38:41] [FINE   ] Escorredor CHEIO! Quantidade de pratos: 10 
[21:38:41] [FINE   ] Lavador colocou o prato #1516 no escorredor. 
[21:38:41] [FINE   ] Lavador pegou o prato #1517 (Sujeira: MEDIO) 
[21:38:41] [FINE   ] Enxugador terminou de secar o prato #1506 em 5ms. 
[21:38:41] [FINE   ] Enxugador pegou o prato #1507 do escorredor. 
[21:38:41] [FINE   ] Lavador terminou de lavar o prato #1517 
[21:38:41] [FINE   ] Escorredor CHEIO! Quantidade de pratos: 10 
[21:38:41] [FINE   ] Lavador colocou o prato #1517 no escorredor. 
[21:38:41] [FINE   ] Lavador pegou o prato #1518 (Sujeira: MEDIO) 
[21:38:41] [FINE   ] Enxugador terminou de secar o prato #1507 em 5ms. 
[21:38:41] [FINE   ] Lavador terminou de lavar o prato #1518 
[21:38:41] [FINE   ] Enxugador pegou o prato #1508 do escorredor. 
[21:38:41] [FINE   ] Escorredor CHEIO! Quantidade de pratos: 10 
[21:38:41] [FINE   ] Lavador colocou o prato #1518 no escorredor. 
[21:38:41] [FINE   ] Lavador pegou o prato #1519 (Sujeira: MEDIO) 
[21:38:41] [FINE   ] Enxugador terminou de secar o prato #1508 em 3ms. 
[21:38:41] [FINE   ] Enxugador pegou o prato #1509 do escorredor. 
[21:38:41] [FINE   ] Lavador terminou de lavar o prato #1519 
[21:38:41] [FINE   ] Escorredor CHEIO! Quantidade de pratos: 10 
[21:38:41] [FINE   ] Lavador colocou o prato #1519 no escorredor. 
[21:38:41] [FINE   ] Lavador pegou o prato #1520 (Sujeira: BAIXO) 
[21:38:41] [FINE   ] Enxugador terminou de secar o prato #1509 em 6ms. 
[21:38:41] [FINE   ] Lavador terminou de lavar o prato #1520 
[21:38:41] [FINE   ] Enxugador pegou o prato #1510 do escorredor. 
[21:38:41] [FINE   ] Escorredor CHEIO! Quantidade de pratos: 10 
[21:38:41] [FINE   ] Lavador colocou o prato #1520 no escorredor. 
[21:38:41] [FINE   ] Lavador pegou o prato #1521 (Sujeira: BAIXO) 
[21:38:41] [FINE   ] Lavador terminou de lavar o prato #1521 
[21:38:41] [FINE   ] Enxugador terminou de secar o prato #1510 em 4ms. 
[21:38:41] [FINE   ] Enxugador pegou o prato #1511 do escorredor. 
[21:38:41] [FINE   ] Escorredor CHEIO! Quantidade de pratos: 10 
[21:38:41] [FINE   ] Lavador colocou o prato #1521 no escorredor. 
[21:38:41] [FINE   ] Lavador pegou o prato #1522 (Sujeira: BAIXO) 
[21:38:41] [FINE   ] Lavador terminou de lavar o prato #1522 
[21:38:41] [FINE   ] Enxugador terminou de secar o prato #1511 em 10ms. 
[21:38:41] [FINE   ] Enxugador pegou o prato #1512 do escorredor. 
[21:38:41] [FINE   ] Escorredor CHEIO! Quantidade de pratos: 10 
[21:38:41] [FINE   ] Lavador colocou o prato #1522 no escorredor. 
[21:38:41] [FINE   ] Lavador pegou o prato #1523 (Sujeira: MEDIO) 
[21:38:41] [FINE   ] Enxugador terminou de secar o prato #1512 em 4ms. 
[21:38:41] [FINE   ] Enxugador pegou o prato #1513 do escorredor. 
[21:38:41] [FINE   ] Lavador terminou de lavar o prato #1523 
[21:38:41] [FINE   ] Escorredor CHEIO! Quantidade de pratos: 10 
[21:38:41] [FINE   ] Lavador colocou o prato #1523 no escorredor. 
[21:38:41] [FINE   ] Lavador pegou o prato #1524 (Sujeira: MEDIO) 
[21:38:41] [FINE   ] Enxugador terminou de secar o prato #1513 em 3ms. 
[21:38:41] [FINE   ] Enxugador pegou o prato #1514 do escorredor. 
[21:38:41] [FINE   ] Lavador terminou de lavar o prato #1524 
[21:38:41] [FINE   ] Escorredor CHEIO! Quantidade de pratos: 10 
[21:38:41] [FINE   ] Lavador colocou o prato #1524 no escorredor. 
[21:38:41] [FINE   ] Lavador pegou o prato #1525 (Sujeira: BAIXO) 
[21:38:41] [FINE   ] Enxugador terminou de secar o prato #1514 em 3ms. 
[21:38:41] [FINE   ] Enxugador pegou o prato #1515 do escorredor. 
[21:38:41] [FINE   ] Lavador terminou de lavar o prato #1525 
[21:38:41] [FINE   ] Escorredor CHEIO! Quantidade de pratos: 10 
[21:38:41] [FINE   ] Lavador colocou o prato #1525 no escorredor. 
[21:38:41] [FINE   ] Lavador pegou o prato #1526 (Sujeira: MEDIO) 
[21:38:41] [FINE   ] Enxugador terminou de secar o prato #1515 em 7ms. 
[21:38:41] [FINE   ] Enxugador pegou o prato #1516 do escorredor. 
[21:38:41] [FINE   ] Lavador terminou de lavar o prato #1526 
[21:38:41] [FINE   ] Escorredor CHEIO! Quantidade de pratos: 10 
[21:38:41] [FINE   ] Lavador colocou o prato #1526 no escorredor. 
[21:38:41] [FINE   ] Lavador pegou o prato #1527 (Sujeira: MEDIO) 
[21:38:41] [FINE   ] Enxugador terminou de secar o prato #1516 em 3ms. 
[21:38:41] [FINE   ] Enxugador pegou o prato #1517 do escorredor. 
[21:38:41] [FINE   ] Lavador terminou de lavar o prato #1527 
[21:38:41] [FINE   ] Escorredor CHEIO! Quantidade de pratos: 10 
[21:38:41] [FINE   ] Lavador colocou o prato #1527 no escorredor. 
[21:38:41] [FINE   ] Lavador pegou o prato #1528 (Sujeira: MEDIO) 
[21:38:41] [FINE   ] Enxugador terminou de secar o prato #1517 em 4ms. 
[21:38:41] [FINE   ] Enxugador pegou o prato #1518 do escorredor. 
[21:38:41] [FINE   ] Lavador terminou de lavar o prato #1528 
[21:38:41] [FINE   ] Enxugador terminou de secar o prato #1518 em 4ms. 
[21:38:41] [FINE   ] Escorredor CHEIO! Quantidade de pratos: 10 
[21:38:41] [FINE   ] Lavador colocou o prato #1528 no escorredor. 
[21:38:41] [FINE   ] Enxugador pegou o prato #1519 do escorredor. 
[21:38:41] [FINE   ] Lavador pegou o prato #1529 (Sujeira: MEDIO) 
[21:38:41] [FINE   ] Enxugador terminou de secar o prato #1519 em 4ms. 
[21:38:41] [FINE   ] Enxugador pegou o prato #1520 do escorredor. 
[21:38:41] [FINE   ] Lavador terminou de lavar o prato #1529 
[21:38:41] [FINE   ] Lavador colocou o prato #1529 no escorredor. 
[21:38:41] [FINE   ] Lavador pegou o prato #1530 (Sujeira: BAIXO) 
[21:38:41] [FINE   ] Lavador terminou de lavar o prato #1530 
[21:38:41] [FINE   ] Escorredor CHEIO! Quantidade de pratos: 10 
[21:38:41] [FINE   ] Lavador colocou o prato #1530 no escorredor. 
[21:38:41] [FINE   ] Lavador pegou o prato #1531 (Sujeira: MEDIO) 
[21:38:41] [FINE   ] Enxugador terminou de secar o prato #1520 em 10ms. 
[21:38:41] [FINE   ] Enxugador pegou o prato #1521 do escorredor. 
[21:38:41] [FINE   ] Lavador terminou de lavar o prato #1531 
[21:38:41] [FINE   ] Escorredor CHEIO! Quantidade de pratos: 10 
[21:38:41] [FINE   ] Lavador colocou o prato #1531 no escorredor. 
[21:38:41] [FINE   ] Lavador pegou o prato #1532 (Sujeira: BAIXO) 
[21:38:41] [FINE   ] Lavador terminou de lavar o prato #1532 
[21:38:41] [FINE   ] Enxugador terminou de secar o prato #1521 em 9ms. 
[21:38:41] [FINE   ] Enxugador pegou o prato #1522 do escorredor. 
[21:38:41] [FINE   ] Escorredor CHEIO! Quantidade de pratos: 10 
[21:38:41] [FINE   ] Lavador colocou o prato #1532 no escorredor. 
[21:38:41] [FINE   ] Lavador pegou o prato #1533 (Sujeira: ENGORDURADO) 
[21:38:41] [FINE   ] Enxugador terminou de secar o prato #1522 em 4ms. 
[21:38:41] [FINE   ] Enxugador pegou o prato #1523 do escorredor. 
[21:38:41] [FINE   ] Lavador terminou de lavar o prato #1533 
[21:38:41] [FINE   ] Escorredor CHEIO! Quantidade de pratos: 10 
[21:38:41] [FINE   ] Lavador colocou o prato #1533 no escorredor. 
[21:38:41] [FINE   ] Lavador pegou o prato #1534 (Sujeira: MEDIO) 
[21:38:41] [FINE   ] Enxugador terminou de secar o prato #1523 em 9ms. 
[21:38:41] [FINE   ] Enxugador pegou o prato #1524 do escorredor. 
[21:38:41] [FINE   ] Lavador terminou de lavar o prato #1534 
[21:38:41] [FINE   ] Escorredor CHEIO! Quantidade de pratos: 10 
[21:38:41] [FINE   ] Lavador colocou o prato #1534 no escorredor. 
[21:38:41] [FINE   ] Lavador pegou o prato #1535 (Sujeira: MEDIO) 
[21:38:41] [FINE   ] Enxugador terminou de secar o prato #1524 em 4ms. 
[21:38:41] [FINE   ] Enxugador pegou o prato #1525 do escorredor. 
[21:38:41] [FINE   ] Lavador terminou de lavar o prato #1535 
[21:38:41] [FINE   ] Escorredor CHEIO! Quantidade de pratos: 10 
[21:38:41] [FINE   ] Lavador colocou o prato #1535 no escorredor. 
[21:38:41] [FINE   ] Lavador pegou o prato #1536 (Sujeira: MEDIO) 
[21:38:41] [FINE   ] Enxugador terminou de secar o prato #1525 em 7ms. 
[21:38:41] [FINE   ] Enxugador pegou o prato #1526 do escorredor. 
[21:38:41] [FINE   ] Lavador terminou de lavar o prato #1536 
[21:38:41] [FINE   ] Escorredor CHEIO! Quantidade de pratos: 10 
[21:38:41] [FINE   ] Lavador colocou o prato #1536 no escorredor. 
[21:38:41] [FINE   ] Lavador pegou o prato #1537 (Sujeira: ENGORDURADO) 
[21:38:41] [FINE   ] Enxugador terminou de secar o prato #1526 em 3ms. 
[21:38:41] [FINE   ] Enxugador pegou o prato #1527 do escorredor. 
[21:38:41] [FINE   ] Enxugador terminou de secar o prato #1527 em 8ms. 
[21:38:41] [FINE   ] Enxugador pegou o prato #1528 do escorredor. 
[21:38:41] [FINE   ] Lavador terminou de lavar o prato #1537 
[21:38:41] [FINE   ] Lavador colocou o prato #1537 no escorredor. 
[21:38:41] [FINE   ] Lavador pegou o prato #1538 (Sujeira: ENGORDURADO) 
[21:38:41] [FINE   ] Enxugador terminou de secar o prato #1528 em 5ms. 
[21:38:41] [FINE   ] Enxugador pegou o prato #1529 do escorredor. 
[21:38:41] [FINE   ] Lavador terminou de lavar o prato #1538 
[21:38:41] [FINE   ] Lavador colocou o prato #1538 no escorredor. 
[21:38:41] [FINE   ] Enxugador terminou de secar o prato #1529 em 5ms. 
[21:38:41] [FINE   ] Lavador pegou o prato #1539 (Sujeira: MEDIO) 
[21:38:41] [FINE   ] Enxugador pegou o prato #1530 do escorredor. 
[21:38:41] [FINE   ] Lavador terminou de lavar o prato #1539 
[21:38:41] [FINE   ] Lavador colocou o prato #1539 no escorredor. 
[21:38:41] [FINE   ] Lavador pegou o prato #1540 (Sujeira: MEDIO) 
[21:38:41] [FINE   ] Enxugador terminou de secar o prato #1530 em 6ms. 
[21:38:41] [FINE   ] Enxugador pegou o prato #1531 do escorredor. 
[21:38:41] [FINE   ] Lavador terminou de lavar o prato #1540 
[21:38:41] [FINE   ] Lavador colocou o prato #1540 no escorredor. 
[21:38:41] [FINE   ] Lavador pegou o prato #1541 (Sujeira: MEDIO) 
[21:38:41] [FINE   ] Enxugador terminou de secar o prato #1531 em 7ms. 
[21:38:41] [FINE   ] Enxugador pegou o prato #1532 do escorredor. 
[21:38:41] [FINE   ] Lavador terminou de lavar o prato #1541 
[21:38:41] [FINE   ] Lavador colocou o prato #1541 no escorredor. 
[21:38:41] [FINE   ] Lavador pegou o prato #1542 (Sujeira: MEDIO) 
[21:38:41] [FINE   ] Enxugador terminou de secar o prato #1532 em 8ms. 
[21:38:41] [FINE   ] Enxugador pegou o prato #1533 do escorredor. 
[21:38:41] [FINE   ] Lavador terminou de lavar o prato #1542 
[21:38:41] [FINE   ] Lavador colocou o prato #1542 no escorredor. 
[21:38:41] [FINE   ] Lavador pegou o prato #1543 (Sujeira: MEDIO) 
[21:38:41] [FINE   ] Lavador terminou de lavar o prato #1543 
[21:38:41] [FINE   ] Escorredor CHEIO! Quantidade de pratos: 10 
[21:38:41] [FINE   ] Lavador colocou o prato #1543 no escorredor. 
[21:38:41] [FINE   ] Lavador pegou o prato #1544 (Sujeira: MEDIO) 
[21:38:41] [FINE   ] Enxugador terminou de secar o prato #1533 em 9ms. 
[21:38:41] [FINE   ] Enxugador pegou o prato #1534 do escorredor. 
[21:38:41] [FINE   ] Lavador terminou de lavar o prato #1544 
[21:38:41] [FINE   ] Escorredor CHEIO! Quantidade de pratos: 10 
[21:38:41] [FINE   ] Lavador colocou o prato #1544 no escorredor. 
[21:38:41] [FINE   ] Lavador pegou o prato #1545 (Sujeira: MEDIO) 
[21:38:41] [FINE   ] Enxugador terminou de secar o prato #1534 em 7ms. 
[21:38:41] [FINE   ] Enxugador pegou o prato #1535 do escorredor. 
[21:38:41] [FINE   ] Enxugador terminou de secar o prato #1535 em 3ms. 
[21:38:41] [FINE   ] Lavador terminou de lavar o prato #1545 
[21:38:41] [FINE   ] Enxugador pegou o prato #1536 do escorredor. 
[21:38:41] [FINE   ] Lavador colocou o prato #1545 no escorredor. 
[21:38:41] [FINE   ] Lavador pegou o prato #1546 (Sujeira: MEDIO) 
[21:38:41] [FINE   ] Lavador terminou de lavar o prato #1546 
[21:38:41] [FINE   ] Escorredor CHEIO! Quantidade de pratos: 10 
[21:38:41] [FINE   ] Lavador colocou o prato #1546 no escorredor. 
[21:38:41] [FINE   ] Lavador pegou o prato #1547 (Sujeira: BAIXO) 
[21:38:41] [FINE   ] Enxugador terminou de secar o prato #1536 em 6ms. 
[21:38:41] [FINE   ] Enxugador pegou o prato #1537 do escorredor. 
[21:38:41] [FINE   ] Lavador terminou de lavar o prato #1547 
[21:38:41] [FINE   ] Escorredor CHEIO! Quantidade de pratos: 10 
[21:38:41] [FINE   ] Lavador colocou o prato #1547 no escorredor. 
[21:38:41] [FINE   ] Lavador pegou o prato #1548 (Sujeira: BAIXO) 
[21:38:41] [FINE   ] Lavador terminou de lavar o prato #1548 
[21:38:41] [FINE   ] Enxugador terminou de secar o prato #1537 em 10ms. 
[21:38:41] [FINE   ] Enxugador pegou o prato #1538 do escorredor. 
[21:38:41] [FINE   ] Escorredor CHEIO! Quantidade de pratos: 10 
[21:38:41] [FINE   ] Lavador colocou o prato #1548 no escorredor. 
[21:38:41] [FINE   ] Lavador pegou o prato #1549 (Sujeira: MEDIO) 
[21:38:41] [FINE   ] Lavador terminou de lavar o prato #1549 
[21:38:41] [FINE   ] Enxugador terminou de secar o prato #1538 em 6ms. 
[21:38:41] [FINE   ] Enxugador pegou o prato #1539 do escorredor. 
[21:38:41] [FINE   ] Escorredor CHEIO! Quantidade de pratos: 10 
[21:38:41] [FINE   ] Lavador colocou o prato #1549 no escorredor. 
[21:38:41] [FINE   ] Lavador pegou o prato #1550 (Sujeira: MEDIO) 
[21:38:41] [FINE   ] Enxugador terminou de secar o prato #1539 em 4ms. 
[21:38:41] [FINE   ] Enxugador pegou o prato #1540 do escorredor. 
[21:38:41] [FINE   ] Lavador terminou de lavar o prato #1550 
[21:38:41] [FINE   ] Escorredor CHEIO! Quantidade de pratos: 10 
[21:38:41] [FINE   ] Lavador colocou o prato #1550 no escorredor. 
[21:38:41] [FINE   ] Lavador pegou o prato #1551 (Sujeira: BAIXO) 
[21:38:41] [FINE   ] Lavador terminou de lavar o prato #1551 
[21:38:41] [FINE   ] Enxugador terminou de secar o prato #1540 em 4ms. 
[21:38:41] [FINE   ] Enxugador pegou o prato #1541 do escorredor. 
[21:38:41] [FINE   ] Escorredor CHEIO! Quantidade de pratos: 10 
[21:38:41] [FINE   ] Lavador colocou o prato #1551 no escorredor. 
[21:38:41] [FINE   ] Lavador pegou o prato #1552 (Sujeira: BAIXO) 
[21:38:41] [FINE   ] Lavador terminou de lavar o prato #1552 
[21:38:41] [FINE   ] Enxugador terminou de secar o prato #1541 em 4ms. 
[21:38:41] [FINE   ] Enxugador pegou o prato #1542 do escorredor. 
[21:38:41] [FINE   ] Escorredor CHEIO! Quantidade de pratos: 10 
[21:38:41] [FINE   ] Lavador colocou o prato #1552 no escorredor. 
[21:38:41] [FINE   ] Lavador pegou o prato #1553 (Sujeira: BAIXO) 
[21:38:41] [FINE   ] Lavador terminou de lavar o prato #1553 
[21:38:41] [FINE   ] Enxugador terminou de secar o prato #1542 em 7ms. 
[21:38:41] [FINE   ] Enxugador pegou o prato #1543 do escorredor. 
[21:38:41] [FINE   ] Escorredor CHEIO! Quantidade de pratos: 10 
[21:38:41] [FINE   ] Lavador colocou o prato #1553 no escorredor. 
[21:38:41] [FINE   ] Lavador pegou o prato #1554 (Sujeira: MEDIO) 
[21:38:41] [FINE   ] Enxugador terminou de secar o prato #1543 em 5ms. 
[21:38:41] [FINE   ] Lavador terminou de lavar o prato #1554 
[21:38:41] [FINE   ] Enxugador pegou o prato #1544 do escorredor. 
[21:38:41] [FINE   ] Escorredor CHEIO! Quantidade de pratos: 10 
[21:38:41] [FINE   ] Lavador colocou o prato #1554 no escorredor. 
[21:38:41] [FINE   ] Lavador pegou o prato #1555 (Sujeira: BAIXO) 
[21:38:41] [FINE   ] Lavador terminou de lavar o prato #1555 
[21:38:41] [FINE   ] Enxugador terminou de secar o prato #1544 em 7ms. 
[21:38:41] [FINE   ] Enxugador pegou o prato #1545 do escorredor. 
[21:38:41] [FINE   ] Escorredor CHEIO! Quantidade de pratos: 10 
[21:38:41] [FINE   ] Lavador colocou o prato #1555 no escorredor. 
[21:38:41] [FINE   ] Lavador pegou o prato #1556 (Sujeira: MEDIO) 
[21:38:41] [FINE   ] Lavador terminou de lavar o prato #1556 
[21:38:41] [FINE   ] Enxugador terminou de secar o prato #1545 em 6ms. 
[21:38:41] [FINE   ] Enxugador pegou o prato #1546 do escorredor. 
[21:38:41] [FINE   ] Escorredor CHEIO! Quantidade de pratos: 10 
[21:38:41] [FINE   ] Lavador colocou o prato #1556 no escorredor. 
[21:38:41] [FINE   ] Lavador pegou o prato #1557 (Sujeira: ENGORDURADO) 
[21:38:41] [FINE   ] Enxugador terminou de secar o prato #1546 em 10ms. 
[21:38:41] [FINE   ] Enxugador pegou o prato #1547 do escorredor. 
[21:38:41] [FINE   ] Lavador terminou de lavar o prato #1557 
[21:38:41] [FINE   ] Escorredor CHEIO! Quantidade de pratos: 10 
[21:38:41] [FINE   ] Lavador colocou o prato #1557 no escorredor. 
[21:38:41] [FINE   ] Lavador pegou o prato #1558 (Sujeira: BAIXO) 
[21:38:41] [FINE   ] Lavador terminou de lavar o prato #1558 
[21:38:41] [FINE   ] Enxugador terminou de secar o prato #1547 em 9ms. 
[21:38:41] [FINE   ] Enxugador pegou o prato #1548 do escorredor. 
[21:38:41] [FINE   ] Escorredor CHEIO! Quantidade de pratos: 10 
[21:38:41] [FINE   ] Lavador colocou o prato #1558 no escorredor. 
[21:38:41] [FINE   ] Lavador pegou o prato #1559 (Sujeira: BAIXO) 
[21:38:41] [FINE   ] Lavador terminou de lavar o prato #1559 
[21:38:41] [FINE   ] Enxugador terminou de secar o prato #1548 em 4ms. 
[21:38:41] [FINE   ] Enxugador pegou o prato #1549 do escorredor. 
[21:38:41] [FINE   ] Escorredor CHEIO! Quantidade de pratos: 10 
[21:38:41] [FINE   ] Lavador colocou o prato #1559 no escorredor. 
[21:38:41] [FINE   ] Lavador pegou o prato #1560 (Sujeira: BAIXO) 
[21:38:41] [FINE   ] Lavador terminou de lavar o prato #1560 
[21:38:41] [FINE   ] Enxugador terminou de secar o prato #1549 em 8ms. 
[21:38:41] [FINE   ] Enxugador pegou o prato #1550 do escorredor. 
[21:38:41] [FINE   ] Escorredor CHEIO! Quantidade de pratos: 10 
[21:38:41] [FINE   ] Lavador colocou o prato #1560 no escorredor. 
[21:38:41] [FINE   ] Lavador pegou o prato #1561 (Sujeira: MEDIO) 
[21:38:41] [FINE   ] Lavador terminou de lavar o prato #1561 
[21:38:41] [FINE   ] Enxugador terminou de secar o prato #1550 em 9ms. 
[21:38:41] [FINE   ] Enxugador pegou o prato #1551 do escorredor. 
[21:38:41] [FINE   ] Escorredor CHEIO! Quantidade de pratos: 10 
[21:38:41] [FINE   ] Lavador colocou o prato #1561 no escorredor. 
[21:38:41] [FINE   ] Lavador pegou o prato #1562 (Sujeira: MEDIO) 
[21:38:41] [FINE   ] Lavador terminou de lavar o prato #1562 
[21:38:41] [FINE   ] Enxugador terminou de secar o prato #1551 em 6ms. 
[21:38:41] [FINE   ] Enxugador pegou o prato #1552 do escorredor. 
[21:38:41] [FINE   ] Escorredor CHEIO! Quantidade de pratos: 10 
[21:38:41] [FINE   ] Lavador colocou o prato #1562 no escorredor. 
[21:38:41] [FINE   ] Lavador pegou o prato #1563 (Sujeira: MEDIO) 
[21:38:41] [FINE   ] Lavador terminou de lavar o prato #1563 
[21:38:41] [FINE   ] Enxugador terminou de secar o prato #1552 em 9ms. 
[21:38:41] [FINE   ] Enxugador pegou o prato #1553 do escorredor. 
[21:38:41] [FINE   ] Escorredor CHEIO! Quantidade de pratos: 10 
[21:38:41] [FINE   ] Lavador colocou o prato #1563 no escorredor. 
[21:38:41] [FINE   ] Lavador pegou o prato #1564 (Sujeira: MEDIO) 
[21:38:41] [FINE   ] Lavador terminou de lavar o prato #1564 
[21:38:41] [FINE   ] Enxugador terminou de secar o prato #1553 em 6ms. 
[21:38:41] [FINE   ] Enxugador pegou o prato #1554 do escorredor. 
[21:38:41] [FINE   ] Escorredor CHEIO! Quantidade de pratos: 10 
[21:38:41] [FINE   ] Lavador colocou o prato #1564 no escorredor. 
[21:38:41] [FINE   ] Lavador pegou o prato #1565 (Sujeira: ENGORDURADO) 
[21:38:41] [FINE   ] Lavador terminou de lavar o prato #1565 
[21:38:41] [FINE   ] Enxugador terminou de secar o prato #1554 em 10ms. 
[21:38:41] [FINE   ] Enxugador pegou o prato #1555 do escorredor. 
[21:38:41] [FINE   ] Escorredor CHEIO! Quantidade de pratos: 10 
[21:38:41] [FINE   ] Lavador colocou o prato #1565 no escorredor. 
[21:38:41] [FINE   ] Lavador pegou o prato #1566 (Sujeira: MEDIO) 
[21:38:41] [FINE   ] Lavador terminou de lavar o prato #1566 
[21:38:41] [FINE   ] Enxugador terminou de secar o prato #1555 em 7ms. 
[21:38:41] [FINE   ] Enxugador pegou o prato #1556 do escorredor. 
[21:38:41] [FINE   ] Escorredor CHEIO! Quantidade de pratos: 10 
[21:38:41] [FINE   ] Lavador colocou o prato #1566 no escorredor. 
[21:38:41] [FINE   ] Lavador pegou o prato #1567 (Sujeira: BAIXO) 
[21:38:41] [FINE   ] Lavador terminou de lavar o prato #1567 
[21:38:41] [FINE   ] Enxugador terminou de secar o prato #1556 em 7ms. 
[21:38:41] [FINE   ] Enxugador pegou o prato #1557 do escorredor. 
[21:38:41] [FINE   ] Escorredor CHEIO! Quantidade de pratos: 10 
[21:38:41] [FINE   ] Lavador colocou o prato #1567 no escorredor. 
[21:38:41] [FINE   ] Lavador pegou o prato #1568 (Sujeira: BAIXO) 
[21:38:41] [FINE   ] Lavador terminou de lavar o prato #1568 
[21:38:41] [FINE   ] Enxugador terminou de secar o prato #1557 em 6ms. 
[21:38:41] [FINE   ] Enxugador pegou o prato #1558 do escorredor. 
[21:38:41] [FINE   ] Escorredor CHEIO! Quantidade de pratos: 10 
[21:38:41] [FINE   ] Lavador colocou o prato #1568 no escorredor. 
[21:38:41] [FINE   ] Lavador pegou o prato #1569 (Sujeira: ENGORDURADO) 
[21:38:41] [FINE   ] Enxugador terminou de secar o prato #1558 em 8ms. 
[21:38:41] [FINE   ] Enxugador pegou o prato #1559 do escorredor. 
[21:38:41] [FINE   ] Lavador terminou de lavar o prato #1569 
[21:38:41] [FINE   ] Escorredor CHEIO! Quantidade de pratos: 10 
[21:38:41] [FINE   ] Lavador colocou o prato #1569 no escorredor. 
[21:38:41] [FINE   ] Lavador pegou o prato #1570 (Sujeira: MEDIO) 
[21:38:41] [FINE   ] Enxugador terminou de secar o prato #1559 em 5ms. 
[21:38:41] [FINE   ] Enxugador pegou o prato #1560 do escorredor. 
[21:38:41] [FINE   ] Lavador terminou de lavar o prato #1570 
[21:38:41] [FINE   ] Escorredor CHEIO! Quantidade de pratos: 10 
[21:38:41] [FINE   ] Lavador colocou o prato #1570 no escorredor. 
[21:38:41] [FINE   ] Lavador pegou o prato #1571 (Sujeira: MEDIO) 
[21:38:41] [FINE   ] Enxugador terminou de secar o prato #1560 em 6ms. 
[21:38:41] [FINE   ] Enxugador pegou o prato #1561 do escorredor. 
[21:38:41] [FINE   ] Lavador terminou de lavar o prato #1571 
[21:38:41] [FINE   ] Escorredor CHEIO! Quantidade de pratos: 10 
[21:38:41] [FINE   ] Lavador colocou o prato #1571 no escorredor. 
[21:38:41] [FINE   ] Lavador pegou o prato #1572 (Sujeira: MEDIO) 
[21:38:41] [FINE   ] Enxugador terminou de secar o prato #1561 em 4ms. 
[21:38:41] [FINE   ] Enxugador pegou o prato #1562 do escorredor. 
[21:38:41] [FINE   ] Lavador terminou de lavar o prato #1572 
[21:38:41] [FINE   ] Escorredor CHEIO! Quantidade de pratos: 10 
[21:38:41] [FINE   ] Lavador colocou o prato #1572 no escorredor. 
[21:38:41] [FINE   ] Lavador pegou o prato #1573 (Sujeira: MEDIO) 
[21:38:41] [FINE   ] Lavador terminou de lavar o prato #1573 
[21:38:41] [FINE   ] Enxugador terminou de secar o prato #1562 em 8ms. 
[21:38:41] [FINE   ] Enxugador pegou o prato #1563 do escorredor. 
[21:38:41] [FINE   ] Escorredor CHEIO! Quantidade de pratos: 10 
[21:38:41] [FINE   ] Lavador colocou o prato #1573 no escorredor. 
[21:38:41] [FINE   ] Lavador pegou o prato #1574 (Sujeira: MEDIO) 
[21:38:41] [FINE   ] Lavador terminou de lavar o prato #1574 
[21:38:41] [FINE   ] Enxugador terminou de secar o prato #1563 em 5ms. 
[21:38:41] [FINE   ] Enxugador pegou o prato #1564 do escorredor. 
[21:38:41] [FINE   ] Escorredor CHEIO! Quantidade de pratos: 10 
[21:38:41] [FINE   ] Lavador colocou o prato #1574 no escorredor. 
[21:38:41] [FINE   ] Lavador pegou o prato #1575 (Sujeira: MEDIO) 
[21:38:41] [FINE   ] Enxugador terminou de secar o prato #1564 em 4ms. 
[21:38:41] [FINE   ] Enxugador pegou o prato #1565 do escorredor. 
[21:38:41] [FINE   ] Lavador terminou de lavar o prato #1575 
[21:38:41] [FINE   ] Escorredor CHEIO! Quantidade de pratos: 10 
[21:38:41] [FINE   ] Lavador colocou o prato #1575 no escorredor. 
[21:38:41] [FINE   ] Lavador pegou o prato #1576 (Sujeira: BAIXO) 
[21:38:41] [FINE   ] Lavador terminou de lavar o prato #1576 
[21:38:41] [FINE   ] Enxugador terminou de secar o prato #1565 em 7ms. 
[21:38:41] [FINE   ] Enxugador pegou o prato #1566 do escorredor. 
[21:38:41] [FINE   ] Escorredor CHEIO! Quantidade de pratos: 10 
[21:38:41] [FINE   ] Lavador colocou o prato #1576 no escorredor. 
[21:38:41] [FINE   ] Lavador pegou o prato #1577 (Sujeira: MEDIO) 
[21:38:41] [FINE   ] Lavador terminou de lavar o prato #1577 
[21:38:41] [FINE   ] Enxugador terminou de secar o prato #1566 em 10ms. 
[21:38:41] [FINE   ] Enxugador pegou o prato #1567 do escorredor. 
[21:38:41] [FINE   ] Escorredor CHEIO! Quantidade de pratos: 10 
[21:38:41] [FINE   ] Lavador colocou o prato #1577 no escorredor. 
[21:38:41] [FINE   ] Lavador pegou o prato #1578 (Sujeira: BAIXO) 
[21:38:41] [FINE   ] Lavador terminou de lavar o prato #1578 
[21:38:41] [FINE   ] Enxugador terminou de secar o prato #1567 em 8ms. 
[21:38:41] [FINE   ] Enxugador pegou o prato #1568 do escorredor. 
[21:38:41] [FINE   ] Escorredor CHEIO! Quantidade de pratos: 10 
[21:38:41] [FINE   ] Lavador colocou o prato #1578 no escorredor. 
[21:38:41] [FINE   ] Lavador pegou o prato #1579 (Sujeira: MEDIO) 
[21:38:41] [FINE   ] Lavador terminou de lavar o prato #1579 
[21:38:41] [FINE   ] Enxugador terminou de secar o prato #1568 em 9ms. 
[21:38:41] [FINE   ] Enxugador pegou o prato #1569 do escorredor. 
[21:38:41] [FINE   ] Escorredor CHEIO! Quantidade de pratos: 10 
[21:38:41] [FINE   ] Lavador colocou o prato #1579 no escorredor. 
[21:38:41] [FINE   ] Lavador pegou o prato #1580 (Sujeira: MEDIO) 
[21:38:41] [FINE   ] Enxugador terminou de secar o prato #1569 em 4ms. 
[21:38:41] [FINE   ] Enxugador pegou o prato #1570 do escorredor. 
[21:38:41] [FINE   ] Lavador terminou de lavar o prato #1580 
[21:38:41] [FINE   ] Escorredor CHEIO! Quantidade de pratos: 10 
[21:38:41] [FINE   ] Lavador colocou o prato #1580 no escorredor. 
[21:38:41] [FINE   ] Lavador pegou o prato #1581 (Sujeira: MEDIO) 
[21:38:41] [FINE   ] Enxugador terminou de secar o prato #1570 em 4ms. 
[21:38:41] [FINE   ] Enxugador pegou o prato #1571 do escorredor. 
[21:38:41] [FINE   ] Lavador terminou de lavar o prato #1581 
[21:38:41] [FINE   ] Escorredor CHEIO! Quantidade de pratos: 10 
[21:38:41] [FINE   ] Lavador colocou o prato #1581 no escorredor. 
[21:38:41] [FINE   ] Lavador pegou o prato #1582 (Sujeira: MEDIO) 
[21:38:41] [FINE   ] Lavador terminou de lavar o prato #1582 
[21:38:41] [FINE   ] Enxugador terminou de secar o prato #1571 em 7ms. 
[21:38:41] [FINE   ] Enxugador pegou o prato #1572 do escorredor. 
[21:38:41] [FINE   ] Escorredor CHEIO! Quantidade de pratos: 10 
[21:38:41] [FINE   ] Lavador colocou o prato #1582 no escorredor. 
[21:38:41] [FINE   ] Lavador pegou o prato #1583 (Sujeira: BAIXO) 
[21:38:41] [FINE   ] Lavador terminou de lavar o prato #1583 
[21:38:41] [FINE   ] Enxugador terminou de secar o prato #1572 em 8ms. 
[21:38:41] [FINE   ] Enxugador pegou o prato #1573 do escorredor. 
[21:38:41] [FINE   ] Escorredor CHEIO! Quantidade de pratos: 10 
[21:38:41] [FINE   ] Lavador colocou o prato #1583 no escorredor. 
[21:38:41] [FINE   ] Lavador pegou o prato #1584 (Sujeira: MEDIO) 
[21:38:41] [FINE   ] Lavador terminou de lavar o prato #1584 
[21:38:41] [FINE   ] Enxugador terminou de secar o prato #1573 em 10ms. 
[21:38:41] [FINE   ] Escorredor CHEIO! Quantidade de pratos: 10 
[21:38:41] [FINE   ] Enxugador pegou o prato #1574 do escorredor. 
[21:38:41] [FINE   ] Lavador colocou o prato #1584 no escorredor. 
[21:38:41] [FINE   ] Lavador pegou o prato #1585 (Sujeira: MEDIO) 
[21:38:41] [FINE   ] Enxugador terminou de secar o prato #1574 em 4ms. 
[21:38:41] [FINE   ] Lavador terminou de lavar o prato #1585 
[21:38:41] [FINE   ] Enxugador pegou o prato #1575 do escorredor. 
[21:38:41] [FINE   ] Escorredor CHEIO! Quantidade de pratos: 10 
[21:38:41] [FINE   ] Lavador colocou o prato #1585 no escorredor. 
[21:38:41] [FINE   ] Lavador pegou o prato #1586 (Sujeira: MEDIO) 
[21:38:41] [FINE   ] Lavador terminou de lavar o prato #1586 
[21:38:41] [FINE   ] Enxugador terminou de secar o prato #1575 em 7ms. 
[21:38:41] [FINE   ] Enxugador pegou o prato #1576 do escorredor. 
[21:38:41] [FINE   ] Escorredor CHEIO! Quantidade de pratos: 10 
[21:38:41] [FINE   ] Lavador colocou o prato #1586 no escorredor. 
[21:38:41] [FINE   ] Lavador pegou o prato #1587 (Sujeira: BAIXO) 
[21:38:41] [FINE   ] Lavador terminou de lavar o prato #1587 
[21:38:41] [FINE   ] Enxugador terminou de secar o prato #1576 em 9ms. 
[21:38:41] [FINE   ] Enxugador pegou o prato #1577 do escorredor. 
[21:38:41] [FINE   ] Escorredor CHEIO! Quantidade de pratos: 10 
[21:38:41] [FINE   ] Lavador colocou o prato #1587 no escorredor. 
[21:38:41] [FINE   ] Lavador pegou o prato #1588 (Sujeira: MEDIO) 
[21:38:41] [FINE   ] Enxugador terminou de secar o prato #1577 em 3ms. 
[21:38:41] [FINE   ] Enxugador pegou o prato #1578 do escorredor. 
[21:38:41] [FINE   ] Lavador terminou de lavar o prato #1588 
[21:38:41] [FINE   ] Escorredor CHEIO! Quantidade de pratos: 10 
[21:38:41] [FINE   ] Lavador colocou o prato #1588 no escorredor. 
[21:38:41] [FINE   ] Lavador pegou o prato #1589 (Sujeira: MEDIO) 
[21:38:41] [FINE   ] Lavador terminou de lavar o prato #1589 
[21:38:41] [FINE   ] Enxugador terminou de secar o prato #1578 em 9ms. 
[21:38:41] [FINE   ] Enxugador pegou o prato #1579 do escorredor. 
[21:38:41] [FINE   ] Escorredor CHEIO! Quantidade de pratos: 10 
[21:38:41] [FINE   ] Lavador colocou o prato #1589 no escorredor. 
[21:38:41] [FINE   ] Lavador pegou o prato #1590 (Sujeira: MEDIO) 
[21:38:41] [FINE   ] Enxugador terminou de secar o prato #1579 em 3ms. 
[21:38:41] [FINE   ] Lavador terminou de lavar o prato #1590 
[21:38:41] [FINE   ] Enxugador pegou o prato #1580 do escorredor. 
[21:38:41] [FINE   ] Escorredor CHEIO! Quantidade de pratos: 10 
[21:38:41] [FINE   ] Lavador colocou o prato #1590 no escorredor. 
[21:38:41] [FINE   ] Lavador pegou o prato #1591 (Sujeira: MEDIO) 
[21:38:41] [FINE   ] Lavador terminou de lavar o prato #1591 
[21:38:41] [FINE   ] Enxugador terminou de secar o prato #1580 em 10ms. 
[21:38:41] [FINE   ] Enxugador pegou o prato #1581 do escorredor. 
[21:38:41] [FINE   ] Escorredor CHEIO! Quantidade de pratos: 10 
[21:38:41] [FINE   ] Lavador colocou o prato #1591 no escorredor. 
[21:38:41] [FINE   ] Lavador pegou o prato #1592 (Sujeira: MEDIO) 
[21:38:41] [FINE   ] Lavador terminou de lavar o prato #1592 
[21:38:41] [FINE   ] Enxugador terminou de secar o prato #1581 em 8ms. 
[21:38:41] [FINE   ] Enxugador pegou o prato #1582 do escorredor. 
[21:38:41] [FINE   ] Escorredor CHEIO! Quantidade de pratos: 10 
[21:38:41] [FINE   ] Lavador colocou o prato #1592 no escorredor. 
[21:38:41] [FINE   ] Lavador pegou o prato #1593 (Sujeira: BAIXO) 
[21:38:41] [FINE   ] Lavador terminou de lavar o prato #1593 
[21:38:41] [FINE   ] Enxugador terminou de secar o prato #1582 em 3ms. 
[21:38:41] [FINE   ] Enxugador pegou o prato #1583 do escorredor. 
[21:38:41] [FINE   ] Escorredor CHEIO! Quantidade de pratos: 10 
[21:38:41] [FINE   ] Lavador colocou o prato #1593 no escorredor. 
[21:38:41] [FINE   ] Lavador pegou o prato #1594 (Sujeira: MEDIO) 
[21:38:41] [FINE   ] Enxugador terminou de secar o prato #1583 em 3ms. 
[21:38:41] [FINE   ] Enxugador pegou o prato #1584 do escorredor. 
[21:38:41] [FINE   ] Lavador terminou de lavar o prato #1594 
[21:38:41] [FINE   ] Escorredor CHEIO! Quantidade de pratos: 10 
[21:38:41] [FINE   ] Lavador colocou o prato #1594 no escorredor. 
[21:38:41] [FINE   ] Lavador pegou o prato #1595 (Sujeira: BAIXO) 
[21:38:41] [FINE   ] Lavador terminou de lavar o prato #1595 
[21:38:41] [FINE   ] Enxugador terminou de secar o prato #1584 em 8ms. 
[21:38:41] [FINE   ] Enxugador pegou o prato #1585 do escorredor. 
[21:38:41] [FINE   ] Escorredor CHEIO! Quantidade de pratos: 10 
[21:38:41] [FINE   ] Lavador colocou o prato #1595 no escorredor. 
[21:38:41] [FINE   ] Lavador pegou o prato #1596 (Sujeira: MEDIO) 
[21:38:41] [FINE   ] Enxugador terminou de secar o prato #1585 em 5ms. 
[21:38:41] [FINE   ] Lavador terminou de lavar o prato #1596 
[21:38:41] [FINE   ] Enxugador pegou o prato #1586 do escorredor. 
[21:38:41] [FINE   ] Escorredor CHEIO! Quantidade de pratos: 10 
[21:38:41] [FINE   ] Lavador colocou o prato #1596 no escorredor. 
[21:38:41] [FINE   ] Lavador pegou o prato #1597 (Sujeira: MEDIO) 
[21:38:41] [FINE   ] Lavador terminou de lavar o prato #1597 
[21:38:41] [FINE   ] Enxugador terminou de secar o prato #1586 em 5ms. 
[21:38:41] [FINE   ] Enxugador pegou o prato #1587 do escorredor. 
[21:38:41] [FINE   ] Escorredor CHEIO! Quantidade de pratos: 10 
[21:38:41] [FINE   ] Lavador colocou o prato #1597 no escorredor. 
[21:38:41] [FINE   ] Lavador pegou o prato #1598 (Sujeira: MEDIO) 
[21:38:41] [FINE   ] Lavador terminou de lavar o prato #1598 
[21:38:41] [FINE   ] Enxugador terminou de secar o prato #1587 em 8ms. 
[21:38:41] [FINE   ] Enxugador pegou o prato #1588 do escorredor. 
[21:38:41] [FINE   ] Escorredor CHEIO! Quantidade de pratos: 10 
[21:38:41] [FINE   ] Lavador colocou o prato #1598 no escorredor. 
[21:38:41] [FINE   ] Lavador pegou o prato #1599 (Sujeira: MEDIO) 
[21:38:41] [FINE   ] Lavador terminou de lavar o prato #1599 
[21:38:41] [FINE   ] Enxugador terminou de secar o prato #1588 em 9ms. 
[21:38:41] [FINE   ] Enxugador pegou o prato #1589 do escorredor. 
[21:38:41] [FINE   ] Escorredor CHEIO! Quantidade de pratos: 10 
[21:38:41] [FINE   ] Lavador colocou o prato #1599 no escorredor. 
[21:38:41] [FINE   ] Lavador pegou o prato #1600 (Sujeira: MEDIO) 
[21:38:41] [FINE   ] Lavador terminou de lavar o prato #1600 
[21:38:41] [FINE   ] Enxugador terminou de secar o prato #1589 em 7ms. 
[21:38:41] [FINE   ] Enxugador pegou o prato #1590 do escorredor. 
[21:38:41] [FINE   ] Escorredor CHEIO! Quantidade de pratos: 10 
[21:38:41] [FINE   ] Lavador colocou o prato #1600 no escorredor. 
[21:38:41] [FINE   ] Lavador pegou o prato #1601 (Sujeira: MEDIO) 
[21:38:41] [FINE   ] Enxugador terminou de secar o prato #1590 em 5ms. 
[21:38:41] [FINE   ] Enxugador pegou o prato #1591 do escorredor. 
[21:38:41] [FINE   ] Lavador terminou de lavar o prato #1601 
[21:38:41] [FINE   ] Escorredor CHEIO! Quantidade de pratos: 10 
[21:38:41] [FINE   ] Lavador colocou o prato #1601 no escorredor. 
[21:38:41] [FINE   ] Lavador pegou o prato #1602 (Sujeira: MEDIO) 
[21:38:41] [FINE   ] Enxugador terminou de secar o prato #1591 em 4ms. 
[21:38:41] [FINE   ] Enxugador pegou o prato #1592 do escorredor. 
[21:38:41] [FINE   ] Lavador terminou de lavar o prato #1602 
[21:38:41] [FINE   ] Escorredor CHEIO! Quantidade de pratos: 10 
[21:38:41] [FINE   ] Lavador colocou o prato #1602 no escorredor. 
[21:38:41] [FINE   ] Lavador pegou o prato #1603 (Sujeira: BAIXO) 
[21:38:41] [FINE   ] Lavador terminou de lavar o prato #1603 
[21:38:41] [FINE   ] Enxugador terminou de secar o prato #1592 em 6ms. 
[21:38:41] [FINE   ] Enxugador pegou o prato #1593 do escorredor. 
[21:38:41] [FINE   ] Escorredor CHEIO! Quantidade de pratos: 10 
[21:38:41] [FINE   ] Lavador colocou o prato #1603 no escorredor. 
[21:38:41] [FINE   ] Lavador pegou o prato #1604 (Sujeira: MEDIO) 
[21:38:41] [FINE   ] Lavador terminou de lavar o prato #1604 
[21:38:42] [FINE   ] Enxugador terminou de secar o prato #1593 em 8ms. 
[21:38:42] [FINE   ] Enxugador pegou o prato #1594 do escorredor. 
[21:38:42] [FINE   ] Escorredor CHEIO! Quantidade de pratos: 10 
[21:38:42] [FINE   ] Lavador colocou o prato #1604 no escorredor. 
[21:38:42] [FINE   ] Lavador pegou o prato #1605 (Sujeira: BAIXO) 
[21:38:42] [FINE   ] Lavador terminou de lavar o prato #1605 
[21:38:42] [FINE   ] Enxugador terminou de secar o prato #1594 em 3ms. 
[21:38:42] [FINE   ] Enxugador pegou o prato #1595 do escorredor. 
[21:38:42] [FINE   ] Escorredor CHEIO! Quantidade de pratos: 10 
[21:38:42] [FINE   ] Lavador colocou o prato #1605 no escorredor. 
[21:38:42] [FINE   ] Lavador pegou o prato #1606 (Sujeira: ENGORDURADO) 
[21:38:42] [FINE   ] Lavador terminou de lavar o prato #1606 
[21:38:42] [FINE   ] Enxugador terminou de secar o prato #1595 em 10ms. 
[21:38:42] [FINE   ] Enxugador pegou o prato #1596 do escorredor. 
[21:38:42] [FINE   ] Escorredor CHEIO! Quantidade de pratos: 10 
[21:38:42] [FINE   ] Lavador colocou o prato #1606 no escorredor. 
[21:38:42] [FINE   ] Lavador pegou o prato #1607 (Sujeira: MEDIO) 
[21:38:42] [FINE   ] Enxugador terminou de secar o prato #1596 em 3ms. 
[21:38:42] [FINE   ] Enxugador pegou o prato #1597 do escorredor. 
[21:38:42] [FINE   ] Lavador terminou de lavar o prato #1607 
[21:38:42] [FINE   ] Escorredor CHEIO! Quantidade de pratos: 10 
[21:38:42] [FINE   ] Lavador colocou o prato #1607 no escorredor. 
[21:38:42] [FINE   ] Lavador pegou o prato #1608 (Sujeira: MEDIO) 
[21:38:42] [FINE   ] Enxugador terminou de secar o prato #1597 em 3ms. 
[21:38:42] [FINE   ] Enxugador pegou o prato #1598 do escorredor. 
[21:38:42] [FINE   ] Lavador terminou de lavar o prato #1608 
[21:38:42] [FINE   ] Escorredor CHEIO! Quantidade de pratos: 10 
[21:38:42] [FINE   ] Lavador colocou o prato #1608 no escorredor. 
[21:38:42] [FINE   ] Lavador pegou o prato #1609 (Sujeira: MEDIO) 
[21:38:42] [FINE   ] Enxugador terminou de secar o prato #1598 em 4ms. 
[21:38:42] [FINE   ] Enxugador pegou o prato #1599 do escorredor. 
[21:38:42] [FINE   ] Lavador terminou de lavar o prato #1609 
[21:38:42] [FINE   ] Enxugador terminou de secar o prato #1599 em 4ms. 
[21:38:42] [FINE   ] Escorredor CHEIO! Quantidade de pratos: 10 
[21:38:42] [FINE   ] Lavador colocou o prato #1609 no escorredor. 
[21:38:42] [FINE   ] Enxugador pegou o prato #1600 do escorredor. 
[21:38:42] [FINE   ] Lavador pegou o prato #1610 (Sujeira: BAIXO) 
[21:38:42] [FINE   ] Lavador terminou de lavar o prato #1610 
[21:38:42] [FINE   ] Escorredor CHEIO! Quantidade de pratos: 10 
[21:38:42] [FINE   ] Lavador colocou o prato #1610 no escorredor. 
[21:38:42] [FINE   ] Lavador pegou o prato #1611 (Sujeira: MEDIO) 
[21:38:42] [FINE   ] Lavador terminou de lavar o prato #1611 
[21:38:42] [FINE   ] Enxugador terminou de secar o prato #1600 em 10ms. 
[21:38:42] [FINE   ] Enxugador pegou o prato #1601 do escorredor. 
[21:38:42] [FINE   ] Escorredor CHEIO! Quantidade de pratos: 10 
[21:38:42] [FINE   ] Lavador colocou o prato #1611 no escorredor. 
[21:38:42] [FINE   ] Lavador pegou o prato #1612 (Sujeira: MEDIO) 
[21:38:42] [FINE   ] Lavador terminou de lavar o prato #1612 
[21:38:42] [FINE   ] Enxugador terminou de secar o prato #1601 em 5ms. 
[21:38:42] [FINE   ] Enxugador pegou o prato #1602 do escorredor. 
[21:38:42] [FINE   ] Escorredor CHEIO! Quantidade de pratos: 10 
[21:38:42] [FINE   ] Lavador colocou o prato #1612 no escorredor. 
[21:38:42] [FINE   ] Lavador pegou o prato #1613 (Sujeira: MEDIO) 
[21:38:42] [FINE   ] Lavador terminou de lavar o prato #1613 
[21:38:42] [FINE   ] Enxugador terminou de secar o prato #1602 em 10ms. 
[21:38:42] [FINE   ] Enxugador pegou o prato #1603 do escorredor. 
[21:38:42] [FINE   ] Escorredor CHEIO! Quantidade de pratos: 10 
[21:38:42] [FINE   ] Lavador colocou o prato #1613 no escorredor. 
[21:38:42] [FINE   ] Lavador pegou o prato #1614 (Sujeira: MEDIO) 
[21:38:42] [FINE   ] Lavador terminou de lavar o prato #1614 
[21:38:42] [FINE   ] Enxugador terminou de secar o prato #1603 em 7ms. 
[21:38:42] [FINE   ] Enxugador pegou o prato #1604 do escorredor. 
[21:38:42] [FINE   ] Escorredor CHEIO! Quantidade de pratos: 10 
[21:38:42] [FINE   ] Lavador colocou o prato #1614 no escorredor. 
[21:38:42] [FINE   ] Lavador pegou o prato #1615 (Sujeira: BAIXO) 
[21:38:42] [FINE   ] Lavador terminou de lavar o prato #1615 
[21:38:42] [FINE   ] Enxugador terminou de secar o prato #1604 em 9ms. 
[21:38:42] [FINE   ] Enxugador pegou o prato #1605 do escorredor. 
[21:38:42] [FINE   ] Escorredor CHEIO! Quantidade de pratos: 10 
[21:38:42] [FINE   ] Lavador colocou o prato #1615 no escorredor. 
[21:38:42] [FINE   ] Lavador pegou o prato #1616 (Sujeira: MEDIO) 
[21:38:42] [FINE   ] Lavador terminou de lavar o prato #1616 
[21:38:42] [FINE   ] Enxugador terminou de secar o prato #1605 em 6ms. 
[21:38:42] [FINE   ] Enxugador pegou o prato #1606 do escorredor. 
[21:38:42] [FINE   ] Escorredor CHEIO! Quantidade de pratos: 10 
[21:38:42] [FINE   ] Lavador colocou o prato #1616 no escorredor. 
[21:38:42] [FINE   ] Lavador pegou o prato #1617 (Sujeira: BAIXO) 
[21:38:42] [FINE   ] Lavador terminou de lavar o prato #1617 
[21:38:42] [FINE   ] Enxugador terminou de secar o prato #1606 em 5ms. 
[21:38:42] [FINE   ] Enxugador pegou o prato #1607 do escorredor. 
[21:38:42] [FINE   ] Escorredor CHEIO! Quantidade de pratos: 10 
[21:38:42] [FINE   ] Lavador colocou o prato #1617 no escorredor. 
[21:38:42] [FINE   ] Lavador pegou o prato #1618 (Sujeira: MEDIO) 
[21:38:42] [FINE   ] Lavador terminou de lavar o prato #1618 
[21:38:42] [FINE   ] Enxugador terminou de secar o prato #1607 em 5ms. 
[21:38:42] [FINE   ] Escorredor CHEIO! Quantidade de pratos: 10 
[21:38:42] [FINE   ] Enxugador pegou o prato #1608 do escorredor. 
[21:38:42] [FINE   ] Lavador colocou o prato #1618 no escorredor. 
[21:38:42] [FINE   ] Lavador pegou o prato #1619 (Sujeira: ENGORDURADO) 
[21:38:42] [FINE   ] Enxugador terminou de secar o prato #1608 em 6ms. 
[21:38:42] [FINE   ] Enxugador pegou o prato #1609 do escorredor. 
[21:38:42] [FINE   ] Lavador terminou de lavar o prato #1619 
[21:38:42] [FINE   ] Escorredor CHEIO! Quantidade de pratos: 10 
[21:38:42] [FINE   ] Lavador colocou o prato #1619 no escorredor. 
[21:38:42] [FINE   ] Lavador pegou o prato #1620 (Sujeira: MEDIO) 
[21:38:42] [FINE   ] Enxugador terminou de secar o prato #1609 em 5ms. 
[21:38:42] [FINE   ] Enxugador pegou o prato #1610 do escorredor. 
[21:38:42] [FINE   ] Lavador terminou de lavar o prato #1620 
[21:38:42] [FINE   ] Escorredor CHEIO! Quantidade de pratos: 10 
[21:38:42] [FINE   ] Lavador colocou o prato #1620 no escorredor. 
[21:38:42] [FINE   ] Lavador pegou o prato #1621 (Sujeira: BAIXO) 
[21:38:42] [FINE   ] Enxugador terminou de secar o prato #1610 em 6ms. 
[21:38:42] [FINE   ] Enxugador pegou o prato #1611 do escorredor. 
[21:38:42] [FINE   ] Lavador terminou de lavar o prato #1621 
[21:38:42] [FINE   ] Escorredor CHEIO! Quantidade de pratos: 10 
[21:38:42] [FINE   ] Lavador colocou o prato #1621 no escorredor. 
[21:38:42] [FINE   ] Lavador pegou o prato #1622 (Sujeira: BAIXO) 
[21:38:42] [FINE   ] Lavador terminou de lavar o prato #1622 
[21:38:42] [FINE   ] Enxugador terminou de secar o prato #1611 em 6ms. 
[21:38:42] [FINE   ] Enxugador pegou o prato #1612 do escorredor. 
[21:38:42] [FINE   ] Escorredor CHEIO! Quantidade de pratos: 10 
[21:38:42] [FINE   ] Lavador colocou o prato #1622 no escorredor. 
[21:38:42] [FINE   ] Lavador pegou o prato #1623 (Sujeira: BAIXO) 
[21:38:42] [FINE   ] Lavador terminou de lavar o prato #1623 
[21:38:42] [FINE   ] Enxugador terminou de secar o prato #1612 em 8ms. 
[21:38:42] [FINE   ] Enxugador pegou o prato #1613 do escorredor. 
[21:38:42] [FINE   ] Escorredor CHEIO! Quantidade de pratos: 10 
[21:38:42] [FINE   ] Lavador colocou o prato #1623 no escorredor. 
[21:38:42] [FINE   ] Lavador pegou o prato #1624 (Sujeira: MEDIO) 
[21:38:42] [FINE   ] Lavador terminou de lavar o prato #1624 
[21:38:42] [FINE   ] Enxugador terminou de secar o prato #1613 em 10ms. 
[21:38:42] [FINE   ] Enxugador pegou o prato #1614 do escorredor. 
[21:38:42] [FINE   ] Escorredor CHEIO! Quantidade de pratos: 10 
[21:38:42] [FINE   ] Lavador colocou o prato #1624 no escorredor. 
[21:38:42] [FINE   ] Lavador pegou o prato #1625 (Sujeira: MEDIO) 
[21:38:42] [FINE   ] Enxugador terminou de secar o prato #1614 em 4ms. 
[21:38:42] [FINE   ] Enxugador pegou o prato #1615 do escorredor. 
[21:38:42] [FINE   ] Lavador terminou de lavar o prato #1625 
[21:38:42] [FINE   ] Escorredor CHEIO! Quantidade de pratos: 10 
[21:38:42] [FINE   ] Lavador colocou o prato #1625 no escorredor. 
[21:38:42] [FINE   ] Lavador pegou o prato #1626 (Sujeira: BAIXO) 
[21:38:42] [FINE   ] Lavador terminou de lavar o prato #1626 
[21:38:42] [FINE   ] Enxugador terminou de secar o prato #1615 em 9ms. 
[21:38:42] [FINE   ] Enxugador pegou o prato #1616 do escorredor. 
[21:38:42] [FINE   ] Escorredor CHEIO! Quantidade de pratos: 10 
[21:38:42] [FINE   ] Lavador colocou o prato #1626 no escorredor. 
[21:38:42] [FINE   ] Lavador pegou o prato #1627 (Sujeira: MEDIO) 
[21:38:42] [FINE   ] Lavador terminou de lavar o prato #1627 
[21:38:42] [FINE   ] Enxugador terminou de secar o prato #1616 em 9ms. 
[21:38:42] [FINE   ] Enxugador pegou o prato #1617 do escorredor. 
[21:38:42] [FINE   ] Escorredor CHEIO! Quantidade de pratos: 10 
[21:38:42] [FINE   ] Lavador colocou o prato #1627 no escorredor. 
[21:38:42] [FINE   ] Lavador pegou o prato #1628 (Sujeira: BAIXO) 
[21:38:42] [FINE   ] Lavador terminou de lavar o prato #1628 
[21:38:42] [FINE   ] Enxugador terminou de secar o prato #1617 em 5ms. 
[21:38:42] [FINE   ] Enxugador pegou o prato #1618 do escorredor. 
[21:38:42] [FINE   ] Escorredor CHEIO! Quantidade de pratos: 10 
[21:38:42] [FINE   ] Lavador colocou o prato #1628 no escorredor. 
[21:38:42] [FINE   ] Lavador pegou o prato #1629 (Sujeira: MEDIO) 
[21:38:42] [FINE   ] Lavador terminou de lavar o prato #1629 
[21:38:42] [FINE   ] Enxugador terminou de secar o prato #1618 em 10ms. 
[21:38:42] [FINE   ] Enxugador pegou o prato #1619 do escorredor. 
[21:38:42] [FINE   ] Escorredor CHEIO! Quantidade de pratos: 10 
[21:38:42] [FINE   ] Lavador colocou o prato #1629 no escorredor. 
[21:38:42] [FINE   ] Lavador pegou o prato #1630 (Sujeira: MEDIO) 
[21:38:42] [FINE   ] Lavador terminou de lavar o prato #1630 
[21:38:42] [FINE   ] Enxugador terminou de secar o prato #1619 em 8ms. 
[21:38:42] [FINE   ] Enxugador pegou o prato #1620 do escorredor. 
[21:38:42] [FINE   ] Escorredor CHEIO! Quantidade de pratos: 10 
[21:38:42] [FINE   ] Lavador colocou o prato #1630 no escorredor. 
[21:38:42] [FINE   ] Lavador pegou o prato #1631 (Sujeira: MEDIO) 
[21:38:42] [FINE   ] Lavador terminou de lavar o prato #1631 
[21:38:42] [FINE   ] Enxugador terminou de secar o prato #1620 em 8ms. 
[21:38:42] [FINE   ] Enxugador pegou o prato #1621 do escorredor. 
[21:38:42] [FINE   ] Escorredor CHEIO! Quantidade de pratos: 10 
[21:38:42] [FINE   ] Lavador colocou o prato #1631 no escorredor. 
[21:38:42] [FINE   ] Lavador pegou o prato #1632 (Sujeira: MEDIO) 
[21:38:42] [FINE   ] Lavador terminou de lavar o prato #1632 
[21:38:42] [FINE   ] Enxugador terminou de secar o prato #1621 em 6ms. 
[21:38:42] [FINE   ] Enxugador pegou o prato #1622 do escorredor. 
[21:38:42] [FINE   ] Escorredor CHEIO! Quantidade de pratos: 10 
[21:38:42] [FINE   ] Lavador colocou o prato #1632 no escorredor. 
[21:38:42] [FINE   ] Lavador pegou o prato #1633 (Sujeira: ENGORDURADO) 
[21:38:42] [FINE   ] Lavador terminou de lavar o prato #1633 
[21:38:42] [FINE   ] Enxugador terminou de secar o prato #1622 em 9ms. 
[21:38:42] [FINE   ] Enxugador pegou o prato #1623 do escorredor. 
[21:38:42] [FINE   ] Escorredor CHEIO! Quantidade de pratos: 10 
[21:38:42] [FINE   ] Lavador colocou o prato #1633 no escorredor. 
[21:38:42] [FINE   ] Lavador pegou o prato #1634 (Sujeira: MEDIO) 
[21:38:42] [FINE   ] Enxugador terminou de secar o prato #1623 em 3ms. 
[21:38:42] [FINE   ] Enxugador pegou o prato #1624 do escorredor. 
[21:38:42] [FINE   ] Lavador terminou de lavar o prato #1634 
[21:38:42] [FINE   ] Escorredor CHEIO! Quantidade de pratos: 10 
[21:38:42] [FINE   ] Lavador colocou o prato #1634 no escorredor. 
[21:38:42] [FINE   ] Lavador pegou o prato #1635 (Sujeira: MEDIO) 
[21:38:42] [FINE   ] Enxugador terminou de secar o prato #1624 em 5ms. 
[21:38:42] [FINE   ] Enxugador pegou o prato #1625 do escorredor. 
[21:38:42] [FINE   ] Lavador terminou de lavar o prato #1635 
[21:38:42] [FINE   ] Escorredor CHEIO! Quantidade de pratos: 10 
[21:38:42] [FINE   ] Lavador colocou o prato #1635 no escorredor. 
[21:38:42] [FINE   ] Lavador pegou o prato #1636 (Sujeira: MEDIO) 
[21:38:42] [FINE   ] Enxugador terminou de secar o prato #1625 em 3ms. 
[21:38:42] [FINE   ] Enxugador pegou o prato #1626 do escorredor. 
[21:38:42] [FINE   ] Enxugador terminou de secar o prato #1626 em 4ms. 
[21:38:42] [FINE   ] Lavador terminou de lavar o prato #1636 
[21:38:42] [FINE   ] Lavador colocou o prato #1636 no escorredor. 
[21:38:42] [FINE   ] Enxugador pegou o prato #1627 do escorredor. 
[21:38:42] [FINE   ] Lavador pegou o prato #1637 (Sujeira: BAIXO) 
[21:38:42] [FINE   ] Lavador terminou de lavar o prato #1637 
[21:38:42] [FINE   ] Escorredor CHEIO! Quantidade de pratos: 10 
[21:38:42] [FINE   ] Lavador colocou o prato #1637 no escorredor. 
[21:38:42] [FINE   ] Lavador pegou o prato #1638 (Sujeira: MEDIO) 
[21:38:42] [FINE   ] Lavador terminou de lavar o prato #1638 
[21:38:42] [FINE   ] Enxugador terminou de secar o prato #1627 em 8ms. 
[21:38:42] [FINE   ] Enxugador pegou o prato #1628 do escorredor. 
[21:38:42] [FINE   ] Escorredor CHEIO! Quantidade de pratos: 10 
[21:38:42] [FINE   ] Lavador colocou o prato #1638 no escorredor. 
[21:38:42] [FINE   ] Lavador pegou o prato #1639 (Sujeira: MEDIO) 
[21:38:42] [FINE   ] Enxugador terminou de secar o prato #1628 em 3ms. 
[21:38:42] [FINE   ] Enxugador pegou o prato #1629 do escorredor. 
[21:38:42] [FINE   ] Lavador terminou de lavar o prato #1639 
[21:38:42] [FINE   ] Escorredor CHEIO! Quantidade de pratos: 10 
[21:38:42] [FINE   ] Lavador colocou o prato #1639 no escorredor. 
[21:38:42] [FINE   ] Lavador pegou o prato #1640 (Sujeira: BAIXO) 
[21:38:42] [FINE   ] Lavador terminou de lavar o prato #1640 
[21:38:42] [FINE   ] Enxugador terminou de secar o prato #1629 em 8ms. 
[21:38:42] [FINE   ] Enxugador pegou o prato #1630 do escorredor. 
[21:38:42] [FINE   ] Escorredor CHEIO! Quantidade de pratos: 10 
[21:38:42] [FINE   ] Lavador colocou o prato #1640 no escorredor. 
[21:38:42] [FINE   ] Lavador pegou o prato #1641 (Sujeira: MEDIO) 
[21:38:42] [FINE   ] Enxugador terminou de secar o prato #1630 em 5ms. 
[21:38:42] [FINE   ] Enxugador pegou o prato #1631 do escorredor. 
[21:38:42] [FINE   ] Lavador terminou de lavar o prato #1641 
[21:38:42] [FINE   ] Escorredor CHEIO! Quantidade de pratos: 10 
[21:38:42] [FINE   ] Lavador colocou o prato #1641 no escorredor. 
[21:38:42] [FINE   ] Lavador pegou o prato #1642 (Sujeira: MEDIO) 
[21:38:42] [FINE   ] Lavador terminou de lavar o prato #1642 
[21:38:42] [FINE   ] Enxugador terminou de secar o prato #1631 em 9ms. 
[21:38:42] [FINE   ] Enxugador pegou o prato #1632 do escorredor. 
[21:38:42] [FINE   ] Escorredor CHEIO! Quantidade de pratos: 10 
[21:38:42] [FINE   ] Lavador colocou o prato #1642 no escorredor. 
[21:38:42] [FINE   ] Lavador pegou o prato #1643 (Sujeira: MEDIO) 
[21:38:42] [FINE   ] Lavador terminou de lavar o prato #1643 
[21:38:42] [FINE   ] Enxugador terminou de secar o prato #1632 em 8ms. 
[21:38:42] [FINE   ] Enxugador pegou o prato #1633 do escorredor. 
[21:38:42] [FINE   ] Escorredor CHEIO! Quantidade de pratos: 10 
[21:38:42] [FINE   ] Lavador colocou o prato #1643 no escorredor. 
[21:38:42] [FINE   ] Lavador pegou o prato #1644 (Sujeira: MEDIO) 
[21:38:42] [FINE   ] Enxugador terminou de secar o prato #1633 em 3ms. 
[21:38:42] [FINE   ] Enxugador pegou o prato #1634 do escorredor. 
[21:38:42] [FINE   ] Lavador terminou de lavar o prato #1644 
[21:38:42] [FINE   ] Escorredor CHEIO! Quantidade de pratos: 10 
[21:38:42] [FINE   ] Lavador colocou o prato #1644 no escorredor. 
[21:38:42] [FINE   ] Lavador pegou o prato #1645 (Sujeira: BAIXO) 
[21:38:42] [FINE   ] Enxugador terminou de secar o prato #1634 em 5ms. 
[21:38:42] [FINE   ] Enxugador pegou o prato #1635 do escorredor. 
[21:38:42] [FINE   ] Lavador terminou de lavar o prato #1645 
[21:38:42] [FINE   ] Escorredor CHEIO! Quantidade de pratos: 10 
[21:38:42] [FINE   ] Lavador colocou o prato #1645 no escorredor. 
[21:38:42] [FINE   ] Lavador pegou o prato #1646 (Sujeira: MEDIO) 
[21:38:42] [FINE   ] Lavador terminou de lavar o prato #1646 
[21:38:42] [FINE   ] Enxugador terminou de secar o prato #1635 em 7ms. 
[21:38:42] [FINE   ] Enxugador pegou o prato #1636 do escorredor. 
[21:38:42] [FINE   ] Escorredor CHEIO! Quantidade de pratos: 10 
[21:38:42] [FINE   ] Lavador colocou o prato #1646 no escorredor. 
[21:38:42] [FINE   ] Lavador pegou o prato #1647 (Sujeira: MEDIO) 
[21:38:42] [FINE   ] Enxugador terminou de secar o prato #1636 em 3ms. 
[21:38:42] [FINE   ] Enxugador pegou o prato #1637 do escorredor. 
[21:38:42] [FINE   ] Lavador terminou de lavar o prato #1647 
[21:38:42] [FINE   ] Escorredor CHEIO! Quantidade de pratos: 10 
[21:38:42] [FINE   ] Lavador colocou o prato #1647 no escorredor. 
[21:38:42] [FINE   ] Lavador pegou o prato #1648 (Sujeira: MEDIO) 
[21:38:42] [FINE   ] Enxugador terminou de secar o prato #1637 em 8ms. 
[21:38:42] [FINE   ] Enxugador pegou o prato #1638 do escorredor. 
[21:38:42] [FINE   ] Lavador terminou de lavar o prato #1648 
[21:38:42] [FINE   ] Escorredor CHEIO! Quantidade de pratos: 10 
[21:38:42] [FINE   ] Lavador colocou o prato #1648 no escorredor. 
[21:38:42] [FINE   ] Lavador pegou o prato #1649 (Sujeira: ENGORDURADO) 
[21:38:42] [FINE   ] Enxugador terminou de secar o prato #1638 em 8ms. 
[21:38:42] [FINE   ] Enxugador pegou o prato #1639 do escorredor. 
[21:38:42] [FINE   ] Lavador terminou de lavar o prato #1649 
[21:38:42] [FINE   ] Escorredor CHEIO! Quantidade de pratos: 10 
[21:38:42] [FINE   ] Lavador colocou o prato #1649 no escorredor. 
[21:38:42] [FINE   ] Lavador pegou o prato #1650 (Sujeira: MEDIO) 
[21:38:42] [FINE   ] Lavador terminou de lavar o prato #1650 
[21:38:42] [FINE   ] Enxugador terminou de secar o prato #1639 em 10ms. 
[21:38:42] [FINE   ] Enxugador pegou o prato #1640 do escorredor. 
[21:38:42] [FINE   ] Escorredor CHEIO! Quantidade de pratos: 10 
[21:38:42] [FINE   ] Lavador colocou o prato #1650 no escorredor. 
[21:38:42] [FINE   ] Lavador pegou o prato #1651 (Sujeira: MEDIO) 
[21:38:42] [FINE   ] Lavador terminou de lavar o prato #1651 
[21:38:42] [FINE   ] Enxugador terminou de secar o prato #1640 em 7ms. 
[21:38:42] [FINE   ] Enxugador pegou o prato #1641 do escorredor. 
[21:38:42] [FINE   ] Escorredor CHEIO! Quantidade de pratos: 10 
[21:38:42] [FINE   ] Lavador colocou o prato #1651 no escorredor. 
[21:38:42] [FINE   ] Lavador pegou o prato #1652 (Sujeira: MEDIO) 
[21:38:42] [FINE   ] Lavador terminou de lavar o prato #1652 
[21:38:42] [FINE   ] Enxugador terminou de secar o prato #1641 em 9ms. 
[21:38:42] [FINE   ] Enxugador pegou o prato #1642 do escorredor. 
[21:38:42] [FINE   ] Escorredor CHEIO! Quantidade de pratos: 10 
[21:38:42] [FINE   ] Lavador colocou o prato #1652 no escorredor. 
[21:38:42] [FINE   ] Lavador pegou o prato #1653 (Sujeira: BAIXO) 
[21:38:42] [FINE   ] Lavador terminou de lavar o prato #1653 
[21:38:42] [FINE   ] Enxugador terminou de secar o prato #1642 em 9ms. 
[21:38:42] [FINE   ] Enxugador pegou o prato #1643 do escorredor. 
[21:38:42] [FINE   ] Escorredor CHEIO! Quantidade de pratos: 10 
[21:38:42] [FINE   ] Lavador colocou o prato #1653 no escorredor. 
[21:38:42] [FINE   ] Lavador pegou o prato #1654 (Sujeira: MEDIO) 
[21:38:42] [FINE   ] Lavador terminou de lavar o prato #1654 
[21:38:42] [FINE   ] Enxugador terminou de secar o prato #1643 em 10ms. 
[21:38:42] [FINE   ] Enxugador pegou o prato #1644 do escorredor. 
[21:38:42] [FINE   ] Escorredor CHEIO! Quantidade de pratos: 10 
[21:38:42] [FINE   ] Lavador colocou o prato #1654 no escorredor. 
[21:38:42] [FINE   ] Lavador pegou o prato #1655 (Sujeira: MEDIO) 
[21:38:42] [FINE   ] Lavador terminou de lavar o prato #1655 
[21:38:42] [FINE   ] Enxugador terminou de secar o prato #1644 em 6ms. 
[21:38:42] [FINE   ] Enxugador pegou o prato #1645 do escorredor. 
[21:38:42] [FINE   ] Escorredor CHEIO! Quantidade de pratos: 10 
[21:38:42] [FINE   ] Lavador colocou o prato #1655 no escorredor. 
[21:38:42] [FINE   ] Lavador pegou o prato #1656 (Sujeira: BAIXO) 
[21:38:42] [FINE   ] Lavador terminou de lavar o prato #1656 
[21:38:42] [FINE   ] Enxugador terminou de secar o prato #1645 em 5ms. 
[21:38:42] [FINE   ] Enxugador pegou o prato #1646 do escorredor. 
[21:38:42] [FINE   ] Escorredor CHEIO! Quantidade de pratos: 10 
[21:38:42] [FINE   ] Lavador colocou o prato #1656 no escorredor. 
[21:38:42] [FINE   ] Lavador pegou o prato #1657 (Sujeira: ENGORDURADO) 
[21:38:42] [FINE   ] Enxugador terminou de secar o prato #1646 em 3ms. 
[21:38:42] [FINE   ] Enxugador pegou o prato #1647 do escorredor. 
[21:38:42] [FINE   ] Enxugador terminou de secar o prato #1647 em 5ms. 
[21:38:42] [FINE   ] Lavador terminou de lavar o prato #1657 
[21:38:42] [FINE   ] Enxugador pegou o prato #1648 do escorredor. 
[21:38:42] [FINE   ] Lavador colocou o prato #1657 no escorredor. 
[21:38:42] [FINE   ] Lavador pegou o prato #1658 (Sujeira: BAIXO) 
[21:38:42] [FINE   ] Lavador terminou de lavar o prato #1658 
[21:38:42] [FINE   ] Escorredor CHEIO! Quantidade de pratos: 10 
[21:38:42] [FINE   ] Lavador colocou o prato #1658 no escorredor. 
[21:38:42] [FINE   ] Lavador pegou o prato #1659 (Sujeira: MEDIO) 
[21:38:42] [FINE   ] Enxugador terminou de secar o prato #1648 em 5ms. 
[21:38:42] [FINE   ] Enxugador pegou o prato #1649 do escorredor. 
[21:38:42] [FINE   ] Lavador terminou de lavar o prato #1659 
[21:38:42] [FINE   ] Escorredor CHEIO! Quantidade de pratos: 10 
[21:38:42] [FINE   ] Lavador colocou o prato #1659 no escorredor. 
[21:38:42] [FINE   ] Lavador pegou o prato #1660 (Sujeira: BAIXO) 
[21:38:42] [FINE   ] Enxugador terminou de secar o prato #1649 em 7ms. 
[21:38:42] [FINE   ] Enxugador pegou o prato #1650 do escorredor. 
[21:38:42] [FINE   ] Lavador terminou de lavar o prato #1660 
[21:38:42] [FINE   ] Escorredor CHEIO! Quantidade de pratos: 10 
[21:38:42] [FINE   ] Lavador colocou o prato #1660 no escorredor. 
[21:38:42] [FINE   ] Lavador pegou o prato #1661 (Sujeira: BAIXO) 
[21:38:42] [FINE   ] Enxugador terminou de secar o prato #1650 em 6ms. 
[21:38:42] [FINE   ] Lavador terminou de lavar o prato #1661 
[21:38:42] [FINE   ] Enxugador pegou o prato #1651 do escorredor. 
[21:38:42] [FINE   ] Escorredor CHEIO! Quantidade de pratos: 10 
[21:38:42] [FINE   ] Lavador colocou o prato #1661 no escorredor. 
[21:38:42] [FINE   ] Lavador pegou o prato #1662 (Sujeira: MEDIO) 
[21:38:42] [FINE   ] Lavador terminou de lavar o prato #1662 
[21:38:42] [FINE   ] Enxugador terminou de secar o prato #1651 em 8ms. 
[21:38:42] [FINE   ] Enxugador pegou o prato #1652 do escorredor. 
[21:38:42] [FINE   ] Escorredor CHEIO! Quantidade de pratos: 10 
[21:38:42] [FINE   ] Lavador colocou o prato #1662 no escorredor. 
[21:38:42] [FINE   ] Lavador pegou o prato #1663 (Sujeira: BAIXO) 
[21:38:42] [FINE   ] Enxugador terminou de secar o prato #1652 em 3ms. 
[21:38:42] [FINE   ] Lavador terminou de lavar o prato #1663 
[21:38:42] [FINE   ] Enxugador pegou o prato #1653 do escorredor. 
[21:38:42] [FINE   ] Escorredor CHEIO! Quantidade de pratos: 10 
[21:38:42] [FINE   ] Lavador colocou o prato #1663 no escorredor. 
[21:38:42] [FINE   ] Lavador pegou o prato #1664 (Sujeira: MEDIO) 
[21:38:42] [FINE   ] Enxugador terminou de secar o prato #1653 em 3ms. 
[21:38:42] [FINE   ] Enxugador pegou o prato #1654 do escorredor. 
[21:38:42] [FINE   ] Lavador terminou de lavar o prato #1664 
[21:38:42] [FINE   ] Escorredor CHEIO! Quantidade de pratos: 10 
[21:38:42] [FINE   ] Lavador colocou o prato #1664 no escorredor. 
[21:38:42] [FINE   ] Lavador pegou o prato #1665 (Sujeira: ENGORDURADO) 
[21:38:42] [FINE   ] Enxugador terminou de secar o prato #1654 em 5ms. 
[21:38:42] [FINE   ] Enxugador pegou o prato #1655 do escorredor. 
[21:38:42] [FINE   ] Enxugador terminou de secar o prato #1655 em 4ms. 
[21:38:42] [FINE   ] Enxugador pegou o prato #1656 do escorredor. 
[21:38:42] [FINE   ] Lavador terminou de lavar o prato #1665 
[21:38:42] [FINE   ] Lavador colocou o prato #1665 no escorredor. 
[21:38:42] [FINE   ] Lavador pegou o prato #1666 (Sujeira: MEDIO) 
[21:38:42] [FINE   ] Lavador terminou de lavar o prato #1666 
[21:38:42] [FINE   ] Escorredor CHEIO! Quantidade de pratos: 10 
[21:38:42] [FINE   ] Lavador colocou o prato #1666 no escorredor. 
[21:38:42] [FINE   ] Lavador pegou o prato #1667 (Sujeira: BAIXO) 
[21:38:42] [FINE   ] Enxugador terminou de secar o prato #1656 em 9ms. 
[21:38:42] [FINE   ] Enxugador pegou o prato #1657 do escorredor. 
[21:38:42] [FINE   ] Lavador terminou de lavar o prato #1667 
[21:38:42] [FINE   ] Escorredor CHEIO! Quantidade de pratos: 10 
[21:38:42] [FINE   ] Lavador colocou o prato #1667 no escorredor. 
[21:38:42] [FINE   ] Lavador pegou o prato #1668 (Sujeira: MEDIO) 
[21:38:42] [FINE   ] Lavador terminou de lavar o prato #1668 
[21:38:42] [FINE   ] Enxugador terminou de secar o prato #1657 em 9ms. 
[21:38:42] [FINE   ] Enxugador pegou o prato #1658 do escorredor. 
[21:38:42] [FINE   ] Escorredor CHEIO! Quantidade de pratos: 10 
[21:38:42] [FINE   ] Lavador colocou o prato #1668 no escorredor. 
[21:38:42] [FINE   ] Lavador pegou o prato #1669 (Sujeira: BAIXO) 
[21:38:42] [FINE   ] Lavador terminou de lavar o prato #1669 
[21:38:42] [FINE   ] Enxugador terminou de secar o prato #1658 em 6ms. 
[21:38:42] [FINE   ] Enxugador pegou o prato #1659 do escorredor. 
[21:38:42] [FINE   ] Escorredor CHEIO! Quantidade de pratos: 10 
[21:38:42] [FINE   ] Lavador colocou o prato #1669 no escorredor. 
[21:38:42] [FINE   ] Lavador pegou o prato #1670 (Sujeira: BAIXO) 
[21:38:42] [FINE   ] Lavador terminou de lavar o prato #1670 
[21:38:42] [FINE   ] Enxugador terminou de secar o prato #1659 em 5ms. 
[21:38:42] [FINE   ] Enxugador pegou o prato #1660 do escorredor. 
[21:38:42] [FINE   ] Escorredor CHEIO! Quantidade de pratos: 10 
[21:38:42] [FINE   ] Lavador colocou o prato #1670 no escorredor. 
[21:38:42] [FINE   ] Lavador pegou o prato #1671 (Sujeira: MEDIO) 
[21:38:42] [FINE   ] Enxugador terminou de secar o prato #1660 em 4ms. 
[21:38:42] [FINE   ] Enxugador pegou o prato #1661 do escorredor. 
[21:38:42] [FINE   ] Lavador terminou de lavar o prato #1671 
[21:38:42] [FINE   ] Escorredor CHEIO! Quantidade de pratos: 10 
[21:38:42] [FINE   ] Lavador colocou o prato #1671 no escorredor. 
[21:38:42] [FINE   ] Lavador pegou o prato #1672 (Sujeira: BAIXO) 
[21:38:42] [FINE   ] Lavador terminou de lavar o prato #1672 
[21:38:42] [FINE   ] Enxugador terminou de secar o prato #1661 em 7ms. 
[21:38:42] [FINE   ] Enxugador pegou o prato #1662 do escorredor. 
[21:38:42] [FINE   ] Escorredor CHEIO! Quantidade de pratos: 10 
[21:38:42] [FINE   ] Lavador colocou o prato #1672 no escorredor. 
[21:38:42] [FINE   ] Lavador pegou o prato #1673 (Sujeira: MEDIO) 
[21:38:42] [FINE   ] Lavador terminou de lavar o prato #1673 
[21:38:42] [FINE   ] Enxugador terminou de secar o prato #1662 em 4ms. 
[21:38:42] [FINE   ] Enxugador pegou o prato #1663 do escorredor. 
[21:38:42] [FINE   ] Escorredor CHEIO! Quantidade de pratos: 10 
[21:38:42] [FINE   ] Lavador colocou o prato #1673 no escorredor. 
[21:38:42] [FINE   ] Lavador pegou o prato #1674 (Sujeira: BAIXO) 
[21:38:42] [FINE   ] Lavador terminou de lavar o prato #1674 
[21:38:42] [FINE   ] Enxugador terminou de secar o prato #1663 em 6ms. 
[21:38:42] [FINE   ] Enxugador pegou o prato #1664 do escorredor. 
[21:38:42] [FINE   ] Escorredor CHEIO! Quantidade de pratos: 10 
[21:38:42] [FINE   ] Lavador colocou o prato #1674 no escorredor. 
[21:38:42] [FINE   ] Lavador pegou o prato #1675 (Sujeira: BAIXO) 
[21:38:42] [FINE   ] Lavador terminou de lavar o prato #1675 
[21:38:42] [FINE   ] Enxugador terminou de secar o prato #1664 em 10ms. 
[21:38:42] [FINE   ] Enxugador pegou o prato #1665 do escorredor. 
[21:38:42] [FINE   ] Escorredor CHEIO! Quantidade de pratos: 10 
[21:38:42] [FINE   ] Lavador colocou o prato #1675 no escorredor. 
[21:38:42] [FINE   ] Lavador pegou o prato #1676 (Sujeira: MEDIO) 
[21:38:42] [FINE   ] Enxugador terminou de secar o prato #1665 em 4ms. 
[21:38:42] [FINE   ] Enxugador pegou o prato #1666 do escorredor. 
[21:38:42] [FINE   ] Lavador terminou de lavar o prato #1676 
[21:38:42] [FINE   ] Escorredor CHEIO! Quantidade de pratos: 10 
[21:38:42] [FINE   ] Lavador colocou o prato #1676 no escorredor. 
[21:38:42] [FINE   ] Lavador pegou o prato #1677 (Sujeira: BAIXO) 
[21:38:42] [FINE   ] Lavador terminou de lavar o prato #1677 
[21:38:42] [FINE   ] Enxugador terminou de secar o prato #1666 em 9ms. 
[21:38:42] [FINE   ] Enxugador pegou o prato #1667 do escorredor. 
[21:38:42] [FINE   ] Escorredor CHEIO! Quantidade de pratos: 10 
[21:38:42] [FINE   ] Lavador colocou o prato #1677 no escorredor. 
[21:38:42] [FINE   ] Lavador pegou o prato #1678 (Sujeira: MEDIO) 
[21:38:42] [FINE   ] Lavador terminou de lavar o prato #1678 
[21:38:42] [FINE   ] Enxugador terminou de secar o prato #1667 em 9ms. 
[21:38:42] [FINE   ] Enxugador pegou o prato #1668 do escorredor. 
[21:38:42] [FINE   ] Escorredor CHEIO! Quantidade de pratos: 10 
[21:38:42] [FINE   ] Lavador colocou o prato #1678 no escorredor. 
[21:38:42] [FINE   ] Lavador pegou o prato #1679 (Sujeira: MEDIO) 
[21:38:42] [FINE   ] Lavador terminou de lavar o prato #1679 
[21:38:42] [FINE   ] Enxugador terminou de secar o prato #1668 em 10ms. 
[21:38:42] [FINE   ] Enxugador pegou o prato #1669 do escorredor. 
[21:38:42] [FINE   ] Escorredor CHEIO! Quantidade de pratos: 10 
[21:38:42] [FINE   ] Lavador colocou o prato #1679 no escorredor. 
[21:38:42] [FINE   ] Lavador pegou o prato #1680 (Sujeira: MEDIO) 
[21:38:42] [FINE   ] Enxugador terminou de secar o prato #1669 em 5ms. 
[21:38:42] [FINE   ] Lavador terminou de lavar o prato #1680 
[21:38:42] [FINE   ] Enxugador pegou o prato #1670 do escorredor. 
[21:38:42] [FINE   ] Escorredor CHEIO! Quantidade de pratos: 10 
[21:38:42] [FINE   ] Lavador colocou o prato #1680 no escorredor. 
[21:38:42] [FINE   ] Lavador pegou o prato #1681 (Sujeira: BAIXO) 
[21:38:42] [FINE   ] Lavador terminou de lavar o prato #1681 
[21:38:42] [FINE   ] Enxugador terminou de secar o prato #1670 em 8ms. 
[21:38:42] [FINE   ] Enxugador pegou o prato #1671 do escorredor. 
[21:38:42] [FINE   ] Escorredor CHEIO! Quantidade de pratos: 10 
[21:38:42] [FINE   ] Lavador colocou o prato #1681 no escorredor. 
[21:38:42] [FINE   ] Lavador pegou o prato #1682 (Sujeira: BAIXO) 
[21:38:42] [FINE   ] Lavador terminou de lavar o prato #1682 
[21:38:42] [FINE   ] Enxugador terminou de secar o prato #1671 em 4ms. 
[21:38:42] [FINE   ] Enxugador pegou o prato #1672 do escorredor. 
[21:38:42] [FINE   ] Escorredor CHEIO! Quantidade de pratos: 10 
[21:38:42] [FINE   ] Lavador colocou o prato #1682 no escorredor. 
[21:38:42] [FINE   ] Lavador pegou o prato #1683 (Sujeira: ENGORDURADO) 
[21:38:42] [FINE   ] Enxugador terminou de secar o prato #1672 em 3ms. 
[21:38:42] [FINE   ] Enxugador pegou o prato #1673 do escorredor. 
[21:38:42] [FINE   ] Lavador terminou de lavar o prato #1683 
[21:38:42] [FINE   ] Escorredor CHEIO! Quantidade de pratos: 10 
[21:38:42] [FINE   ] Lavador colocou o prato #1683 no escorredor. 
[21:38:42] [FINE   ] Lavador pegou o prato #1684 (Sujeira: MEDIO) 
[21:38:42] [FINE   ] Enxugador terminou de secar o prato #1673 em 9ms. 
[21:38:42] [FINE   ] Enxugador pegou o prato #1674 do escorredor. 
[21:38:42] [FINE   ] Lavador terminou de lavar o prato #1684 
[21:38:42] [FINE   ] Escorredor CHEIO! Quantidade de pratos: 10 
[21:38:42] [FINE   ] Lavador colocou o prato #1684 no escorredor. 
[21:38:42] [FINE   ] Lavador pegou o prato #1685 (Sujeira: MEDIO) 
[21:38:42] [FINE   ] Lavador terminou de lavar o prato #1685 
[21:38:42] [FINE   ] Enxugador terminou de secar o prato #1674 em 9ms. 
[21:38:42] [FINE   ] Enxugador pegou o prato #1675 do escorredor. 
[21:38:42] [FINE   ] Escorredor CHEIO! Quantidade de pratos: 10 
[21:38:42] [FINE   ] Lavador colocou o prato #1685 no escorredor. 
[21:38:42] [FINE   ] Lavador pegou o prato #1686 (Sujeira: BAIXO) 
[21:38:42] [FINE   ] Lavador terminou de lavar o prato #1686 
[21:38:42] [FINE   ] Enxugador terminou de secar o prato #1675 em 6ms. 
[21:38:42] [FINE   ] Enxugador pegou o prato #1676 do escorredor. 
[21:38:42] [FINE   ] Escorredor CHEIO! Quantidade de pratos: 10 
[21:38:42] [FINE   ] Lavador colocou o prato #1686 no escorredor. 
[21:38:42] [FINE   ] Lavador pegou o prato #1687 (Sujeira: MEDIO) 
[21:38:42] [FINE   ] Lavador terminou de lavar o prato #1687 
[21:38:42] [FINE   ] Enxugador terminou de secar o prato #1676 em 7ms. 
[21:38:42] [FINE   ] Enxugador pegou o prato #1677 do escorredor. 
[21:38:42] [FINE   ] Escorredor CHEIO! Quantidade de pratos: 10 
[21:38:42] [FINE   ] Lavador colocou o prato #1687 no escorredor. 
[21:38:42] [FINE   ] Lavador pegou o prato #1688 (Sujeira: MEDIO) 
[21:38:42] [FINE   ] Enxugador terminou de secar o prato #1677 em 3ms. 
[21:38:42] [FINE   ] Enxugador pegou o prato #1678 do escorredor. 
[21:38:42] [FINE   ] Lavador terminou de lavar o prato #1688 
[21:38:42] [FINE   ] Escorredor CHEIO! Quantidade de pratos: 10 
[21:38:42] [FINE   ] Lavador colocou o prato #1688 no escorredor. 
[21:38:42] [FINE   ] Lavador pegou o prato #1689 (Sujeira: BAIXO) 
[21:38:42] [FINE   ] Lavador terminou de lavar o prato #1689 
[21:38:42] [FINE   ] Enxugador terminou de secar o prato #1678 em 6ms. 
[21:38:42] [FINE   ] Enxugador pegou o prato #1679 do escorredor. 
[21:38:42] [FINE   ] Escorredor CHEIO! Quantidade de pratos: 10 
[21:38:42] [FINE   ] Lavador colocou o prato #1689 no escorredor. 
[21:38:42] [FINE   ] Lavador pegou o prato #1690 (Sujeira: MEDIO) 
[21:38:42] [FINE   ] Lavador terminou de lavar o prato #1690 
[21:38:42] [FINE   ] Enxugador terminou de secar o prato #1679 em 10ms. 
[21:38:42] [FINE   ] Enxugador pegou o prato #1680 do escorredor. 
[21:38:42] [FINE   ] Escorredor CHEIO! Quantidade de pratos: 10 
[21:38:42] [FINE   ] Lavador colocou o prato #1690 no escorredor. 
[21:38:42] [FINE   ] Lavador pegou o prato #1691 (Sujeira: MEDIO) 
[21:38:42] [FINE   ] Enxugador terminou de secar o prato #1680 em 5ms. 
[21:38:42] [FINE   ] Enxugador pegou o prato #1681 do escorredor. 
[21:38:42] [FINE   ] Lavador terminou de lavar o prato #1691 
[21:38:42] [FINE   ] Escorredor CHEIO! Quantidade de pratos: 10 
[21:38:42] [FINE   ] Lavador colocou o prato #1691 no escorredor. 
[21:38:42] [FINE   ] Lavador pegou o prato #1692 (Sujeira: BAIXO) 
[21:38:42] [FINE   ] Enxugador terminou de secar o prato #1681 em 5ms. 
[21:38:42] [FINE   ] Lavador terminou de lavar o prato #1692 
[21:38:42] [FINE   ] Enxugador pegou o prato #1682 do escorredor. 
[21:38:42] [FINE   ] Escorredor CHEIO! Quantidade de pratos: 10 
[21:38:42] [FINE   ] Lavador colocou o prato #1692 no escorredor. 
[21:38:42] [FINE   ] Lavador pegou o prato #1693 (Sujeira: MEDIO) 
[21:38:42] [FINE   ] Enxugador terminou de secar o prato #1682 em 4ms. 
[21:38:42] [FINE   ] Enxugador pegou o prato #1683 do escorredor. 
[21:38:42] [FINE   ] Lavador terminou de lavar o prato #1693 
[21:38:42] [FINE   ] Escorredor CHEIO! Quantidade de pratos: 10 
[21:38:42] [FINE   ] Lavador colocou o prato #1693 no escorredor. 
[21:38:42] [FINE   ] Lavador pegou o prato #1694 (Sujeira: MEDIO) 
[21:38:42] [FINE   ] Lavador terminou de lavar o prato #1694 
[21:38:42] [FINE   ] Enxugador terminou de secar o prato #1683 em 9ms. 
[21:38:42] [FINE   ] Enxugador pegou o prato #1684 do escorredor. 
[21:38:42] [FINE   ] Escorredor CHEIO! Quantidade de pratos: 10 
[21:38:42] [FINE   ] Lavador colocou o prato #1694 no escorredor. 
[21:38:42] [FINE   ] Lavador pegou o prato #1695 (Sujeira: BAIXO) 
[21:38:42] [FINE   ] Lavador terminou de lavar o prato #1695 
[21:38:42] [FINE   ] Enxugador terminou de secar o prato #1684 em 7ms. 
[21:38:42] [FINE   ] Enxugador pegou o prato #1685 do escorredor. 
[21:38:42] [FINE   ] Escorredor CHEIO! Quantidade de pratos: 10 
[21:38:42] [FINE   ] Lavador colocou o prato #1695 no escorredor. 
[21:38:42] [FINE   ] Lavador pegou o prato #1696 (Sujeira: MEDIO) 
[21:38:42] [FINE   ] Lavador terminou de lavar o prato #1696 
[21:38:42] [FINE   ] Enxugador terminou de secar o prato #1685 em 9ms. 
[21:38:42] [FINE   ] Enxugador pegou o prato #1686 do escorredor. 
[21:38:42] [FINE   ] Escorredor CHEIO! Quantidade de pratos: 10 
[21:38:42] [FINE   ] Lavador colocou o prato #1696 no escorredor. 
[21:38:42] [FINE   ] Lavador pegou o prato #1697 (Sujeira: ENGORDURADO) 
[21:38:42] [FINE   ] Enxugador terminou de secar o prato #1686 em 5ms. 
[21:38:42] [FINE   ] Enxugador pegou o prato #1687 do escorredor. 
[21:38:42] [FINE   ] Lavador terminou de lavar o prato #1697 
[21:38:42] [FINE   ] Escorredor CHEIO! Quantidade de pratos: 10 
[21:38:42] [FINE   ] Lavador colocou o prato #1697 no escorredor. 
[21:38:42] [FINE   ] Lavador pegou o prato #1698 (Sujeira: MEDIO) 
[21:38:42] [FINE   ] Enxugador terminou de secar o prato #1687 em 5ms. 
[21:38:42] [FINE   ] Enxugador pegou o prato #1688 do escorredor. 
[21:38:42] [FINE   ] Lavador terminou de lavar o prato #1698 
[21:38:42] [FINE   ] Escorredor CHEIO! Quantidade de pratos: 10 
[21:38:42] [FINE   ] Lavador colocou o prato #1698 no escorredor. 
[21:38:42] [FINE   ] Lavador pegou o prato #1699 (Sujeira: MEDIO) 
[21:38:42] [FINE   ] Lavador terminou de lavar o prato #1699 
[21:38:42] [FINE   ] Enxugador terminou de secar o prato #1688 em 10ms. 
[21:38:42] [FINE   ] Enxugador pegou o prato #1689 do escorredor. 
[21:38:42] [FINE   ] Escorredor CHEIO! Quantidade de pratos: 10 
[21:38:42] [FINE   ] Lavador colocou o prato #1699 no escorredor. 
[21:38:42] [FINE   ] Lavador pegou o prato #1700 (Sujeira: MEDIO) 
[21:38:42] [FINE   ] Lavador terminou de lavar o prato #1700 
[21:38:42] [FINE   ] Enxugador terminou de secar o prato #1689 em 5ms. 
[21:38:42] [FINE   ] Enxugador pegou o prato #1690 do escorredor. 
[21:38:42] [FINE   ] Escorredor CHEIO! Quantidade de pratos: 10 
[21:38:42] [FINE   ] Lavador colocou o prato #1700 no escorredor. 
[21:38:42] [FINE   ] Lavador pegou o prato #1701 (Sujeira: MEDIO) 
[21:38:42] [FINE   ] Lavador terminou de lavar o prato #1701 
[21:38:42] [FINE   ] Enxugador terminou de secar o prato #1690 em 9ms. 
[21:38:42] [FINE   ] Enxugador pegou o prato #1691 do escorredor. 
[21:38:42] [FINE   ] Escorredor CHEIO! Quantidade de pratos: 10 
[21:38:42] [FINE   ] Lavador colocou o prato #1701 no escorredor. 
[21:38:42] [FINE   ] Lavador pegou o prato #1702 (Sujeira: MEDIO) 
[21:38:42] [FINE   ] Lavador terminou de lavar o prato #1702 
[21:38:42] [FINE   ] Enxugador terminou de secar o prato #1691 em 9ms. 
[21:38:42] [FINE   ] Escorredor CHEIO! Quantidade de pratos: 10 
[21:38:42] [FINE   ] Enxugador pegou o prato #1692 do escorredor. 
[21:38:42] [FINE   ] Lavador colocou o prato #1702 no escorredor. 
[21:38:42] [FINE   ] Lavador pegou o prato #1703 (Sujeira: MEDIO) 
[21:38:42] [FINE   ] Enxugador terminou de secar o prato #1692 em 4ms. 
[21:38:42] [FINE   ] Enxugador pegou o prato #1693 do escorredor. 
[21:38:42] [FINE   ] Lavador terminou de lavar o prato #1703 
[21:38:42] [FINE   ] Escorredor CHEIO! Quantidade de pratos: 10 
[21:38:42] [FINE   ] Lavador colocou o prato #1703 no escorredor. 
[21:38:42] [FINE   ] Lavador pegou o prato #1704 (Sujeira: BAIXO) 
[21:38:42] [FINE   ] Lavador terminou de lavar o prato #1704 
[21:38:42] [FINE   ] Enxugador terminou de secar o prato #1693 em 9ms. 
[21:38:42] [FINE   ] Enxugador pegou o prato #1694 do escorredor. 
[21:38:42] [FINE   ] Escorredor CHEIO! Quantidade de pratos: 10 
[21:38:42] [FINE   ] Lavador colocou o prato #1704 no escorredor. 
[21:38:42] [FINE   ] Lavador pegou o prato #1705 (Sujeira: MEDIO) 
[21:38:42] [FINE   ] Lavador terminou de lavar o prato #1705 
[21:38:42] [FINE   ] Enxugador terminou de secar o prato #1694 em 8ms. 
[21:38:42] [FINE   ] Enxugador pegou o prato #1695 do escorredor. 
[21:38:42] [FINE   ] Escorredor CHEIO! Quantidade de pratos: 10 
[21:38:42] [FINE   ] Lavador colocou o prato #1705 no escorredor. 
[21:38:42] [FINE   ] Lavador pegou o prato #1706 (Sujeira: BAIXO) 
[21:38:42] [FINE   ] Lavador terminou de lavar o prato #1706 
[21:38:42] [FINE   ] Enxugador terminou de secar o prato #1695 em 3ms. 
[21:38:42] [FINE   ] Enxugador pegou o prato #1696 do escorredor. 
[21:38:42] [FINE   ] Escorredor CHEIO! Quantidade de pratos: 10 
[21:38:42] [FINE   ] Lavador colocou o prato #1706 no escorredor. 
[21:38:42] [FINE   ] Lavador pegou o prato #1707 (Sujeira: MEDIO) 
[21:38:42] [FINE   ] Enxugador terminou de secar o prato #1696 em 3ms. 
[21:38:42] [FINE   ] Enxugador pegou o prato #1697 do escorredor. 
[21:38:42] [FINE   ] Lavador terminou de lavar o prato #1707 
[21:38:42] [FINE   ] Escorredor CHEIO! Quantidade de pratos: 10 
[21:38:42] [FINE   ] Lavador colocou o prato #1707 no escorredor. 
[21:38:42] [FINE   ] Lavador pegou o prato #1708 (Sujeira: BAIXO) 
[21:38:42] [FINE   ] Enxugador terminou de secar o prato #1697 em 3ms. 
[21:38:42] [FINE   ] Enxugador pegou o prato #1698 do escorredor. 
[21:38:42] [FINE   ] Lavador terminou de lavar o prato #1708 
[21:38:42] [FINE   ] Escorredor CHEIO! Quantidade de pratos: 10 
[21:38:42] [FINE   ] Lavador colocou o prato #1708 no escorredor. 
[21:38:42] [FINE   ] Lavador pegou o prato #1709 (Sujeira: BAIXO) 
[21:38:42] [FINE   ] Lavador terminou de lavar o prato #1709 
[21:38:42] [FINE   ] Enxugador terminou de secar o prato #1698 em 4ms. 
[21:38:42] [FINE   ] Enxugador pegou o prato #1699 do escorredor. 
[21:38:42] [FINE   ] Escorredor CHEIO! Quantidade de pratos: 10 
[21:38:42] [FINE   ] Lavador colocou o prato #1709 no escorredor. 
[21:38:42] [FINE   ] Lavador pegou o prato #1710 (Sujeira: BAIXO) 
[21:38:42] [FINE   ] Lavador terminou de lavar o prato #1710 
[21:38:42] [FINE   ] Enxugador terminou de secar o prato #1699 em 9ms. 
[21:38:42] [FINE   ] Enxugador pegou o prato #1700 do escorredor. 
[21:38:42] [FINE   ] Escorredor CHEIO! Quantidade de pratos: 10 
[21:38:42] [FINE   ] Lavador colocou o prato #1710 no escorredor. 
[21:38:42] [FINE   ] Lavador pegou o prato #1711 (Sujeira: MEDIO) 
[21:38:42] [FINE   ] Lavador terminou de lavar o prato #1711 
[21:38:42] [FINE   ] Enxugador terminou de secar o prato #1700 em 7ms. 
[21:38:42] [FINE   ] Enxugador pegou o prato #1701 do escorredor. 
[21:38:42] [FINE   ] Escorredor CHEIO! Quantidade de pratos: 10 
[21:38:42] [FINE   ] Lavador colocou o prato #1711 no escorredor. 
[21:38:42] [FINE   ] Lavador pegou o prato #1712 (Sujeira: MEDIO) 
[21:38:42] [FINE   ] Lavador terminou de lavar o prato #1712 
[21:38:42] [FINE   ] Enxugador terminou de secar o prato #1701 em 8ms. 
[21:38:42] [FINE   ] Enxugador pegou o prato #1702 do escorredor. 
[21:38:42] [FINE   ] Escorredor CHEIO! Quantidade de pratos: 10 
[21:38:42] [FINE   ] Lavador colocou o prato #1712 no escorredor. 
[21:38:42] [FINE   ] Lavador pegou o prato #1713 (Sujeira: BAIXO) 
[21:38:42] [FINE   ] Lavador terminou de lavar o prato #1713 
[21:38:42] [FINE   ] Enxugador terminou de secar o prato #1702 em 8ms. 
[21:38:42] [FINE   ] Enxugador pegou o prato #1703 do escorredor. 
[21:38:42] [FINE   ] Escorredor CHEIO! Quantidade de pratos: 10 
[21:38:42] [FINE   ] Lavador colocou o prato #1713 no escorredor. 
[21:38:42] [FINE   ] Lavador pegou o prato #1714 (Sujeira: BAIXO) 
[21:38:42] [FINE   ] Enxugador terminou de secar o prato #1703 em 3ms. 
[21:38:42] [FINE   ] Enxugador pegou o prato #1704 do escorredor. 
[21:38:42] [FINE   ] Lavador terminou de lavar o prato #1714 
[21:38:42] [FINE   ] Escorredor CHEIO! Quantidade de pratos: 10 
[21:38:42] [FINE   ] Lavador colocou o prato #1714 no escorredor. 
[21:38:42] [FINE   ] Lavador pegou o prato #1715 (Sujeira: MEDIO) 
[21:38:42] [FINE   ] Lavador terminou de lavar o prato #1715 
[21:38:42] [FINE   ] Enxugador terminou de secar o prato #1704 em 7ms. 
[21:38:42] [FINE   ] Enxugador pegou o prato #1705 do escorredor. 
[21:38:42] [FINE   ] Escorredor CHEIO! Quantidade de pratos: 10 
[21:38:42] [FINE   ] Lavador colocou o prato #1715 no escorredor. 
[21:38:42] [FINE   ] Lavador pegou o prato #1716 (Sujeira: MEDIO) 
[21:38:42] [FINE   ] Lavador terminou de lavar o prato #1716 
[21:38:42] [FINE   ] Enxugador terminou de secar o prato #1705 em 10ms. 
[21:38:42] [FINE   ] Enxugador pegou o prato #1706 do escorredor. 
[21:38:42] [FINE   ] Escorredor CHEIO! Quantidade de pratos: 10 
[21:38:42] [FINE   ] Lavador colocou o prato #1716 no escorredor. 
[21:38:42] [FINE   ] Lavador pegou o prato #1717 (Sujeira: MEDIO) 
[21:38:42] [FINE   ] Lavador terminou de lavar o prato #1717 
[21:38:42] [FINE   ] Enxugador terminou de secar o prato #1706 em 5ms. 
[21:38:42] [FINE   ] Enxugador pegou o prato #1707 do escorredor. 
[21:38:42] [FINE   ] Escorredor CHEIO! Quantidade de pratos: 10 
[21:38:42] [FINE   ] Lavador colocou o prato #1717 no escorredor. 
[21:38:42] [FINE   ] Lavador pegou o prato #1718 (Sujeira: BAIXO) 
[21:38:42] [FINE   ] Lavador terminou de lavar o prato #1718 
[21:38:42] [FINE   ] Enxugador terminou de secar o prato #1707 em 6ms. 
[21:38:42] [FINE   ] Enxugador pegou o prato #1708 do escorredor. 
[21:38:42] [FINE   ] Escorredor CHEIO! Quantidade de pratos: 10 
[21:38:42] [FINE   ] Lavador colocou o prato #1718 no escorredor. 
[21:38:42] [FINE   ] Lavador pegou o prato #1719 (Sujeira: ENGORDURADO) 
[21:38:42] [FINE   ] Enxugador terminou de secar o prato #1708 em 4ms. 
[21:38:42] [FINE   ] Enxugador pegou o prato #1709 do escorredor. 
[21:38:42] [FINE   ] Enxugador terminou de secar o prato #1709 em 5ms. 
[21:38:42] [FINE   ] Enxugador pegou o prato #1710 do escorredor. 
[21:38:42] [FINE   ] Lavador terminou de lavar o prato #1719 
[21:38:42] [FINE   ] Lavador colocou o prato #1719 no escorredor. 
[21:38:42] [FINE   ] Lavador pegou o prato #1720 (Sujeira: MEDIO) 
[21:38:42] [FINE   ] Lavador terminou de lavar o prato #1720 
[21:38:42] [FINE   ] Escorredor CHEIO! Quantidade de pratos: 10 
[21:38:42] [FINE   ] Lavador colocou o prato #1720 no escorredor. 
[21:38:42] [FINE   ] Lavador pegou o prato #1721 (Sujeira: MEDIO) 
[21:38:42] [FINE   ] Enxugador terminou de secar o prato #1710 em 8ms. 
[21:38:42] [FINE   ] Enxugador pegou o prato #1711 do escorredor. 
[21:38:42] [FINE   ] Enxugador terminou de secar o prato #1711 em 3ms. 
[21:38:42] [FINE   ] Enxugador pegou o prato #1712 do escorredor. 
[21:38:42] [FINE   ] Lavador terminou de lavar o prato #1721 
[21:38:42] [FINE   ] Lavador colocou o prato #1721 no escorredor. 
[21:38:42] [FINE   ] Lavador pegou o prato #1722 (Sujeira: BAIXO) 
[21:38:42] [FINE   ] Lavador terminou de lavar o prato #1722 
[21:38:42] [FINE   ] Escorredor CHEIO! Quantidade de pratos: 10 
[21:38:42] [FINE   ] Lavador colocou o prato #1722 no escorredor. 
[21:38:42] [FINE   ] Lavador pegou o prato #1723 (Sujeira: BAIXO) 
[21:38:42] [FINE   ] Enxugador terminou de secar o prato #1712 em 7ms. 
[21:38:42] [FINE   ] Enxugador pegou o prato #1713 do escorredor. 
[21:38:42] [FINE   ] Lavador terminou de lavar o prato #1723 
[21:38:42] [FINE   ] Escorredor CHEIO! Quantidade de pratos: 10 
[21:38:42] [FINE   ] Lavador colocou o prato #1723 no escorredor. 
[21:38:42] [FINE   ] Lavador pegou o prato #1724 (Sujeira: MEDIO) 
[21:38:42] [FINE   ] Enxugador terminou de secar o prato #1713 em 3ms. 
[21:38:42] [FINE   ] Enxugador pegou o prato #1714 do escorredor. 
[21:38:42] [FINE   ] Lavador terminou de lavar o prato #1724 
[21:38:42] [FINE   ] Escorredor CHEIO! Quantidade de pratos: 10 
[21:38:42] [FINE   ] Lavador colocou o prato #1724 no escorredor. 
[21:38:42] [FINE   ] Lavador pegou o prato #1725 (Sujeira: BAIXO) 
[21:38:42] [FINE   ] Enxugador terminou de secar o prato #1714 em 4ms. 
[21:38:42] [FINE   ] Enxugador pegou o prato #1715 do escorredor. 
[21:38:42] [FINE   ] Lavador terminou de lavar o prato #1725 
[21:38:42] [FINE   ] Escorredor CHEIO! Quantidade de pratos: 10 
[21:38:42] [FINE   ] Lavador colocou o prato #1725 no escorredor. 
[21:38:42] [FINE   ] Lavador pegou o prato #1726 (Sujeira: MEDIO) 
[21:38:43] [FINE   ] Lavador terminou de lavar o prato #1726 
[21:38:43] [FINE   ] Enxugador terminou de secar o prato #1715 em 8ms. 
[21:38:43] [FINE   ] Enxugador pegou o prato #1716 do escorredor. 
[21:38:43] [FINE   ] Escorredor CHEIO! Quantidade de pratos: 10 
[21:38:43] [FINE   ] Lavador colocou o prato #1726 no escorredor. 
[21:38:43] [FINE   ] Lavador pegou o prato #1727 (Sujeira: MEDIO) 
[21:38:43] [FINE   ] Lavador terminou de lavar o prato #1727 
[21:38:43] [FINE   ] Enxugador terminou de secar o prato #1716 em 9ms. 
[21:38:43] [FINE   ] Enxugador pegou o prato #1717 do escorredor. 
[21:38:43] [FINE   ] Escorredor CHEIO! Quantidade de pratos: 10 
[21:38:43] [FINE   ] Lavador colocou o prato #1727 no escorredor. 
[21:38:43] [FINE   ] Lavador pegou o prato #1728 (Sujeira: BAIXO) 
[21:38:43] [FINE   ] Lavador terminou de lavar o prato #1728 
[21:38:43] [FINE   ] Enxugador terminou de secar o prato #1717 em 8ms. 
[21:38:43] [FINE   ] Enxugador pegou o prato #1718 do escorredor. 
[21:38:43] [FINE   ] Escorredor CHEIO! Quantidade de pratos: 10 
[21:38:43] [FINE   ] Lavador colocou o prato #1728 no escorredor. 
[21:38:43] [FINE   ] Lavador pegou o prato #1729 (Sujeira: BAIXO) 
[21:38:43] [FINE   ] Lavador terminou de lavar o prato #1729 
[21:38:43] [FINE   ] Enxugador terminou de secar o prato #1718 em 5ms. 
[21:38:43] [FINE   ] Enxugador pegou o prato #1719 do escorredor. 
[21:38:43] [FINE   ] Escorredor CHEIO! Quantidade de pratos: 10 
[21:38:43] [FINE   ] Lavador colocou o prato #1729 no escorredor. 
[21:38:43] [FINE   ] Lavador pegou o prato #1730 (Sujeira: BAIXO) 
[21:38:43] [FINE   ] Lavador terminou de lavar o prato #1730 
[21:38:43] [FINE   ] Enxugador terminou de secar o prato #1719 em 4ms. 
[21:38:43] [FINE   ] Enxugador pegou o prato #1720 do escorredor. 
[21:38:43] [FINE   ] Escorredor CHEIO! Quantidade de pratos: 10 
[21:38:43] [FINE   ] Lavador colocou o prato #1730 no escorredor. 
[21:38:43] [FINE   ] Lavador pegou o prato #1731 (Sujeira: BAIXO) 
[21:38:43] [FINE   ] Lavador terminou de lavar o prato #1731 
[21:38:43] [FINE   ] Enxugador terminou de secar o prato #1720 em 9ms. 
[21:38:43] [FINE   ] Enxugador pegou o prato #1721 do escorredor. 
[21:38:43] [FINE   ] Escorredor CHEIO! Quantidade de pratos: 10 
[21:38:43] [FINE   ] Lavador colocou o prato #1731 no escorredor. 
[21:38:43] [FINE   ] Lavador pegou o prato #1732 (Sujeira: MEDIO) 
[21:38:43] [FINE   ] Lavador terminou de lavar o prato #1732 
[21:38:43] [FINE   ] Enxugador terminou de secar o prato #1721 em 7ms. 
[21:38:43] [FINE   ] Enxugador pegou o prato #1722 do escorredor. 
[21:38:43] [FINE   ] Escorredor CHEIO! Quantidade de pratos: 10 
[21:38:43] [FINE   ] Lavador colocou o prato #1732 no escorredor. 
[21:38:43] [FINE   ] Lavador pegou o prato #1733 (Sujeira: MEDIO) 
[21:38:43] [FINE   ] Enxugador terminou de secar o prato #1722 em 4ms. 
[21:38:43] [FINE   ] Enxugador pegou o prato #1723 do escorredor. 
[21:38:43] [FINE   ] Lavador terminou de lavar o prato #1733 
[21:38:43] [FINE   ] Escorredor CHEIO! Quantidade de pratos: 10 
[21:38:43] [FINE   ] Lavador colocou o prato #1733 no escorredor. 
[21:38:43] [FINE   ] Lavador pegou o prato #1734 (Sujeira: MEDIO) 
[21:38:43] [FINE   ] Enxugador terminou de secar o prato #1723 em 6ms. 
[21:38:43] [FINE   ] Lavador terminou de lavar o prato #1734 
[21:38:43] [FINE   ] Enxugador pegou o prato #1724 do escorredor. 
[21:38:43] [FINE   ] Escorredor CHEIO! Quantidade de pratos: 10 
[21:38:43] [FINE   ] Lavador colocou o prato #1734 no escorredor. 
[21:38:43] [FINE   ] Lavador pegou o prato #1735 (Sujeira: BAIXO) 
[21:38:43] [FINE   ] Lavador terminou de lavar o prato #1735 
[21:38:43] [FINE   ] Enxugador terminou de secar o prato #1724 em 4ms. 
[21:38:43] [FINE   ] Enxugador pegou o prato #1725 do escorredor. 
[21:38:43] [FINE   ] Escorredor CHEIO! Quantidade de pratos: 10 
[21:38:43] [FINE   ] Lavador colocou o prato #1735 no escorredor. 
[21:38:43] [FINE   ] Lavador pegou o prato #1736 (Sujeira: ENGORDURADO) 
[21:38:43] [FINE   ] Enxugador terminou de secar o prato #1725 em 5ms. 
[21:38:43] [FINE   ] Enxugador pegou o prato #1726 do escorredor. 
[21:38:43] [FINE   ] Lavador terminou de lavar o prato #1736 
[21:38:43] [FINE   ] Escorredor CHEIO! Quantidade de pratos: 10 
[21:38:43] [FINE   ] Lavador colocou o prato #1736 no escorredor. 
[21:38:43] [FINE   ] Lavador pegou o prato #1737 (Sujeira: BAIXO) 
[21:38:43] [FINE   ] Lavador terminou de lavar o prato #1737 
[21:38:43] [FINE   ] Enxugador terminou de secar o prato #1726 em 10ms. 
[21:38:43] [FINE   ] Enxugador pegou o prato #1727 do escorredor. 
[21:38:43] [FINE   ] Escorredor CHEIO! Quantidade de pratos: 10 
[21:38:43] [FINE   ] Lavador colocou o prato #1737 no escorredor. 
[21:38:43] [FINE   ] Lavador pegou o prato #1738 (Sujeira: BAIXO) 
[21:38:43] [FINE   ] Lavador terminou de lavar o prato #1738 
[21:38:43] [FINE   ] Enxugador terminou de secar o prato #1727 em 6ms. 
[21:38:43] [FINE   ] Enxugador pegou o prato #1728 do escorredor. 
[21:38:43] [FINE   ] Escorredor CHEIO! Quantidade de pratos: 10 
[21:38:43] [FINE   ] Lavador colocou o prato #1738 no escorredor. 
[21:38:43] [FINE   ] Lavador pegou o prato #1739 (Sujeira: BAIXO) 
[21:38:43] [FINE   ] Lavador terminou de lavar o prato #1739 
[21:38:43] [FINE   ] Enxugador terminou de secar o prato #1728 em 3ms. 
[21:38:43] [FINE   ] Enxugador pegou o prato #1729 do escorredor. 
[21:38:43] [FINE   ] Escorredor CHEIO! Quantidade de pratos: 10 
[21:38:43] [FINE   ] Lavador colocou o prato #1739 no escorredor. 
[21:38:43] [FINE   ] Lavador pegou o prato #1740 (Sujeira: BAIXO) 
[21:38:43] [FINE   ] Lavador terminou de lavar o prato #1740 
[21:38:43] [FINE   ] Enxugador terminou de secar o prato #1729 em 8ms. 
[21:38:43] [FINE   ] Enxugador pegou o prato #1730 do escorredor. 
[21:38:43] [FINE   ] Escorredor CHEIO! Quantidade de pratos: 10 
[21:38:43] [FINE   ] Lavador colocou o prato #1740 no escorredor. 
[21:38:43] [FINE   ] Lavador pegou o prato #1741 (Sujeira: BAIXO) 
[21:38:43] [FINE   ] Lavador terminou de lavar o prato #1741 
[21:38:43] [FINE   ] Enxugador terminou de secar o prato #1730 em 6ms. 
[21:38:43] [FINE   ] Enxugador pegou o prato #1731 do escorredor. 
[21:38:43] [FINE   ] Escorredor CHEIO! Quantidade de pratos: 10 
[21:38:43] [FINE   ] Lavador colocou o prato #1741 no escorredor. 
[21:38:43] [FINE   ] Lavador pegou o prato #1742 (Sujeira: BAIXO) 
[21:38:43] [FINE   ] Lavador terminou de lavar o prato #1742 
[21:38:43] [FINE   ] Enxugador terminou de secar o prato #1731 em 9ms. 
[21:38:43] [FINE   ] Enxugador pegou o prato #1732 do escorredor. 
[21:38:43] [FINE   ] Escorredor CHEIO! Quantidade de pratos: 10 
[21:38:43] [FINE   ] Lavador colocou o prato #1742 no escorredor. 
[21:38:43] [FINE   ] Lavador pegou o prato #1743 (Sujeira: MEDIO) 
[21:38:43] [FINE   ] Lavador terminou de lavar o prato #1743 
[21:38:43] [FINE   ] Enxugador terminou de secar o prato #1732 em 10ms. 
[21:38:43] [FINE   ] Enxugador pegou o prato #1733 do escorredor. 
[21:38:43] [FINE   ] Escorredor CHEIO! Quantidade de pratos: 10 
[21:38:43] [FINE   ] Lavador colocou o prato #1743 no escorredor. 
[21:38:43] [FINE   ] Lavador pegou o prato #1744 (Sujeira: MEDIO) 
[21:38:43] [FINE   ] Lavador terminou de lavar o prato #1744 
[21:38:43] [FINE   ] Enxugador terminou de secar o prato #1733 em 8ms. 
[21:38:43] [FINE   ] Enxugador pegou o prato #1734 do escorredor. 
[21:38:43] [FINE   ] Escorredor CHEIO! Quantidade de pratos: 10 
[21:38:43] [FINE   ] Lavador colocou o prato #1744 no escorredor. 
[21:38:43] [FINE   ] Lavador pegou o prato #1745 (Sujeira: MEDIO) 
[21:38:43] [FINE   ] Enxugador terminou de secar o prato #1734 em 6ms. 
[21:38:43] [FINE   ] Enxugador pegou o prato #1735 do escorredor. 
[21:38:43] [FINE   ] Lavador terminou de lavar o prato #1745 
[21:38:43] [FINE   ] Escorredor CHEIO! Quantidade de pratos: 10 
[21:38:43] [FINE   ] Lavador colocou o prato #1745 no escorredor. 
[21:38:43] [FINE   ] Lavador pegou o prato #1746 (Sujeira: MEDIO) 
[21:38:43] [FINE   ] Lavador terminou de lavar o prato #1746 
[21:38:43] [FINE   ] Enxugador terminou de secar o prato #1735 em 8ms. 
[21:38:43] [FINE   ] Enxugador pegou o prato #1736 do escorredor. 
[21:38:43] [FINE   ] Escorredor CHEIO! Quantidade de pratos: 10 
[21:38:43] [FINE   ] Lavador colocou o prato #1746 no escorredor. 
[21:38:43] [FINE   ] Lavador pegou o prato #1747 (Sujeira: MEDIO) 
[21:38:43] [FINE   ] Lavador terminou de lavar o prato #1747 
[21:38:43] [FINE   ] Enxugador terminou de secar o prato #1736 em 10ms. 
[21:38:43] [FINE   ] Enxugador pegou o prato #1737 do escorredor. 
[21:38:43] [FINE   ] Escorredor CHEIO! Quantidade de pratos: 10 
[21:38:43] [FINE   ] Lavador colocou o prato #1747 no escorredor. 
[21:38:43] [FINE   ] Lavador pegou o prato #1748 (Sujeira: BAIXO) 
[21:38:43] [FINE   ] Lavador terminou de lavar o prato #1748 
[21:38:43] [FINE   ] Enxugador terminou de secar o prato #1737 em 10ms. 
[21:38:43] [FINE   ] Enxugador pegou o prato #1738 do escorredor. 
[21:38:43] [FINE   ] Escorredor CHEIO! Quantidade de pratos: 10 
[21:38:43] [FINE   ] Lavador colocou o prato #1748 no escorredor. 
[21:38:43] [FINE   ] Lavador pegou o prato #1749 (Sujeira: MEDIO) 
[21:38:43] [FINE   ] Lavador terminou de lavar o prato #1749 
[21:38:43] [FINE   ] Enxugador terminou de secar o prato #1738 em 8ms. 
[21:38:43] [FINE   ] Enxugador pegou o prato #1739 do escorredor. 
[21:38:43] [FINE   ] Escorredor CHEIO! Quantidade de pratos: 10 
[21:38:43] [FINE   ] Lavador colocou o prato #1749 no escorredor. 
[21:38:43] [FINE   ] Lavador pegou o prato #1750 (Sujeira: MEDIO) 
[21:38:43] [FINE   ] Lavador terminou de lavar o prato #1750 
[21:38:43] [FINE   ] Enxugador terminou de secar o prato #1739 em 9ms. 
[21:38:43] [FINE   ] Enxugador pegou o prato #1740 do escorredor. 
[21:38:43] [FINE   ] Escorredor CHEIO! Quantidade de pratos: 10 
[21:38:43] [FINE   ] Lavador colocou o prato #1750 no escorredor. 
[21:38:43] [FINE   ] Lavador pegou o prato #1751 (Sujeira: BAIXO) 
[21:38:43] [FINE   ] Lavador terminou de lavar o prato #1751 
[21:38:43] [FINE   ] Enxugador terminou de secar o prato #1740 em 5ms. 
[21:38:43] [FINE   ] Enxugador pegou o prato #1741 do escorredor. 
[21:38:43] [FINE   ] Escorredor CHEIO! Quantidade de pratos: 10 
[21:38:43] [FINE   ] Lavador colocou o prato #1751 no escorredor. 
[21:38:43] [FINE   ] Lavador pegou o prato #1752 (Sujeira: ENGORDURADO) 
[21:38:43] [FINE   ] Enxugador terminou de secar o prato #1741 em 6ms. 
[21:38:43] [FINE   ] Enxugador pegou o prato #1742 do escorredor. 
[21:38:43] [FINE   ] Lavador terminou de lavar o prato #1752 
[21:38:43] [FINE   ] Escorredor CHEIO! Quantidade de pratos: 10 
[21:38:43] [FINE   ] Lavador colocou o prato #1752 no escorredor. 
[21:38:43] [FINE   ] Lavador pegou o prato #1753 (Sujeira: MEDIO) 
[21:38:43] [FINE   ] Enxugador terminou de secar o prato #1742 em 6ms. 
[21:38:43] [FINE   ] Enxugador pegou o prato #1743 do escorredor. 
[21:38:43] [FINE   ] Lavador terminou de lavar o prato #1753 
[21:38:43] [FINE   ] Escorredor CHEIO! Quantidade de pratos: 10 
[21:38:43] [FINE   ] Lavador colocou o prato #1753 no escorredor. 
[21:38:43] [FINE   ] Lavador pegou o prato #1754 (Sujeira: BAIXO) 
[21:38:43] [FINE   ] Enxugador terminou de secar o prato #1743 em 5ms. 
[21:38:43] [FINE   ] Enxugador pegou o prato #1744 do escorredor. 
[21:38:43] [FINE   ] Lavador terminou de lavar o prato #1754 
[21:38:43] [FINE   ] Escorredor CHEIO! Quantidade de pratos: 10 
[21:38:43] [FINE   ] Lavador colocou o prato #1754 no escorredor. 
[21:38:43] [FINE   ] Lavador pegou o prato #1755 (Sujeira: MEDIO) 
[21:38:43] [FINE   ] Enxugador terminou de secar o prato #1744 em 7ms. 
[21:38:43] [FINE   ] Enxugador pegou o prato #1745 do escorredor. 
[21:38:43] [FINE   ] Lavador terminou de lavar o prato #1755 
[21:38:43] [FINE   ] Escorredor CHEIO! Quantidade de pratos: 10 
[21:38:43] [FINE   ] Lavador colocou o prato #1755 no escorredor. 
[21:38:43] [FINE   ] Lavador pegou o prato #1756 (Sujeira: MEDIO) 
[21:38:43] [FINE   ] Enxugador terminou de secar o prato #1745 em 4ms. 
[21:38:43] [FINE   ] Enxugador pegou o prato #1746 do escorredor. 
[21:38:43] [FINE   ] Lavador terminou de lavar o prato #1756 
[21:38:43] [FINE   ] Escorredor CHEIO! Quantidade de pratos: 10 
[21:38:43] [FINE   ] Lavador colocou o prato #1756 no escorredor. 
[21:38:43] [FINE   ] Lavador pegou o prato #1757 (Sujeira: MEDIO) 
[21:38:43] [FINE   ] Lavador terminou de lavar o prato #1757 
[21:38:43] [FINE   ] Enxugador terminou de secar o prato #1746 em 7ms. 
[21:38:43] [FINE   ] Enxugador pegou o prato #1747 do escorredor. 
[21:38:43] [FINE   ] Escorredor CHEIO! Quantidade de pratos: 10 
[21:38:43] [FINE   ] Lavador colocou o prato #1757 no escorredor. 
[21:38:43] [FINE   ] Lavador pegou o prato #1758 (Sujeira: BAIXO) 
[21:38:43] [FINE   ] Lavador terminou de lavar o prato #1758 
[21:38:43] [FINE   ] Enxugador terminou de secar o prato #1747 em 6ms. 
[21:38:43] [FINE   ] Enxugador pegou o prato #1748 do escorredor. 
[21:38:43] [FINE   ] Escorredor CHEIO! Quantidade de pratos: 10 
[21:38:43] [FINE   ] Lavador colocou o prato #1758 no escorredor. 
[21:38:43] [FINE   ] Lavador pegou o prato #1759 (Sujeira: BAIXO) 
[21:38:43] [FINE   ] Lavador terminou de lavar o prato #1759 
[21:38:43] [FINE   ] Enxugador terminou de secar o prato #1748 em 9ms. 
[21:38:43] [FINE   ] Enxugador pegou o prato #1749 do escorredor. 
[21:38:43] [FINE   ] Escorredor CHEIO! Quantidade de pratos: 10 
[21:38:43] [FINE   ] Lavador colocou o prato #1759 no escorredor. 
[21:38:43] [FINE   ] Lavador pegou o prato #1760 (Sujeira: MEDIO) 
[21:38:43] [FINE   ] Enxugador terminou de secar o prato #1749 em 3ms. 
[21:38:43] [FINE   ] Enxugador pegou o prato #1750 do escorredor. 
[21:38:43] [FINE   ] Lavador terminou de lavar o prato #1760 
[21:38:43] [FINE   ] Escorredor CHEIO! Quantidade de pratos: 10 
[21:38:43] [FINE   ] Lavador colocou o prato #1760 no escorredor. 
[21:38:43] [FINE   ] Lavador pegou o prato #1761 (Sujeira: MEDIO) 
[21:38:43] [FINE   ] Enxugador terminou de secar o prato #1750 em 7ms. 
[21:38:43] [FINE   ] Enxugador pegou o prato #1751 do escorredor. 
[21:38:43] [FINE   ] Lavador terminou de lavar o prato #1761 
[21:38:43] [FINE   ] Escorredor CHEIO! Quantidade de pratos: 10 
[21:38:43] [FINE   ] Lavador colocou o prato #1761 no escorredor. 
[21:38:43] [FINE   ] Lavador pegou o prato #1762 (Sujeira: MEDIO) 
[21:38:43] [FINE   ] Lavador terminou de lavar o prato #1762 
[21:38:43] [FINE   ] Enxugador terminou de secar o prato #1751 em 10ms. 
[21:38:43] [FINE   ] Enxugador pegou o prato #1752 do escorredor. 
[21:38:43] [FINE   ] Escorredor CHEIO! Quantidade de pratos: 10 
[21:38:43] [FINE   ] Lavador colocou o prato #1762 no escorredor. 
[21:38:43] [FINE   ] Lavador pegou o prato #1763 (Sujeira: ENGORDURADO) 
[21:38:43] [FINE   ] Enxugador terminou de secar o prato #1752 em 8ms. 
[21:38:43] [FINE   ] Enxugador pegou o prato #1753 do escorredor. 
[21:38:43] [FINE   ] Lavador terminou de lavar o prato #1763 
[21:38:43] [FINE   ] Escorredor CHEIO! Quantidade de pratos: 10 
[21:38:43] [FINE   ] Lavador colocou o prato #1763 no escorredor. 
[21:38:43] [FINE   ] Lavador pegou o prato #1764 (Sujeira: BAIXO) 
[21:38:43] [FINE   ] Enxugador terminou de secar o prato #1753 em 3ms. 
[21:38:43] [FINE   ] Enxugador pegou o prato #1754 do escorredor. 
[21:38:43] [FINE   ] Lavador terminou de lavar o prato #1764 
[21:38:43] [FINE   ] Escorredor CHEIO! Quantidade de pratos: 10 
[21:38:43] [FINE   ] Lavador colocou o prato #1764 no escorredor. 
[21:38:43] [FINE   ] Lavador pegou o prato #1765 (Sujeira: MEDIO) 
[21:38:43] [FINE   ] Lavador terminou de lavar o prato #1765 
[21:38:43] [FINE   ] Enxugador terminou de secar o prato #1754 em 9ms. 
[21:38:43] [FINE   ] Enxugador pegou o prato #1755 do escorredor. 
[21:38:43] [FINE   ] Escorredor CHEIO! Quantidade de pratos: 10 
[21:38:43] [FINE   ] Lavador colocou o prato #1765 no escorredor. 
[21:38:43] [FINE   ] Lavador pegou o prato #1766 (Sujeira: MEDIO) 
[21:38:43] [FINE   ] Lavador terminou de lavar o prato #1766 
[21:38:43] [FINE   ] Enxugador terminou de secar o prato #1755 em 9ms. 
[21:38:43] [FINE   ] Enxugador pegou o prato #1756 do escorredor. 
[21:38:43] [FINE   ] Escorredor CHEIO! Quantidade de pratos: 10 
[21:38:43] [FINE   ] Lavador colocou o prato #1766 no escorredor. 
[21:38:43] [FINE   ] Lavador pegou o prato #1767 (Sujeira: MEDIO) 
[21:38:43] [FINE   ] Lavador terminou de lavar o prato #1767 
[21:38:43] [FINE   ] Enxugador terminou de secar o prato #1756 em 10ms. 
[21:38:43] [FINE   ] Enxugador pegou o prato #1757 do escorredor. 
[21:38:43] [FINE   ] Escorredor CHEIO! Quantidade de pratos: 10 
[21:38:43] [FINE   ] Lavador colocou o prato #1767 no escorredor. 
[21:38:43] [FINE   ] Lavador pegou o prato #1768 (Sujeira: MEDIO) 
[21:38:43] [FINE   ] Lavador terminou de lavar o prato #1768 
[21:38:43] [FINE   ] Enxugador terminou de secar o prato #1757 em 9ms. 
[21:38:43] [FINE   ] Enxugador pegou o prato #1758 do escorredor. 
[21:38:43] [FINE   ] Escorredor CHEIO! Quantidade de pratos: 10 
[21:38:43] [FINE   ] Lavador colocou o prato #1768 no escorredor. 
[21:38:43] [FINE   ] Lavador pegou o prato #1769 (Sujeira: BAIXO) 
[21:38:43] [FINE   ] Lavador terminou de lavar o prato #1769 
[21:38:43] [FINE   ] Enxugador terminou de secar o prato #1758 em 7ms. 
[21:38:43] [FINE   ] Enxugador pegou o prato #1759 do escorredor. 
[21:38:43] [FINE   ] Escorredor CHEIO! Quantidade de pratos: 10 
[21:38:43] [FINE   ] Lavador colocou o prato #1769 no escorredor. 
[21:38:43] [FINE   ] Lavador pegou o prato #1770 (Sujeira: BAIXO) 
[21:38:43] [FINE   ] Lavador terminou de lavar o prato #1770 
[21:38:43] [FINE   ] Enxugador terminou de secar o prato #1759 em 3ms. 
[21:38:43] [FINE   ] Enxugador pegou o prato #1760 do escorredor. 
[21:38:43] [FINE   ] Escorredor CHEIO! Quantidade de pratos: 10 
[21:38:43] [FINE   ] Lavador colocou o prato #1770 no escorredor. 
[21:38:43] [FINE   ] Lavador pegou o prato #1771 (Sujeira: MEDIO) 
[21:38:43] [FINE   ] Lavador terminou de lavar o prato #1771 
[21:38:43] [FINE   ] Enxugador terminou de secar o prato #1760 em 9ms. 
[21:38:43] [FINE   ] Enxugador pegou o prato #1761 do escorredor. 
[21:38:43] [FINE   ] Escorredor CHEIO! Quantidade de pratos: 10 
[21:38:43] [FINE   ] Lavador colocou o prato #1771 no escorredor. 
[21:38:43] [FINE   ] Lavador pegou o prato #1772 (Sujeira: MEDIO) 
[21:38:43] [FINE   ] Enxugador terminou de secar o prato #1761 em 4ms. 
[21:38:43] [FINE   ] Enxugador pegou o prato #1762 do escorredor. 
[21:38:43] [FINE   ] Lavador terminou de lavar o prato #1772 
[21:38:43] [FINE   ] Escorredor CHEIO! Quantidade de pratos: 10 
[21:38:43] [FINE   ] Lavador colocou o prato #1772 no escorredor. 
[21:38:43] [FINE   ] Lavador pegou o prato #1773 (Sujeira: BAIXO) 
[21:38:43] [FINE   ] Lavador terminou de lavar o prato #1773 
[21:38:43] [FINE   ] Enxugador terminou de secar o prato #1762 em 9ms. 
[21:38:43] [FINE   ] Enxugador pegou o prato #1763 do escorredor. 
[21:38:43] [FINE   ] Escorredor CHEIO! Quantidade de pratos: 10 
[21:38:43] [FINE   ] Lavador colocou o prato #1773 no escorredor. 
[21:38:43] [FINE   ] Lavador pegou o prato #1774 (Sujeira: MEDIO) 
[21:38:43] [FINE   ] Enxugador terminou de secar o prato #1763 em 3ms. 
[21:38:43] [FINE   ] Enxugador pegou o prato #1764 do escorredor. 
[21:38:43] [FINE   ] Lavador terminou de lavar o prato #1774 
[21:38:43] [FINE   ] Escorredor CHEIO! Quantidade de pratos: 10 
[21:38:43] [FINE   ] Lavador colocou o prato #1774 no escorredor. 
[21:38:43] [FINE   ] Lavador pegou o prato #1775 (Sujeira: MEDIO) 
[21:38:43] [FINE   ] Enxugador terminou de secar o prato #1764 em 4ms. 
[21:38:43] [FINE   ] Enxugador pegou o prato #1765 do escorredor. 
[21:38:43] [FINE   ] Lavador terminou de lavar o prato #1775 
[21:38:43] [FINE   ] Escorredor CHEIO! Quantidade de pratos: 10 
[21:38:43] [FINE   ] Lavador colocou o prato #1775 no escorredor. 
[21:38:43] [FINE   ] Lavador pegou o prato #1776 (Sujeira: BAIXO) 
[21:38:43] [FINE   ] Lavador terminou de lavar o prato #1776 
[21:38:43] [FINE   ] Enxugador terminou de secar o prato #1765 em 8ms. 
[21:38:43] [FINE   ] Enxugador pegou o prato #1766 do escorredor. 
[21:38:43] [FINE   ] Escorredor CHEIO! Quantidade de pratos: 10 
[21:38:43] [FINE   ] Lavador colocou o prato #1776 no escorredor. 
[21:38:43] [FINE   ] Lavador pegou o prato #1777 (Sujeira: MEDIO) 
[21:38:43] [FINE   ] Lavador terminou de lavar o prato #1777 
[21:38:43] [FINE   ] Enxugador terminou de secar o prato #1766 em 7ms. 
[21:38:43] [FINE   ] Enxugador pegou o prato #1767 do escorredor. 
[21:38:43] [FINE   ] Escorredor CHEIO! Quantidade de pratos: 10 
[21:38:43] [FINE   ] Lavador colocou o prato #1777 no escorredor. 
[21:38:43] [FINE   ] Lavador pegou o prato #1778 (Sujeira: MEDIO) 
[21:38:43] [FINE   ] Enxugador terminou de secar o prato #1767 em 3ms. 
[21:38:43] [FINE   ] Enxugador pegou o prato #1768 do escorredor. 
[21:38:43] [FINE   ] Lavador terminou de lavar o prato #1778 
[21:38:43] [FINE   ] Escorredor CHEIO! Quantidade de pratos: 10 
[21:38:43] [FINE   ] Lavador colocou o prato #1778 no escorredor. 
[21:38:43] [FINE   ] Lavador pegou o prato #1779 (Sujeira: BAIXO) 
[21:38:43] [FINE   ] Enxugador terminou de secar o prato #1768 em 3ms. 
[21:38:43] [FINE   ] Enxugador pegou o prato #1769 do escorredor. 
[21:38:43] [FINE   ] Lavador terminou de lavar o prato #1779 
[21:38:43] [FINE   ] Escorredor CHEIO! Quantidade de pratos: 10 
[21:38:43] [FINE   ] Lavador colocou o prato #1779 no escorredor. 
[21:38:43] [FINE   ] Lavador pegou o prato #1780 (Sujeira: MEDIO) 
[21:38:43] [FINE   ] Enxugador terminou de secar o prato #1769 em 6ms. 
[21:38:43] [FINE   ] Enxugador pegou o prato #1770 do escorredor. 
[21:38:43] [FINE   ] Lavador terminou de lavar o prato #1780 
[21:38:43] [FINE   ] Escorredor CHEIO! Quantidade de pratos: 10 
[21:38:43] [FINE   ] Lavador colocou o prato #1780 no escorredor. 
[21:38:43] [FINE   ] Lavador pegou o prato #1781 (Sujeira: MEDIO) 
[21:38:43] [FINE   ] Enxugador terminou de secar o prato #1770 em 6ms. 
[21:38:43] [FINE   ] Lavador terminou de lavar o prato #1781 
[21:38:43] [FINE   ] Enxugador pegou o prato #1771 do escorredor. 
[21:38:43] [FINE   ] Escorredor CHEIO! Quantidade de pratos: 10 
[21:38:43] [FINE   ] Lavador colocou o prato #1781 no escorredor. 
[21:38:43] [FINE   ] Lavador pegou o prato #1782 (Sujeira: MEDIO) 
[21:38:43] [FINE   ] Enxugador terminou de secar o prato #1771 em 4ms. 
[21:38:43] [FINE   ] Enxugador pegou o prato #1772 do escorredor. 
[21:38:43] [FINE   ] Lavador terminou de lavar o prato #1782 
[21:38:43] [FINE   ] Escorredor CHEIO! Quantidade de pratos: 10 
[21:38:43] [FINE   ] Lavador colocou o prato #1782 no escorredor. 
[21:38:43] [FINE   ] Lavador pegou o prato #1783 (Sujeira: BAIXO) 
[21:38:43] [FINE   ] Lavador terminou de lavar o prato #1783 
[21:38:43] [FINE   ] Enxugador terminou de secar o prato #1772 em 5ms. 
[21:38:43] [FINE   ] Enxugador pegou o prato #1773 do escorredor. 
[21:38:43] [FINE   ] Escorredor CHEIO! Quantidade de pratos: 10 
[21:38:43] [FINE   ] Lavador colocou o prato #1783 no escorredor. 
[21:38:43] [FINE   ] Lavador pegou o prato #1784 (Sujeira: ENGORDURADO) 
[21:38:43] [FINE   ] Enxugador terminou de secar o prato #1773 em 8ms. 
[21:38:43] [FINE   ] Enxugador pegou o prato #1774 do escorredor. 
[21:38:43] [FINE   ] Lavador terminou de lavar o prato #1784 
[21:38:43] [FINE   ] Escorredor CHEIO! Quantidade de pratos: 10 
[21:38:43] [FINE   ] Lavador colocou o prato #1784 no escorredor. 
[21:38:43] [FINE   ] Lavador pegou o prato #1785 (Sujeira: MEDIO) 
[21:38:43] [FINE   ] Lavador terminou de lavar o prato #1785 
[21:38:43] [FINE   ] Enxugador terminou de secar o prato #1774 em 10ms. 
[21:38:43] [FINE   ] Enxugador pegou o prato #1775 do escorredor. 
[21:38:43] [FINE   ] Escorredor CHEIO! Quantidade de pratos: 10 
[21:38:43] [FINE   ] Lavador colocou o prato #1785 no escorredor. 
[21:38:43] [FINE   ] Lavador pegou o prato #1786 (Sujeira: MEDIO) 
[21:38:43] [FINE   ] Enxugador terminou de secar o prato #1775 em 7ms. 
[21:38:43] [FINE   ] Lavador terminou de lavar o prato #1786 
[21:38:43] [FINE   ] Enxugador pegou o prato #1776 do escorredor. 
[21:38:43] [FINE   ] Escorredor CHEIO! Quantidade de pratos: 10 
[21:38:43] [FINE   ] Lavador colocou o prato #1786 no escorredor. 
[21:38:43] [FINE   ] Lavador pegou o prato #1787 (Sujeira: BAIXO) 
[21:38:43] [FINE   ] Enxugador terminou de secar o prato #1776 em 4ms. 
[21:38:43] [FINE   ] Lavador terminou de lavar o prato #1787 
[21:38:43] [FINE   ] Enxugador pegou o prato #1777 do escorredor. 
[21:38:43] [FINE   ] Escorredor CHEIO! Quantidade de pratos: 10 
[21:38:43] [FINE   ] Lavador colocou o prato #1787 no escorredor. 
[21:38:43] [FINE   ] Lavador pegou o prato #1788 (Sujeira: MEDIO) 
